============================================================
SØWL BOOKMARK LIVE MONITOR
============================================================
Polling every 300 seconds (5 minutes)
Stream: /Users/aaronnosbisch/REPOS/seed/BRAIN/INTEL/bookmark_stream.jsonl
State: /Users/aaronnosbisch/REPOS/seed/BRAIN/INTEL/bookmark_monitor_state.json
============================================================

[2026-01-31T14:11:28.548991] Checking for new bookmarks...
ERROR: (token_expired) 

Next check in 300 seconds...
[2026-01-31T14:16:28.554113] Checking for new bookmarks...
ERROR: (token_expired) 

Next check in 300 seconds...
[2026-01-31T14:21:28.559350] Checking for new bookmarks...
ERROR: (token_expired) 

Next check in 300 seconds...
[2026-01-31T14:26:28.564767] Checking for new bookmarks...
ERROR: (token_expired) 

Next check in 300 seconds...
[2026-01-31T14:31:28.566082] Checking for new bookmarks...
ERROR: (token_expired) 

Next check in 300 seconds...
[2026-01-31T14:36:28.571779] Checking for new bookmarks...
ERROR: (token_expired) 

Next check in 300 seconds...
[2026-01-31T14:41:28.575896] Checking for new bookmarks...
ERROR: (token_expired) 

Next check in 300 seconds...
[2026-01-31T14:46:28.581365] Checking for new bookmarks...
ERROR: (token_expired) 

Next check in 300 seconds...
[2026-01-31T14:51:28.582726] Checking for new bookmarks...
ERROR: (token_expired) 

Next check in 300 seconds...
[2026-01-31T14:56:28.588340] Checking for new bookmarks...
ERROR: (token_expired) 

Next check in 300 seconds...
[2026-01-31T15:01:39.793757] Checking for new bookmarks...
ERROR: (token_expired) 

Next check in 300 seconds...
[2026-01-31T15:09:00.897758] Checking for new bookmarks...
ERROR: (token_expired) 

Next check in 300 seconds...
[2026-01-31T15:16:20.700344] Checking for new bookmarks...
ERROR: (token_expired) 

Next check in 300 seconds...
[2026-01-31T15:21:20.704234] Checking for new bookmarks...
ERROR: (token_expired) 

Next check in 300 seconds...
[2026-01-31T15:26:20.708734] Checking for new bookmarks...
ERROR: (token_expired) 

Next check in 300 seconds...
[2026-01-31T15:31:20.718296] Checking for new bookmarks...
ERROR: (token_expired) 

Next check in 300 seconds...
[2026-01-31T15:36:20.728956] Checking for new bookmarks...
ERROR: (token_expired) 

Next check in 300 seconds...
[2026-01-31T15:41:20.739134] Checking for new bookmarks...
ERROR: (token_expired) 

Next check in 300 seconds...
[2026-01-31T15:46:20.749393] Checking for new bookmarks...
ERROR: (token_expired) 

Next check in 300 seconds...
[2026-01-31T15:51:20.759552] Checking for new bookmarks...
ERROR: (token_expired) 

Next check in 300 seconds...
[2026-01-31T15:56:20.770125] Checking for new bookmarks...
ERROR: (token_expired) 

Next check in 300 seconds...
[2026-01-31T16:01:20.778127] Checking for new bookmarks...
ERROR: (token_expired) 

Next check in 300 seconds...
[2026-01-31T16:06:20.784985] Checking for new bookmarks...
ERROR: (token_expired) 

Next check in 300 seconds...
[2026-01-31T16:11:20.795542] Checking for new bookmarks...
ERROR: (token_expired) 

Next check in 300 seconds...
[2026-01-31T16:16:20.806111] Checking for new bookmarks...
ERROR: (token_expired) 

Next check in 300 seconds...
[2026-01-31T16:21:20.809154] Checking for new bookmarks...
ERROR: (token_expired) 

Next check in 300 seconds...
[2026-01-31T16:26:20.819751] Checking for new bookmarks...
ERROR: (token_expired) 

Next check in 300 seconds...
[2026-01-31T16:31:20.825800] Checking for new bookmarks...
ERROR: (token_expired) 

Next check in 300 seconds...
[2026-01-31T16:36:20.836336] Checking for new bookmarks...
ERROR: (token_expired) 

Next check in 300 seconds...
[2026-01-31T16:41:20.846928] Checking for new bookmarks...
ERROR: (token_expired) 

Next check in 300 seconds...
[2026-01-31T16:46:20.857465] Checking for new bookmarks...
ERROR: (token_expired) 

Next check in 300 seconds...
[2026-01-31T16:51:20.862194] Checking for new bookmarks...
ERROR: (token_expired) 

Next check in 300 seconds...
[2026-01-31T16:56:20.872789] Checking for new bookmarks...
ERROR: (token_expired) 

Next check in 300 seconds...
[2026-01-31T17:01:20.873755] Checking for new bookmarks...
ERROR: (token_expired) 

Next check in 300 seconds...
[2026-01-31T17:06:20.879076] Checking for new bookmarks...
ERROR: (token_expired) 

Next check in 300 seconds...
[2026-01-31T17:11:20.889250] Checking for new bookmarks...
ERROR: (token_expired) 

Next check in 300 seconds...
[2026-01-31T17:16:20.893403] Checking for new bookmarks...
ERROR: (token_expired) 

Next check in 300 seconds...
[2026-01-31T17:21:20.904005] Checking for new bookmarks...
ERROR: (token_expired) 

Next check in 300 seconds...
[2026-01-31T17:26:20.912141] Checking for new bookmarks...
ERROR: (token_expired) 

Next check in 300 seconds...
[2026-01-31T17:31:20.920699] Checking for new bookmarks...
ERROR: (token_expired) 

Next check in 300 seconds...
[2026-01-31T17:36:20.931373] Checking for new bookmarks...
ERROR: (token_expired) 

Next check in 300 seconds...
[2026-01-31T17:41:20.936492] Checking for new bookmarks...
ERROR: (token_expired) 

Next check in 300 seconds...
[2026-01-31T17:46:20.947048] Checking for new bookmarks...
ERROR: (token_expired) 

Next check in 300 seconds...
[2026-01-31T17:51:20.957608] Checking for new bookmarks...
ERROR: (token_expired) 

Next check in 300 seconds...
[2026-01-31T17:56:20.966429] Checking for new bookmarks...
ERROR: (token_expired) 

Next check in 300 seconds...
[2026-01-31T18:01:20.976886] Checking for new bookmarks...
ERROR: (token_expired) 

Next check in 300 seconds...
[2026-01-31T18:06:20.979344] Checking for new bookmarks...
ERROR: (token_expired) 

Next check in 300 seconds...
[2026-01-31T18:11:20.989912] Checking for new bookmarks...
ERROR: (token_expired) 

Next check in 300 seconds...
[2026-01-31T18:16:20.994663] Checking for new bookmarks...
ERROR: (token_expired) 

Next check in 300 seconds...
[2026-01-31T18:21:21.005238] Checking for new bookmarks...
ERROR: (token_expired) 

Next check in 300 seconds...
[2026-01-31T18:26:21.015511] Checking for new bookmarks...
ERROR: (token_expired) 

Next check in 300 seconds...
[2026-01-31T18:31:21.025792] Checking for new bookmarks...
ERROR: (token_expired) 

Next check in 300 seconds...
[2026-01-31T18:37:51.878541] Checking for new bookmarks...
ERROR: (token_expired) 

Next check in 300 seconds...
[2026-01-31T18:42:51.880673] Checking for new bookmarks...
ERROR: (token_expired) 

Next check in 300 seconds...
[2026-01-31T18:47:51.890272] Checking for new bookmarks...
ERROR: (token_expired) 

Next check in 300 seconds...
[2026-01-31T18:52:51.892090] Checking for new bookmarks...
ERROR: (token_expired) 

Next check in 300 seconds...
[2026-01-31T18:57:51.893658] Checking for new bookmarks...
ERROR: (token_expired) 

Next check in 300 seconds...
[2026-01-31T19:02:51.900329] Checking for new bookmarks...
ERROR: (token_expired) 

Next check in 300 seconds...
[2026-01-31T19:07:51.910920] Checking for new bookmarks...
ERROR: (token_expired) 

Next check in 300 seconds...
[2026-01-31T19:12:51.921114] Checking for new bookmarks...
ERROR: (token_expired) 

Next check in 300 seconds...
[2026-01-31T19:17:51.931480] Checking for new bookmarks...
ERROR: (token_expired) 

Next check in 300 seconds...
[2026-01-31T19:22:51.939351] Checking for new bookmarks...
ERROR: (token_expired) 

Next check in 300 seconds...
[2026-01-31T19:27:51.943573] Checking for new bookmarks...
ERROR: (token_expired) 

Next check in 300 seconds...
[2026-01-31T19:32:51.953766] Checking for new bookmarks...
ERROR: (token_expired) 

Next check in 300 seconds...
[2026-01-31T19:37:51.964357] Checking for new bookmarks...
ERROR: (token_expired) 

Next check in 300 seconds...
[2026-01-31T19:42:51.974946] Checking for new bookmarks...
ERROR: (token_expired) 

Next check in 300 seconds...
[2026-01-31T19:47:51.985531] Checking for new bookmarks...
ERROR: (token_expired) 

Next check in 300 seconds...
[2026-01-31T19:52:51.990274] Checking for new bookmarks...
ERROR: (token_expired) 

Next check in 300 seconds...
[2026-01-31T19:57:51.993882] Checking for new bookmarks...
ERROR: (token_expired) 

Next check in 300 seconds...
[2026-01-31T20:02:52.004558] Checking for new bookmarks...
ERROR: (token_expired) 

Next check in 300 seconds...
[2026-01-31T20:07:52.015153] Checking for new bookmarks...
ERROR: (token_expired) 

Next check in 300 seconds...
[2026-01-31T20:12:52.019341] Checking for new bookmarks...
ERROR: (token_expired) 

Next check in 300 seconds...
[2026-01-31T20:17:52.029803] Checking for new bookmarks...
ERROR: (token_expired) 

Next check in 300 seconds...
[2026-01-31T20:22:52.039984] Checking for new bookmarks...
ERROR: (token_expired) 

Next check in 300 seconds...
[2026-01-31T20:27:52.043510] Checking for new bookmarks...
ERROR: (token_expired) 

Next check in 300 seconds...
[2026-01-31T20:32:52.045166] Checking for new bookmarks...
ERROR: (token_expired) 

Next check in 300 seconds...
[2026-01-31T20:37:52.054635] Checking for new bookmarks...
ERROR: (token_expired) 

Next check in 300 seconds...
[2026-01-31T20:42:52.064881] Checking for new bookmarks...
ERROR: (token_expired) 

Next check in 300 seconds...
[2026-01-31T20:47:52.072891] Checking for new bookmarks...
ERROR: (token_expired) 

Next check in 300 seconds...
[2026-01-31T20:52:52.083418] Checking for new bookmarks...
ERROR: (token_expired) 

Next check in 300 seconds...
[2026-01-31T20:57:52.084766] Checking for new bookmarks...
ERROR: (token_expired) 

Next check in 300 seconds...
[2026-01-31T21:02:52.092776] Checking for new bookmarks...
ERROR: (token_expired) 

Next check in 300 seconds...
[2026-01-31T21:07:52.102690] Checking for new bookmarks...
ERROR: (token_expired) 

Next check in 300 seconds...
[2026-01-31T21:12:52.108405] Checking for new bookmarks...
ERROR: (token_expired) 

Next check in 300 seconds...
[2026-01-31T21:17:52.113541] Checking for new bookmarks...
ERROR: (token_expired) 

Next check in 300 seconds...
[2026-01-31T21:22:52.118770] Checking for new bookmarks...
ERROR: (token_expired) 

Next check in 300 seconds...
[2026-01-31T21:27:52.124015] Checking for new bookmarks...
ERROR: (token_expired) 

Next check in 300 seconds...
[2026-01-31T21:32:52.129239] Checking for new bookmarks...
ERROR: (token_expired) 

Next check in 300 seconds...
[2026-01-31T21:37:52.134636] Checking for new bookmarks...
ERROR: (token_expired) 

Next check in 300 seconds...
[2026-01-31T21:43:19.640126] Checking for new bookmarks...
ERROR: (token_expired) 

Next check in 300 seconds...
[2026-01-31T21:49:31.198788] Checking for new bookmarks...
ERROR: (token_expired) 

Next check in 300 seconds...
[2026-01-31T21:56:49.502203] Checking for new bookmarks...
ERROR: (token_expired) 

Next check in 300 seconds...
[2026-01-31T22:02:36.006241] Checking for new bookmarks...
ERROR: (token_expired) 

Next check in 300 seconds...
[2026-01-31T22:07:36.016368] Checking for new bookmarks...
ERROR: (token_expired) 

Next check in 300 seconds...
[2026-01-31T22:12:36.026486] Checking for new bookmarks...
ERROR: (token_expired) 

Next check in 300 seconds...
[2026-01-31T22:17:47.169088] Checking for new bookmarks...
ERROR: (token_expired) 

Next check in 300 seconds...
[2026-01-31T22:22:47.174289] Checking for new bookmarks...
ERROR: (token_expired) 

Next check in 300 seconds...
[2026-01-31T22:27:47.179756] Checking for new bookmarks...
ERROR: (token_expired) 

Next check in 300 seconds...
[2026-01-31T22:32:47.184884] Checking for new bookmarks...
ERROR: (token_expired) 

Next check in 300 seconds...
[2026-01-31T22:38:54.217102] Checking for new bookmarks...
ERROR: (token_expired) 

Next check in 300 seconds...
[2026-01-31T22:46:14.053139] Checking for new bookmarks...
ERROR: (token_expired) 

Next check in 300 seconds...
[2026-01-31T22:53:34.520198] Checking for new bookmarks...
ERROR: (token_expired) 

Next check in 300 seconds...
[2026-01-31T23:03:47.047544] Checking for new bookmarks...
ERROR: (token_expired) 

Next check in 300 seconds...
[2026-01-31T23:13:46.641367] Checking for new bookmarks...
ERROR: (token_expired) 

Next check in 300 seconds...
[2026-01-31T23:22:49.689681] Checking for new bookmarks...
ERROR: (token_expired) 

Next check in 300 seconds...
[2026-01-31T23:34:13.063107] Checking for new bookmarks...
ERROR: (token_expired) 

Next check in 300 seconds...
[2026-01-31T23:44:55.922504] Checking for new bookmarks...
ERROR: (token_expired) 

Next check in 300 seconds...
[2026-01-31T23:55:08.923231] Checking for new bookmarks...
ERROR: (token_expired) 

Next check in 300 seconds...
[2026-02-01T00:05:46.157311] Checking for new bookmarks...
ERROR: (token_expired) 

Next check in 300 seconds...
[2026-02-01T00:15:08.639369] Checking for new bookmarks...
ERROR: (token_expired) 

Next check in 300 seconds...
[2026-02-01T00:20:08.644505] Checking for new bookmarks...
ERROR: (token_expired) 

Next check in 300 seconds...
[2026-02-01T00:25:08.654636] Checking for new bookmarks...
ERROR: (token_expired) 

Next check in 300 seconds...
[2026-02-01T00:31:46.998714] Checking for new bookmarks...
ERROR: (token_expired) 

Next check in 300 seconds...
[2026-02-01T00:39:44.783877] Checking for new bookmarks...
ERROR: (token_expired) 

Next check in 300 seconds...
[2026-02-01T00:50:38.603264] Checking for new bookmarks...
ERROR: (token_expired) 

Next check in 300 seconds...
[2026-02-01T00:58:50.805635] Checking for new bookmarks...
ERROR: (token_expired) 

Next check in 300 seconds...
[2026-02-01T01:09:08.120069] Checking for new bookmarks...
ERROR: (token_expired) 

Next check in 300 seconds...
[2026-02-01T01:17:30.388991] Checking for new bookmarks...
ERROR: (token_expired) 

Next check in 300 seconds...
[2026-02-01T01:28:34.900539] Checking for new bookmarks...
ERROR: (token_expired) 

Next check in 300 seconds...
[2026-02-01T01:39:08.786166] Checking for new bookmarks...
ERROR: (token_expired) 

Next check in 300 seconds...
[2026-02-01T01:49:55.039434] Checking for new bookmarks...
ERROR: (token_expired) 

Next check in 300 seconds...
[2026-02-01T02:00:43.370018] Checking for new bookmarks...
ERROR: (token_expired) 

Next check in 300 seconds...
[2026-02-01T02:08:30.967778] Checking for new bookmarks...
ERROR: (token_expired) 

Next check in 300 seconds...
[2026-02-01T02:17:41.166154] Checking for new bookmarks...
ERROR: (token_expired) 

Next check in 300 seconds...
[2026-02-01T02:28:03.397565] Checking for new bookmarks...
ERROR: (token_expired) 

Next check in 300 seconds...
[2026-02-01T02:45:06.510491] Checking for new bookmarks...
ERROR: (token_expired) 

Next check in 300 seconds...
[2026-02-01T02:53:49.054296] Checking for new bookmarks...
ERROR: (token_expired) 

Next check in 300 seconds...
[2026-02-01T03:03:54.066365] Checking for new bookmarks...
ERROR: (token_expired) 

Next check in 300 seconds...
[2026-02-01T03:14:05.566638] Checking for new bookmarks...
ERROR: (token_expired) 

Next check in 300 seconds...
[2026-02-01T03:24:45.513280] Checking for new bookmarks...
ERROR: (token_expired) 

Next check in 300 seconds...
[2026-02-01T03:34:48.951719] Checking for new bookmarks...
ERROR: (token_expired) 

Next check in 300 seconds...
[2026-02-01T03:44:21.924532] Checking for new bookmarks...
ERROR: (token_expired) 

Next check in 300 seconds...
[2026-02-01T03:55:42.390380] Checking for new bookmarks...
ERROR: (token_expired) 

Next check in 300 seconds...
[2026-02-01T04:05:22.926772] Checking for new bookmarks...
ERROR: (token_expired) 

Next check in 300 seconds...
[2026-02-01T04:15:08.392447] Checking for new bookmarks...
ERROR: (token_expired) 

Next check in 300 seconds...
[2026-02-01T04:25:49.703734] Checking for new bookmarks...
ERROR: (token_expired) 

Next check in 300 seconds...
[2026-02-01T04:35:40.166388] Checking for new bookmarks...
ERROR: (token_expired) 

Next check in 300 seconds...
[2026-02-01T04:43:26.475014] Checking for new bookmarks...
ERROR: (token_expired) 

Next check in 300 seconds...
[2026-02-01T04:53:53.077036] Checking for new bookmarks...
ERROR: (token_expired) 

Next check in 300 seconds...
[2026-02-01T05:02:20.382710] Checking for new bookmarks...
ERROR: (token_expired) 

Next check in 300 seconds...
[2026-02-01T05:07:20.387841] Checking for new bookmarks...
ERROR: (token_expired) 

Next check in 300 seconds...
[2026-02-01T05:12:20.392974] Checking for new bookmarks...
ERROR: (token_expired) 

Next check in 300 seconds...
[2026-02-01T05:17:29.248252] Checking for new bookmarks...
ERROR: (token_expired) 

Next check in 300 seconds...
[2026-02-01T05:24:46.132031] Checking for new bookmarks...
ERROR: (token_expired) 

Next check in 300 seconds...
[2026-02-01T05:32:13.120284] Checking for new bookmarks...
ERROR: (token_expired) 

Next check in 300 seconds...
[2026-02-01T05:41:31.789602] Checking for new bookmarks...
ERROR: (token_expired) 

Next check in 300 seconds...
[2026-02-01T05:52:04.914740] Checking for new bookmarks...
ERROR: (token_expired) 

Next check in 300 seconds...
[2026-02-01T06:01:55.661583] Checking for new bookmarks...
ERROR: (token_expired) 

Next check in 300 seconds...
[2026-02-01T06:08:30.019091] Checking for new bookmarks...
ERROR: (token_expired) 

Next check in 300 seconds...
[2026-02-01T06:19:19.697145] Checking for new bookmarks...
ERROR: (token_expired) 

Next check in 300 seconds...
[2026-02-01T06:28:08.667459] Checking for new bookmarks...
ERROR: (token_expired) 

Next check in 300 seconds...
[2026-02-01T06:34:20.990986] Checking for new bookmarks...
ERROR: (token_expired) 

Next check in 300 seconds...
[2026-02-01T06:39:20.996104] Checking for new bookmarks...
ERROR: (token_expired) 

Next check in 300 seconds...
[2026-02-01T06:44:21.001233] Checking for new bookmarks...
ERROR: (token_expired) 

Next check in 300 seconds...
[2026-02-01T06:49:21.006359] Checking for new bookmarks...
ERROR: (token_expired) 

Next check in 300 seconds...
[2026-02-01T06:54:21.760438] Checking for new bookmarks...
ERROR: (token_expired) 

Next check in 300 seconds...
[2026-02-01T07:01:42.369621] Checking for new bookmarks...
ERROR: (token_expired) 

Next check in 300 seconds...
[2026-02-01T07:09:03.107183] Checking for new bookmarks...
ERROR: (token_expired) 

Next check in 300 seconds...
[2026-02-01T07:18:18.481529] Checking for new bookmarks...
ERROR: (token_expired) 

Next check in 300 seconds...
[2026-02-01T07:28:06.065369] Checking for new bookmarks...
ERROR: (token_expired) 

Next check in 300 seconds...
[2026-02-01T07:37:35.793832] Checking for new bookmarks...
ERROR: (token_expired) 

Next check in 300 seconds...
[2026-02-01T07:48:31.879623] Checking for new bookmarks...
ERROR: (token_expired) 

Next check in 300 seconds...
[2026-02-01T07:59:45.356539] Checking for new bookmarks...
ERROR: (token_expired) 

Next check in 300 seconds...
[2026-02-01T08:11:39.361804] Checking for new bookmarks...
ERROR: (token_expired) 

Next check in 300 seconds...
[2026-02-01T08:24:39.221807] Checking for new bookmarks...
ERROR: (token_expired) 

Next check in 300 seconds...
[2026-02-01T08:33:45.426010] Checking for new bookmarks...
ERROR: (token_expired) 

Next check in 300 seconds...
[2026-02-01T08:38:45.431144] Checking for new bookmarks...
ERROR: (token_expired) 

Next check in 300 seconds...
[2026-02-01T08:43:45.436276] Checking for new bookmarks...
ERROR: (token_expired) 

Next check in 300 seconds...
[2026-02-01T08:48:45.441400] Checking for new bookmarks...
ERROR: (token_expired) 

Next check in 300 seconds...
[2026-02-01T08:53:45.446521] Checking for new bookmarks...
ERROR: (token_expired) 

Next check in 300 seconds...
[2026-02-01T08:58:45.451642] Checking for new bookmarks...
ERROR: (token_expired) 

Next check in 300 seconds...
[2026-02-01T09:03:45.456776] Checking for new bookmarks...
ERROR: (token_expired) 

Next check in 300 seconds...
[2026-02-01T09:08:45.466890] Checking for new bookmarks...
ERROR: (token_expired) 

Next check in 300 seconds...
[2026-02-01T09:13:45.472014] Checking for new bookmarks...
ERROR: (token_expired) 

Next check in 300 seconds...
[2026-02-01T09:18:45.477139] Checking for new bookmarks...
ERROR: (token_expired) 

Next check in 300 seconds...
[2026-02-01T09:23:45.482264] Checking for new bookmarks...
ERROR: (token_expired) 

Next check in 300 seconds...
[2026-02-01T09:28:45.492380] Checking for new bookmarks...
ERROR: (token_expired) 

Next check in 300 seconds...
[2026-02-01T09:33:45.502504] Checking for new bookmarks...
ERROR: (token_expired) 

Next check in 300 seconds...
[2026-02-01T09:38:45.512632] Checking for new bookmarks...
ERROR: (token_expired) 

Next check in 300 seconds...
[2026-02-01T09:43:45.522758] Checking for new bookmarks...
ERROR: (token_expired) 

Next check in 300 seconds...
[2026-02-01T09:48:45.532882] Checking for new bookmarks...
ERROR: (token_expired) 

Next check in 300 seconds...
[2026-02-01T09:53:45.543004] Checking for new bookmarks...
ERROR: (token_expired) 

Next check in 300 seconds...
[2026-02-01T09:58:45.553126] Checking for new bookmarks...
ERROR: (token_expired) 

Next check in 300 seconds...
[2026-02-01T10:03:45.563247] Checking for new bookmarks...
ERROR: (token_expired) 

Next check in 300 seconds...
[2026-02-01T10:11:03.460158] Checking for new bookmarks...
ERROR: (token_expired) 

Next check in 300 seconds...
[2026-02-01T10:25:48.547940] Checking for new bookmarks...
ERROR: (token_expired) 

Next check in 300 seconds...
[2026-02-01T10:41:16.206393] Checking for new bookmarks...
ERROR: (token_expired) 

Next check in 300 seconds...
[2026-02-01T10:52:05.168233] Checking for new bookmarks...
ERROR: (token_expired) 

Next check in 300 seconds...
[2026-02-01T10:57:05.173359] Checking for new bookmarks...
ERROR: (token_expired) 

Next check in 300 seconds...
[2026-02-01T11:02:05.178514] Checking for new bookmarks...
ERROR: (token_expired) 

Next check in 300 seconds...
[2026-02-01T11:07:05.188649] Checking for new bookmarks...
ERROR: (token_expired) 

Next check in 300 seconds...
[2026-02-01T11:13:11.016490] Checking for new bookmarks...
ERROR: (token_expired) 

Next check in 300 seconds...
[2026-02-01T11:28:36.051867] Checking for new bookmarks...
ERROR: (token_expired) 

Next check in 300 seconds...
[2026-02-01T11:40:20.944283] Checking for new bookmarks...
ERROR: (token_expired) 

Next check in 300 seconds...
[2026-02-01T11:45:20.949440] Checking for new bookmarks...
ERROR: (token_expired) 

Next check in 300 seconds...
[2026-02-01T11:50:20.954578] Checking for new bookmarks...
ERROR: (token_expired) 

Next check in 300 seconds...
[2026-02-01T12:05:55.604738] Checking for new bookmarks...
ERROR: (token_expired) 

Next check in 300 seconds...
[2026-02-01T12:18:31.364509] Checking for new bookmarks...
ERROR: (token_expired) 

Next check in 300 seconds...
[2026-02-01T12:23:31.369635] Checking for new bookmarks...
ERROR: (token_expired) 

Next check in 300 seconds...
[2026-02-01T12:28:31.374769] Checking for new bookmarks...
ERROR: (token_expired) 

Next check in 300 seconds...
[2026-02-01T12:33:31.384887] Checking for new bookmarks...
ERROR: (token_expired) 

Next check in 300 seconds...
[2026-02-01T12:38:31.395026] Checking for new bookmarks...
ERROR: (token_expired) 

Next check in 300 seconds...
[2026-02-01T12:43:31.405164] Checking for new bookmarks...
ERROR: (token_expired) 

Next check in 300 seconds...
[2026-02-01T12:52:19.326020] Checking for new bookmarks...
ERROR: (token_expired) 

Next check in 300 seconds...
[2026-02-01T13:04:28.499790] Checking for new bookmarks...
ERROR: (token_expired) 

Next check in 300 seconds...
[2026-02-01T13:15:37.168665] Checking for new bookmarks...
ERROR: (token_expired) 

Next check in 300 seconds...
[2026-02-01T13:29:48.031060] Checking for new bookmarks...
ERROR: (token_expired) 

Next check in 300 seconds...
[2026-02-01T13:52:58.535180] Checking for new bookmarks...
ERROR: (token_expired) 

Next check in 300 seconds...
[2026-02-01T14:00:44.503229] Checking for new bookmarks...
ERROR: (token_expired) 

Next check in 300 seconds...
[2026-02-01T14:13:02.471156] Checking for new bookmarks...
ERROR: (token_expired) 

Next check in 300 seconds...
[2026-02-01T14:23:44.480998] Checking for new bookmarks...
ERROR: (token_expired) 

Next check in 300 seconds...
[2026-02-01T14:35:44.604555] Checking for new bookmarks...
ERROR: (token_expired) 

Next check in 300 seconds...
[2026-02-01T14:44:47.942829] Checking for new bookmarks...
ERROR: (token_expired) 

Next check in 300 seconds...
[2026-02-01T14:52:34.646285] Checking for new bookmarks...
ERROR: (token_expired) 

Next check in 300 seconds...
[2026-02-01T15:00:43.591462] Checking for new bookmarks...
ERROR: (token_expired) 

Next check in 300 seconds...
[2026-02-01T15:12:43.819386] Checking for new bookmarks...
ERROR: (token_expired) 

Next check in 300 seconds...
[2026-02-01T15:24:12.989095] Checking for new bookmarks...
ERROR: (token_expired) 

Next check in 300 seconds...
[2026-02-01T15:33:51.334259] Checking for new bookmarks...
ERROR: (token_expired) 

Next check in 300 seconds...
[2026-02-01T15:45:38.319271] Checking for new bookmarks...
ERROR: (token_expired) 

Next check in 300 seconds...
[2026-02-01T15:55:41.894150] Checking for new bookmarks...
ERROR: (token_expired) 

Next check in 300 seconds...
[2026-02-01T16:07:05.774748] Checking for new bookmarks...
ERROR: (token_expired) 

Next check in 300 seconds...
[2026-02-01T16:17:36.008640] Checking for new bookmarks...
ERROR: (token_expired) 

Next check in 300 seconds...
[2026-02-01T16:29:11.108537] Checking for new bookmarks...
ERROR: (token_expired) 

Next check in 300 seconds...
[2026-02-01T16:40:02.576847] Checking for new bookmarks...
ERROR: (token_expired) 

Next check in 300 seconds...
[2026-02-01T16:51:02.378091] Checking for new bookmarks...
ERROR: (token_expired) 

Next check in 300 seconds...
[2026-02-01T17:00:42.608069] Checking for new bookmarks...
ERROR: (token_expired) 

Next check in 300 seconds...
[2026-02-01T17:12:06.379613] Checking for new bookmarks...
ERROR: (token_expired) 

Next check in 300 seconds...
[2026-02-01T17:21:47.528466] Checking for new bookmarks...
ERROR: (token_expired) 

Next check in 300 seconds...
[2026-02-01T17:30:37.703679] Checking for new bookmarks...
ERROR: (token_expired) 

Next check in 300 seconds...
[2026-02-01T17:37:38.622144] Checking for new bookmarks...
ERROR: (token_expired) 

Next check in 300 seconds...
[2026-02-01T17:47:43.610486] Checking for new bookmarks...
ERROR: (token_expired) 

Next check in 300 seconds...
[2026-02-01T17:57:06.222244] Checking for new bookmarks...
ERROR: (token_expired) 

Next check in 300 seconds...
[2026-02-01T18:05:20.144439] Checking for new bookmarks...
ERROR: (token_expired) 

Next check in 300 seconds...
[2026-02-01T18:14:43.064493] Checking for new bookmarks...
ERROR: (token_expired) 

Next check in 300 seconds...
[2026-02-01T18:23:41.330488] Checking for new bookmarks...
ERROR: (token_expired) 

Next check in 300 seconds...
[2026-02-01T18:34:37.075051] Checking for new bookmarks...
ERROR: (token_expired) 

Next check in 300 seconds...
[2026-02-01T18:44:58.518727] Checking for new bookmarks...
ERROR: (token_expired) 

Next check in 300 seconds...
[2026-02-01T18:54:34.539538] Checking for new bookmarks...
ERROR: (token_expired) 

Next check in 300 seconds...
[2026-02-01T19:05:30.601795] Checking for new bookmarks...
ERROR: (token_expired) 

Next check in 300 seconds...
[2026-02-01T19:16:24.407668] Checking for new bookmarks...
ERROR: (token_expired) 

Next check in 300 seconds...
[2026-02-01T19:24:41.724741] Checking for new bookmarks...
ERROR: (token_expired) 

Next check in 300 seconds...
[2026-02-01T19:33:20.708632] Checking for new bookmarks...
ERROR: (token_expired) 

Next check in 300 seconds...
[2026-02-01T19:42:30.915256] Checking for new bookmarks...
ERROR: (token_expired) 

Next check in 300 seconds...
[2026-02-01T19:50:19.076351] Checking for new bookmarks...
ERROR: (token_expired) 

Next check in 300 seconds...
[2026-02-01T20:00:39.236824] Checking for new bookmarks...
ERROR: (token_expired) 

Next check in 300 seconds...
[2026-02-01T20:09:37.262719] Checking for new bookmarks...
ERROR: (token_expired) 

Next check in 300 seconds...
[2026-02-01T20:16:20.268336] Checking for new bookmarks...
ERROR: (token_expired) 

Next check in 300 seconds...
[2026-02-01T20:24:33.488053] Checking for new bookmarks...
ERROR: (token_expired) 

Next check in 300 seconds...
[2026-02-01T20:29:33.493192] Checking for new bookmarks...
ERROR: (token_expired) 

Next check in 300 seconds...
[2026-02-01T20:34:33.503332] Checking for new bookmarks...
ERROR: (token_expired) 

Next check in 300 seconds...
[2026-02-01T20:40:15.860675] Checking for new bookmarks...
ERROR: (token_expired) 

Next check in 300 seconds...
[2026-02-01T20:45:15.865817] Checking for new bookmarks...
ERROR: (token_expired) 

Next check in 300 seconds...
[2026-02-01T20:50:15.870943] Checking for new bookmarks...
ERROR: (token_expired) 

Next check in 300 seconds...
[2026-02-01T20:55:15.876073] Checking for new bookmarks...
ERROR: (token_expired) 

Next check in 300 seconds...
[2026-02-01T21:00:15.881240] Checking for new bookmarks...
ERROR: (token_expired) 

Next check in 300 seconds...
[2026-02-01T21:05:15.886358] Checking for new bookmarks...
ERROR: (token_expired) 

Next check in 300 seconds...
[2026-02-01T21:11:59.942346] Checking for new bookmarks...
ERROR: (token_expired) 

Next check in 300 seconds...
[2026-02-01T21:20:16.659097] Checking for new bookmarks...
ERROR: (token_expired) 

Next check in 300 seconds...
[2026-02-01T21:29:40.417490] Checking for new bookmarks...
ERROR: (token_expired) 

Next check in 300 seconds...
[2026-02-01T21:35:10.803896] Checking for new bookmarks...
ERROR: (token_expired) 

Next check in 300 seconds...
[2026-02-01T21:40:10.809030] Checking for new bookmarks...
ERROR: (token_expired) 

Next check in 300 seconds...
[2026-02-01T21:45:10.875746] Checking for new bookmarks...
ERROR: (token_expired) 

Next check in 300 seconds...
[2026-02-01T21:50:10.880880] Checking for new bookmarks...
ERROR: (token_expired) 

Next check in 300 seconds...
[2026-02-01T21:55:10.886003] Checking for new bookmarks...
ERROR: (token_expired) 

Next check in 300 seconds...
[2026-02-01T22:00:57.670360] Checking for new bookmarks...
ERROR: (token_expired) 

Next check in 300 seconds...
[2026-02-01T22:08:19.112120] Checking for new bookmarks...
ERROR: (token_expired) 

Next check in 300 seconds...
[2026-02-01T22:16:15.874528] Checking for new bookmarks...
ERROR: (token_expired) 

Next check in 300 seconds...
[2026-02-01T22:27:26.801302] Checking for new bookmarks...
ERROR: (token_expired) 

Next check in 300 seconds...
[2026-02-01T22:37:22.136553] Checking for new bookmarks...
ERROR: (token_expired) 

Next check in 300 seconds...
[2026-02-01T22:48:10.170605] Checking for new bookmarks...
ERROR: (token_expired) 

Next check in 300 seconds...
[2026-02-01T22:59:14.552354] Checking for new bookmarks...
ERROR: (token_expired) 

Next check in 300 seconds...
[2026-02-01T23:22:02.119717] Checking for new bookmarks...
ERROR: (token_expired) 

Next check in 300 seconds...
[2026-02-01T23:27:43.997381] Checking for new bookmarks...
ERROR: (token_expired) 

Next check in 300 seconds...
[2026-02-01T23:39:45.344749] Checking for new bookmarks...
ERROR: (token_expired) 

Next check in 300 seconds...
[2026-02-01T23:50:35.399591] Checking for new bookmarks...
ERROR: (token_expired) 

Next check in 300 seconds...
[2026-02-02T00:01:21.833947] Checking for new bookmarks...
ERROR: (token_expired) 

Next check in 300 seconds...
[2026-02-02T00:11:31.109810] Checking for new bookmarks...
ERROR: (token_expired) 

Next check in 300 seconds...
[2026-02-02T00:22:14.882821] Checking for new bookmarks...
ERROR: (token_expired) 

Next check in 300 seconds...
[2026-02-02T00:27:14.893007] Checking for new bookmarks...
ERROR: (token_expired) 

Next check in 300 seconds...
[2026-02-02T00:32:14.898137] Checking for new bookmarks...
ERROR: (token_expired) 

Next check in 300 seconds...
[2026-02-02T00:37:14.903280] Checking for new bookmarks...
ERROR: (token_expired) 

Next check in 300 seconds...
[2026-02-02T00:42:14.908408] Checking for new bookmarks...
ERROR: (token_expired) 

Next check in 300 seconds...
[2026-02-02T00:47:14.913536] Checking for new bookmarks...
ERROR: (token_expired) 

Next check in 300 seconds...
[2026-02-02T00:52:14.918659] Checking for new bookmarks...
ERROR: (token_expired) 

Next check in 300 seconds...
[2026-02-02T00:57:14.928794] Checking for new bookmarks...
ERROR: (token_expired) 

Next check in 300 seconds...
[2026-02-02T01:02:14.933919] Checking for new bookmarks...
ERROR: (token_expired) 

Next check in 300 seconds...
[2026-02-02T01:07:14.939051] Checking for new bookmarks...
ERROR: (token_expired) 

Next check in 300 seconds...
[2026-02-02T01:12:14.949178] Checking for new bookmarks...
ERROR: (token_expired) 

Next check in 300 seconds...
[2026-02-02T01:17:14.954320] Checking for new bookmarks...
ERROR: (token_expired) 

Next check in 300 seconds...
[2026-02-02T01:22:14.964450] Checking for new bookmarks...
ERROR: (token_expired) 

Next check in 300 seconds...
[2026-02-02T01:27:14.974583] Checking for new bookmarks...
ERROR: (token_expired) 

Next check in 300 seconds...
[2026-02-02T01:32:14.984719] Checking for new bookmarks...
ERROR: (token_expired) 

Next check in 300 seconds...
[2026-02-02T01:37:14.994851] Checking for new bookmarks...
ERROR: (token_expired) 

Next check in 300 seconds...
[2026-02-02T01:42:15.004978] Checking for new bookmarks...
ERROR: (token_expired) 

Next check in 300 seconds...
[2026-02-02T01:47:15.010098] Checking for new bookmarks...
ERROR: (token_expired) 

Next check in 300 seconds...
[2026-02-02T01:52:15.020229] Checking for new bookmarks...
ERROR: (token_expired) 

Next check in 300 seconds...
[2026-02-02T01:57:15.025360] Checking for new bookmarks...
ERROR: (token_expired) 

Next check in 300 seconds...
[2026-02-02T02:02:15.030492] Checking for new bookmarks...
ERROR: (token_expired) 

Next check in 300 seconds...
[2026-02-02T02:07:15.040613] Checking for new bookmarks...
ERROR: (token_expired) 

Next check in 300 seconds...
[2026-02-02T02:12:15.050743] Checking for new bookmarks...
ERROR: (token_expired) 

Next check in 300 seconds...
[2026-02-02T02:17:15.060876] Checking for new bookmarks...
ERROR: (token_expired) 

Next check in 300 seconds...
[2026-02-02T02:22:15.071008] Checking for new bookmarks...
ERROR: (token_expired) 

Next check in 300 seconds...
[2026-02-02T02:27:15.071993] Checking for new bookmarks...
ERROR: (token_expired) 

Next check in 300 seconds...
[2026-02-02T02:32:15.082132] Checking for new bookmarks...
ERROR: (token_expired) 

Next check in 300 seconds...
[2026-02-02T02:37:15.092260] Checking for new bookmarks...
ERROR: (token_expired) 

Next check in 300 seconds...
[2026-02-02T02:42:15.102391] Checking for new bookmarks...
ERROR: (token_expired) 

Next check in 300 seconds...
[2026-02-02T02:47:15.112516] Checking for new bookmarks...
ERROR: (token_expired) 

Next check in 300 seconds...
[2026-02-02T02:52:15.122652] Checking for new bookmarks...
ERROR: (token_expired) 

Next check in 300 seconds...
[2026-02-02T02:57:15.132780] Checking for new bookmarks...
ERROR: (token_expired) 

Next check in 300 seconds...
[2026-02-02T03:02:15.142915] Checking for new bookmarks...
ERROR: (token_expired) 

Next check in 300 seconds...
[2026-02-02T03:07:15.153039] Checking for new bookmarks...
ERROR: (token_expired) 

Next check in 300 seconds...
[2026-02-02T03:12:15.163172] Checking for new bookmarks...
ERROR: (token_expired) 

Next check in 300 seconds...
[2026-02-02T03:17:15.173291] Checking for new bookmarks...
ERROR: (token_expired) 

Next check in 300 seconds...
[2026-02-02T03:22:15.178416] Checking for new bookmarks...
ERROR: (token_expired) 

Next check in 300 seconds...
[2026-02-02T03:27:15.183544] Checking for new bookmarks...
ERROR: (token_expired) 

Next check in 300 seconds...
[2026-02-02T03:32:15.188678] Checking for new bookmarks...
ERROR: (token_expired) 

Next check in 300 seconds...
[2026-02-02T03:37:15.193806] Checking for new bookmarks...
ERROR: (token_expired) 

Next check in 300 seconds...
[2026-02-02T03:42:15.198932] Checking for new bookmarks...
ERROR: (token_expired) 

Next check in 300 seconds...
[2026-02-02T03:47:15.204062] Checking for new bookmarks...
ERROR: (token_expired) 

Next check in 300 seconds...
[2026-02-02T03:52:15.209195] Checking for new bookmarks...
ERROR: (token_expired) 

Next check in 300 seconds...
[2026-02-02T03:57:15.214325] Checking for new bookmarks...
ERROR: (token_expired) 

Next check in 300 seconds...
[2026-02-02T04:02:15.219468] Checking for new bookmarks...
ERROR: (token_expired) 

Next check in 300 seconds...
[2026-02-02T04:07:15.224628] Checking for new bookmarks...
ERROR: (token_expired) 

Next check in 300 seconds...
[2026-02-02T04:12:15.229780] Checking for new bookmarks...
ERROR: (token_expired) 

Next check in 300 seconds...
[2026-02-02T04:17:15.234882] Checking for new bookmarks...
ERROR: (token_expired) 

Next check in 300 seconds...
[2026-02-02T04:22:17.877319] Checking for new bookmarks...
ERROR: (token_expired) 

Next check in 300 seconds...
[2026-02-02T04:28:04.297789] Checking for new bookmarks...
ERROR: (token_expired) 

Next check in 300 seconds...
[2026-02-02T04:33:04.302921] Checking for new bookmarks...
ERROR: (token_expired) 

Next check in 300 seconds...
[2026-02-02T04:38:08.596834] Checking for new bookmarks...
ERROR: (token_expired) 

Next check in 300 seconds...
[2026-02-02T04:43:08.606978] Checking for new bookmarks...
ERROR: (token_expired) 

Next check in 300 seconds...
[2026-02-02T04:48:08.610802] Checking for new bookmarks...
ERROR: (token_expired) 

Next check in 300 seconds...
[2026-02-02T04:53:08.615939] Checking for new bookmarks...
ERROR: (token_expired) 

Next check in 300 seconds...
[2026-02-02T04:58:08.621075] Checking for new bookmarks...
ERROR: (token_expired) 

Next check in 300 seconds...
[2026-02-02T05:03:09.594168] Checking for new bookmarks...
ERROR: (token_expired) 

Next check in 300 seconds...
[2026-02-02T05:10:30.600398] Checking for new bookmarks...
ERROR: (token_expired) 

Next check in 300 seconds...
[2026-02-02T05:19:36.527635] Checking for new bookmarks...
ERROR: (token_expired) 

Next check in 300 seconds...
[2026-02-02T05:28:10.184477] Checking for new bookmarks...
ERROR: (token_expired) 

Next check in 300 seconds...
[2026-02-02T05:33:11.181808] Checking for new bookmarks...
ERROR: (token_expired) 

Next check in 300 seconds...
[2026-02-02T05:38:11.186939] Checking for new bookmarks...
ERROR: (token_expired) 

Next check in 300 seconds...
[2026-02-02T05:43:11.192071] Checking for new bookmarks...
ERROR: (token_expired) 

Next check in 300 seconds...
[2026-02-02T05:48:11.197205] Checking for new bookmarks...
ERROR: (token_expired) 

Next check in 300 seconds...
[2026-02-02T05:53:11.202342] Checking for new bookmarks...
ERROR: (token_expired) 

Next check in 300 seconds...
[2026-02-02T05:58:11.207462] Checking for new bookmarks...
ERROR: (token_expired) 

Next check in 300 seconds...
[2026-02-02T06:03:11.212588] Checking for new bookmarks...
ERROR: (token_expired) 

Next check in 300 seconds...
[2026-02-02T06:08:11.217758] Checking for new bookmarks...
ERROR: (token_expired) 

Next check in 300 seconds...
[2026-02-02T06:13:11.222892] Checking for new bookmarks...
ERROR: (token_expired) 

Next check in 300 seconds...
[2026-02-02T06:18:11.228023] Checking for new bookmarks...
ERROR: (token_expired) 

Next check in 300 seconds...
[2026-02-02T06:23:11.233158] Checking for new bookmarks...
ERROR: (token_expired) 

Next check in 300 seconds...
[2026-02-02T06:28:11.238290] Checking for new bookmarks...
ERROR: (token_expired) 

Next check in 300 seconds...
[2026-02-02T06:33:11.243425] Checking for new bookmarks...
ERROR: (token_expired) 

Next check in 300 seconds...
[2026-02-02T06:38:11.248567] Checking for new bookmarks...
ERROR: (token_expired) 

Next check in 300 seconds...
[2026-02-02T06:43:11.253694] Checking for new bookmarks...
ERROR: (token_expired) 

Next check in 300 seconds...
[2026-02-02T06:48:11.258826] Checking for new bookmarks...
ERROR: (token_expired) 

Next check in 300 seconds...
[2026-02-02T06:53:11.263961] Checking for new bookmarks...
ERROR: (token_expired) 

Next check in 300 seconds...
[2026-02-02T06:58:11.269085] Checking for new bookmarks...
ERROR: (token_expired) 

Next check in 300 seconds...
[2026-02-02T07:03:11.279209] Checking for new bookmarks...
ERROR: (token_expired) 

Next check in 300 seconds...
[2026-02-02T07:08:11.284360] Checking for new bookmarks...
ERROR: (token_expired) 

Next check in 300 seconds...
[2026-02-02T07:13:11.289497] Checking for new bookmarks...
ERROR: (token_expired) 

Next check in 300 seconds...
[2026-02-02T07:18:11.294632] Checking for new bookmarks...
ERROR: (token_expired) 

Next check in 300 seconds...
[2026-02-02T07:23:11.299762] Checking for new bookmarks...
ERROR: (token_expired) 

Next check in 300 seconds...
[2026-02-02T07:29:03.313634] Checking for new bookmarks...
ERROR: (token_expired) 

Next check in 300 seconds...
[2026-02-02T07:36:23.035976] Checking for new bookmarks...
ERROR: (token_expired) 

Next check in 300 seconds...
[2026-02-02T07:42:11.681342] Checking for new bookmarks...
ERROR: (token_expired) 

Next check in 300 seconds...
[2026-02-02T07:47:11.685600] Checking for new bookmarks...
ERROR: (token_expired) 

Next check in 300 seconds...
[2026-02-02T07:52:11.690742] Checking for new bookmarks...
ERROR: (token_expired) 

Next check in 300 seconds...
[2026-02-02T07:57:11.695875] Checking for new bookmarks...
ERROR: (token_expired) 

Next check in 300 seconds...
[2026-02-02T08:02:11.701002] Checking for new bookmarks...
ERROR: (token_expired) 

Next check in 300 seconds...
[2026-02-02T08:07:23.200475] Checking for new bookmarks...
ERROR: (token_expired) 

Next check in 300 seconds...
[2026-02-02T08:15:29.578282] Checking for new bookmarks...
ERROR: (token_expired) 

Next check in 300 seconds...
[2026-02-02T08:24:11.399617] Checking for new bookmarks...
ERROR: (token_expired) 

Next check in 300 seconds...
[2026-02-02T08:31:09.349512] Checking for new bookmarks...
ERROR: (token_expired) 

Next check in 300 seconds...
[2026-02-02T08:36:09.354648] Checking for new bookmarks...
ERROR: (token_expired) 

Next check in 300 seconds...
[2026-02-02T08:41:38.437334] Checking for new bookmarks...
ERROR: (token_expired) 

Next check in 300 seconds...
[2026-02-02T08:49:46.511977] Checking for new bookmarks...
ERROR: (token_expired) 

Next check in 300 seconds...
[2026-02-02T08:58:32.705746] Checking for new bookmarks...
ERROR: (token_expired) 

Next check in 300 seconds...
[2026-02-02T09:06:05.281016] Checking for new bookmarks...
ERROR: (token_expired) 

Next check in 300 seconds...
[2026-02-02T09:15:44.026299] Checking for new bookmarks...
ERROR: (token_expired) 

Next check in 300 seconds...
[2026-02-02T09:25:58.902907] Checking for new bookmarks...
ERROR: (token_expired) 

Next check in 300 seconds...
[2026-02-02T09:35:53.901429] Checking for new bookmarks...
ERROR: (token_expired) 

Next check in 300 seconds...
[2026-02-02T09:46:45.610347] Checking for new bookmarks...
ERROR: (token_expired) 

Next check in 300 seconds...
[2026-02-02T09:55:48.689844] Checking for new bookmarks...
ERROR: (token_expired) 

Next check in 300 seconds...
[2026-02-02T10:06:44.897949] Checking for new bookmarks...
ERROR: (token_expired) 

Next check in 300 seconds...
[2026-02-02T10:16:58.242337] Checking for new bookmarks...
ERROR: (token_expired) 

Next check in 300 seconds...
[2026-02-02T10:27:43.250795] Checking for new bookmarks...
ERROR: (token_expired) 

Next check in 300 seconds...
[2026-02-02T10:37:57.775783] Checking for new bookmarks...
ERROR: (token_expired) 

Next check in 300 seconds...
[2026-02-02T10:45:35.369041] Checking for new bookmarks...
ERROR: (token_expired) 

Next check in 300 seconds...
[2026-02-02T10:54:13.250687] Checking for new bookmarks...
ERROR: (token_expired) 

Next check in 300 seconds...
[2026-02-02T11:04:16.490490] Checking for new bookmarks...
ERROR: (token_expired) 

Next check in 300 seconds...
[2026-02-02T11:13:19.084986] Checking for new bookmarks...
ERROR: (token_expired) 

Next check in 300 seconds...
[2026-02-02T11:23:18.684093] Checking for new bookmarks...
ERROR: (token_expired) 

Next check in 300 seconds...
[2026-02-02T11:32:06.759949] Checking for new bookmarks...
ERROR: (token_expired) 

Next check in 300 seconds...
[2026-02-02T11:39:48.303680] Checking for new bookmarks...
ERROR: (token_expired) 

Next check in 300 seconds...
[2026-02-02T11:48:23.522878] Checking for new bookmarks...
ERROR: (token_expired) 

Next check in 300 seconds...
[2026-02-02T11:57:45.695100] Checking for new bookmarks...
ERROR: (token_expired) 

Next check in 300 seconds...
[2026-02-02T12:07:43.187102] Checking for new bookmarks...
ERROR: (token_expired) 

Next check in 300 seconds...
[2026-02-02T12:17:36.137223] Checking for new bookmarks...
ERROR: (token_expired) 

Next check in 300 seconds...
[2026-02-02T12:25:29.015381] Checking for new bookmarks...
ERROR: (token_expired) 

Next check in 300 seconds...
[2026-02-02T12:35:39.966431] Checking for new bookmarks...
ERROR: (token_expired) 

Next check in 300 seconds...
[2026-02-02T12:43:18.857096] Checking for new bookmarks...
ERROR: (token_expired) 

Next check in 300 seconds...
[2026-02-02T12:50:52.249136] Checking for new bookmarks...
ERROR: (token_expired) 

Next check in 300 seconds...
[2026-02-02T13:01:20.804312] Checking for new bookmarks...
ERROR: (token_expired) 

Next check in 300 seconds...
[2026-02-02T13:10:37.101797] Checking for new bookmarks...
ERROR: (token_expired) 

Next check in 300 seconds...
[2026-02-02T13:20:38.618136] Checking for new bookmarks...
ERROR: (token_expired) 

Next check in 300 seconds...
[2026-02-02T13:30:45.085412] Checking for new bookmarks...
ERROR: (token_expired) 

Next check in 300 seconds...
[2026-02-02T13:40:14.988510] Checking for new bookmarks...
ERROR: (token_expired) 

Next check in 300 seconds...
[2026-02-02T13:49:30.789042] Checking for new bookmarks...
ERROR: (token_expired) 

Next check in 300 seconds...
[2026-02-02T14:00:27.610399] Checking for new bookmarks...
ERROR: (token_expired) 

Next check in 300 seconds...
[2026-02-02T14:09:03.254316] Checking for new bookmarks...
ERROR: (token_expired) 

Next check in 300 seconds...
[2026-02-02T14:16:39.489363] Checking for new bookmarks...
ERROR: (token_expired) 

Next check in 300 seconds...
[2026-02-02T14:24:55.081950] Checking for new bookmarks...
ERROR: (token_expired) 

Next check in 300 seconds...
[2026-02-02T14:34:54.585876] Checking for new bookmarks...
ERROR: (token_expired) 

Next check in 300 seconds...
[2026-02-02T14:44:02.846853] Checking for new bookmarks...
ERROR: (token_expired) 

Next check in 300 seconds...
[2026-02-02T14:53:30.864301] Checking for new bookmarks...
ERROR: (token_expired) 

Next check in 300 seconds...
[2026-02-02T15:03:19.812203] Checking for new bookmarks...
ERROR: (token_expired) 

Next check in 300 seconds...
[2026-02-02T15:12:20.706709] Checking for new bookmarks...
ERROR: (token_expired) 

Next check in 300 seconds...
[2026-02-02T15:22:26.253649] Checking for new bookmarks...
ERROR: (token_expired) 

Next check in 300 seconds...
[2026-02-02T15:30:46.321332] Checking for new bookmarks...
ERROR: (token_expired) 

Next check in 300 seconds...
[2026-02-02T15:38:54.370874] Checking for new bookmarks...
ERROR: (token_expired) 

Next check in 300 seconds...
[2026-02-02T15:48:49.914063] Checking for new bookmarks...
ERROR: (token_expired) 

Next check in 300 seconds...
[2026-02-02T15:56:16.472002] Checking for new bookmarks...
ERROR: (token_expired) 

Next check in 300 seconds...
[2026-02-02T16:04:42.301264] Checking for new bookmarks...
ERROR: (token_expired) 

Next check in 300 seconds...
[2026-02-02T16:14:18.786796] Checking for new bookmarks...
ERROR: (token_expired) 

Next check in 300 seconds...
[2026-02-02T16:23:03.814472] Checking for new bookmarks...
ERROR: (token_expired) 

Next check in 300 seconds...
[2026-02-02T16:32:22.068543] Checking for new bookmarks...
ERROR: (token_expired) 

Next check in 300 seconds...
[2026-02-02T16:42:16.918054] Checking for new bookmarks...
ERROR: (token_expired) 

Next check in 300 seconds...
[2026-02-02T16:51:33.106407] Checking for new bookmarks...
ERROR: (token_expired) 

Next check in 300 seconds...
[2026-02-02T17:00:53.084503] Checking for new bookmarks...
ERROR: (token_expired) 

Next check in 300 seconds...
[2026-02-02T17:10:07.419508] Checking for new bookmarks...
ERROR: (token_expired) 

Next check in 300 seconds...
[2026-02-02T17:20:02.395258] Checking for new bookmarks...
ERROR: (token_expired) 

Next check in 300 seconds...
[2026-02-02T17:30:04.512050] Checking for new bookmarks...
ERROR: (token_expired) 

Next check in 300 seconds...
[2026-02-02T17:38:56.119395] Checking for new bookmarks...
ERROR: (token_expired) 

Next check in 300 seconds...
[2026-02-02T17:49:20.965001] Checking for new bookmarks...
ERROR: (token_expired) 

Next check in 300 seconds...
[2026-02-02T17:58:53.767604] Checking for new bookmarks...
ERROR: (token_expired) 

Next check in 300 seconds...
[2026-02-02T18:08:04.325832] Checking for new bookmarks...
ERROR: (token_expired) 

Next check in 300 seconds...
[2026-02-02T18:16:28.397222] Checking for new bookmarks...
ERROR: (token_expired) 

Next check in 300 seconds...
[2026-02-02T18:25:55.271426] Checking for new bookmarks...
ERROR: (token_expired) 

Next check in 300 seconds...
[2026-02-02T18:34:11.352455] Checking for new bookmarks...
ERROR: (token_expired) 

Next check in 300 seconds...
[2026-02-02T18:39:11.357585] Checking for new bookmarks...
ERROR: (token_expired) 

Next check in 300 seconds...
[2026-02-02T18:44:11.362717] Checking for new bookmarks...
ERROR: (token_expired) 

Next check in 300 seconds...
[2026-02-02T18:49:11.367854] Checking for new bookmarks...
ERROR: (token_expired) 

Next check in 300 seconds...
[2026-02-02T18:54:11.372990] Checking for new bookmarks...
ERROR: (token_expired) 

Next check in 300 seconds...
[2026-02-02T18:59:38.704699] Checking for new bookmarks...
ERROR: (token_expired) 

Next check in 300 seconds...
[2026-02-02T19:06:31.521658] Checking for new bookmarks...
ERROR: (token_expired) 

Next check in 300 seconds...
[2026-02-02T19:13:29.531687] Checking for new bookmarks...
ERROR: (token_expired) 

Next check in 300 seconds...
[2026-02-02T19:21:56.250333] Checking for new bookmarks...
ERROR: (token_expired) 

Next check in 300 seconds...
[2026-02-02T19:30:58.349719] Checking for new bookmarks...
ERROR: (token_expired) 

Next check in 300 seconds...
[2026-02-02T19:40:02.485603] Checking for new bookmarks...
ERROR: (token_expired) 

Next check in 300 seconds...
[2026-02-02T19:50:03.166553] Checking for new bookmarks...
ERROR: (token_expired) 

Next check in 300 seconds...
[2026-02-02T20:00:00.127721] Checking for new bookmarks...
ERROR: (token_expired) 

Next check in 300 seconds...
[2026-02-02T20:07:14.823975] Checking for new bookmarks...
ERROR: (token_expired) 

Next check in 300 seconds...
[2026-02-02T20:15:01.670491] Checking for new bookmarks...
ERROR: (token_expired) 

Next check in 300 seconds...
[2026-02-02T20:20:01.675624] Checking for new bookmarks...
ERROR: (token_expired) 

Next check in 300 seconds...
[2026-02-02T20:25:01.680757] Checking for new bookmarks...
ERROR: (token_expired) 

Next check in 300 seconds...
[2026-02-02T20:30:01.685904] Checking for new bookmarks...
ERROR: (token_expired) 

Next check in 300 seconds...
[2026-02-02T20:36:09.865928] Checking for new bookmarks...
ERROR: (token_expired) 

Next check in 300 seconds...
[2026-02-02T20:43:32.143409] Checking for new bookmarks...
ERROR: (token_expired) 

Next check in 300 seconds...
[2026-02-02T20:49:19.215192] Checking for new bookmarks...
ERROR: (token_expired) 

Next check in 300 seconds...
[2026-02-02T20:54:19.220325] Checking for new bookmarks...
ERROR: (token_expired) 

Next check in 300 seconds...
[2026-02-02T20:59:19.230449] Checking for new bookmarks...
ERROR: (token_expired) 

Next check in 300 seconds...
[2026-02-02T21:04:19.235584] Checking for new bookmarks...
ERROR: (token_expired) 

Next check in 300 seconds...
[2026-02-02T21:09:19.240714] Checking for new bookmarks...
ERROR: (token_expired) 

Next check in 300 seconds...
[2026-02-02T21:14:19.245838] Checking for new bookmarks...
ERROR: (token_expired) 

Next check in 300 seconds...
[2026-02-02T21:19:19.250968] Checking for new bookmarks...
ERROR: (token_expired) 

Next check in 300 seconds...
[2026-02-02T21:24:19.256104] Checking for new bookmarks...
ERROR: (token_expired) 

Next check in 300 seconds...
[2026-02-02T21:29:19.260763] Checking for new bookmarks...
ERROR: (token_expired) 

Next check in 300 seconds...
[2026-02-02T21:34:19.265902] Checking for new bookmarks...
ERROR: (token_expired) 

Next check in 300 seconds...
[2026-02-02T21:39:19.271032] Checking for new bookmarks...
ERROR: (token_expired) 

Next check in 300 seconds...
[2026-02-02T21:44:19.276172] Checking for new bookmarks...
ERROR: (token_expired) 

Next check in 300 seconds...
[2026-02-02T21:49:19.281417] Checking for new bookmarks...
ERROR: (token_expired) 

Next check in 300 seconds...
[2026-02-02T21:54:19.286584] Checking for new bookmarks...
ERROR: (token_expired) 

Next check in 300 seconds...
[2026-02-02T21:59:19.291731] Checking for new bookmarks...
ERROR: (token_expired) 

Next check in 300 seconds...
[2026-02-02T22:04:19.296120] Checking for new bookmarks...
ERROR: (token_expired) 

Next check in 300 seconds...
[2026-02-02T22:09:19.301119] Checking for new bookmarks...
ERROR: (token_expired) 

Next check in 300 seconds...
[2026-02-02T22:14:19.302168] Checking for new bookmarks...
ERROR: (token_expired) 

Next check in 300 seconds...
[2026-02-02T22:19:19.306119] Checking for new bookmarks...
ERROR: (token_expired) 

Next check in 300 seconds...
[2026-02-02T22:24:19.309429] Checking for new bookmarks...
ERROR: (token_expired) 

Next check in 300 seconds...
[2026-02-02T22:29:19.314640] Checking for new bookmarks...
ERROR: (token_expired) 

Next check in 300 seconds...
[2026-02-02T22:34:19.319791] Checking for new bookmarks...
ERROR: (token_expired) 

Next check in 300 seconds...
[2026-02-02T22:39:19.324922] Checking for new bookmarks...
ERROR: (token_expired) 

Next check in 300 seconds...
[2026-02-02T22:44:19.329866] Checking for new bookmarks...
ERROR: (token_expired) 

Next check in 300 seconds...
[2026-02-02T22:49:19.330040] Checking for new bookmarks...
ERROR: (token_expired) 

Next check in 300 seconds...
[2026-02-02T22:54:19.332443] Checking for new bookmarks...
ERROR: (token_expired) 

Next check in 300 seconds...
[2026-02-02T22:59:19.335279] Checking for new bookmarks...
ERROR: (token_expired) 

Next check in 300 seconds...
[2026-02-02T23:04:19.337336] Checking for new bookmarks...
ERROR: (token_expired) 

Next check in 300 seconds...
[2026-02-02T23:09:19.342536] Checking for new bookmarks...
ERROR: (token_expired) 

Next check in 300 seconds...
[2026-02-02T23:14:19.347446] Checking for new bookmarks...
ERROR: (token_expired) 

Next check in 300 seconds...
[2026-02-02T23:19:19.350384] Checking for new bookmarks...
ERROR: (token_expired) 

Next check in 300 seconds...
[2026-02-02T23:24:19.355506] Checking for new bookmarks...
ERROR: (token_expired) 

Next check in 300 seconds...
[2026-02-02T23:29:19.357451] Checking for new bookmarks...
ERROR: (token_expired) 

Next check in 300 seconds...
[2026-02-02T23:34:19.362634] Checking for new bookmarks...
ERROR: (token_expired) 

Next check in 300 seconds...
[2026-02-02T23:39:19.364447] Checking for new bookmarks...
ERROR: (token_expired) 

Next check in 300 seconds...
[2026-02-02T23:44:19.368836] Checking for new bookmarks...
ERROR: (token_expired) 

Next check in 300 seconds...
[2026-02-02T23:49:19.373995] Checking for new bookmarks...
ERROR: (token_expired) 

Next check in 300 seconds...
[2026-02-02T23:54:19.379153] Checking for new bookmarks...
ERROR: (token_expired) 

Next check in 300 seconds...
[2026-02-02T23:59:19.384284] Checking for new bookmarks...
ERROR: (token_expired) 

Next check in 300 seconds...
[2026-02-03T00:05:02.956196] Checking for new bookmarks...
ERROR: (token_expired) 

Next check in 300 seconds...
[2026-02-03T00:10:03.136914] Checking for new bookmarks...
ERROR: (token_expired) 

Next check in 300 seconds...
[2026-02-03T00:15:03.306283] Checking for new bookmarks...
ERROR: (token_expired) 

Next check in 300 seconds...
[2026-02-03T00:20:03.475230] Checking for new bookmarks...
ERROR: (token_expired) 

Next check in 300 seconds...
[2026-02-03T00:25:03.538348] Checking for new bookmarks...
ERROR: (token_expired) 

Next check in 300 seconds...
[2026-02-03T00:30:03.541508] Checking for new bookmarks...
ERROR: (token_expired) 

Next check in 300 seconds...
[2026-02-03T00:35:03.546636] Checking for new bookmarks...
ERROR: (token_expired) 

Next check in 300 seconds...
[2026-02-03T00:40:03.551760] Checking for new bookmarks...
ERROR: (token_expired) 

Next check in 300 seconds...
[2026-02-03T00:45:03.556895] Checking for new bookmarks...
ERROR: (token_expired) 

Next check in 300 seconds...
[2026-02-03T00:50:03.562035] Checking for new bookmarks...
ERROR: (token_expired) 

Next check in 300 seconds...
[2026-02-03T00:55:03.567204] Checking for new bookmarks...
ERROR: (token_expired) 

Next check in 300 seconds...
[2026-02-03T01:00:03.570473] Checking for new bookmarks...
ERROR: (token_expired) 

Next check in 300 seconds...
[2026-02-03T01:05:03.575641] Checking for new bookmarks...
ERROR: (token_expired) 

Next check in 300 seconds...
[2026-02-03T01:10:03.580773] Checking for new bookmarks...
ERROR: (token_expired) 

Next check in 300 seconds...
[2026-02-03T01:15:03.585048] Checking for new bookmarks...
ERROR: (token_expired) 

Next check in 300 seconds...
[2026-02-03T01:20:03.590185] Checking for new bookmarks...
ERROR: (token_expired) 

Next check in 300 seconds...
[2026-02-03T01:25:03.595320] Checking for new bookmarks...
ERROR: (token_expired) 

Next check in 300 seconds...
[2026-02-03T01:30:03.600457] Checking for new bookmarks...
ERROR: (token_expired) 

Next check in 300 seconds...
[2026-02-03T01:35:03.605591] Checking for new bookmarks...
ERROR: (token_expired) 

Next check in 300 seconds...
[2026-02-03T01:40:03.610723] Checking for new bookmarks...
ERROR: (token_expired) 

Next check in 300 seconds...
[2026-02-03T01:45:03.615849] Checking for new bookmarks...
ERROR: (token_expired) 

Next check in 300 seconds...
[2026-02-03T01:50:03.620997] Checking for new bookmarks...
ERROR: (token_expired) 

Next check in 300 seconds...
[2026-02-03T01:55:03.626126] Checking for new bookmarks...
ERROR: (token_expired) 

Next check in 300 seconds...
[2026-02-03T02:00:03.631288] Checking for new bookmarks...
ERROR: (token_expired) 

Next check in 300 seconds...
[2026-02-03T02:05:03.636442] Checking for new bookmarks...
ERROR: (token_expired) 

Next check in 300 seconds...
[2026-02-03T02:10:03.641586] Checking for new bookmarks...
ERROR: (token_expired) 

Next check in 300 seconds...
[2026-02-03T02:15:03.646705] Checking for new bookmarks...
ERROR: (token_expired) 

Next check in 300 seconds...
[2026-02-03T02:20:03.651839] Checking for new bookmarks...
ERROR: (token_expired) 

Next check in 300 seconds...
[2026-02-03T02:25:03.656974] Checking for new bookmarks...
ERROR: (token_expired) 

Next check in 300 seconds...
[2026-02-03T02:30:03.662105] Checking for new bookmarks...
ERROR: (token_expired) 

Next check in 300 seconds...
[2026-02-03T02:35:03.667244] Checking for new bookmarks...
ERROR: (token_expired) 

Next check in 300 seconds...
[2026-02-03T02:40:03.672371] Checking for new bookmarks...
ERROR: (token_expired) 

Next check in 300 seconds...
[2026-02-03T02:45:03.677506] Checking for new bookmarks...
ERROR: (token_expired) 

Next check in 300 seconds...
[2026-02-03T02:50:03.682687] Checking for new bookmarks...
ERROR: (token_expired) 

Next check in 300 seconds...
[2026-02-03T02:55:03.687817] Checking for new bookmarks...
ERROR: (token_expired) 

Next check in 300 seconds...
[2026-02-03T03:00:03.692941] Checking for new bookmarks...
ERROR: (token_expired) 

Next check in 300 seconds...
[2026-02-03T03:05:03.698078] Checking for new bookmarks...
ERROR: (token_expired) 

Next check in 300 seconds...
[2026-02-03T03:10:03.703212] Checking for new bookmarks...
ERROR: (token_expired) 

Next check in 300 seconds...
[2026-02-03T03:15:03.708338] Checking for new bookmarks...
ERROR: (token_expired) 

Next check in 300 seconds...
[2026-02-03T03:20:03.713470] Checking for new bookmarks...
ERROR: (token_expired) 

Next check in 300 seconds...
[2026-02-03T03:25:03.718596] Checking for new bookmarks...
ERROR: (token_expired) 

Next check in 300 seconds...
[2026-02-03T03:30:03.728728] Checking for new bookmarks...
ERROR: (token_expired) 

Next check in 300 seconds...
[2026-02-03T03:35:03.733866] Checking for new bookmarks...
ERROR: (token_expired) 

Next check in 300 seconds...
[2026-02-03T03:40:03.738999] Checking for new bookmarks...
ERROR: (token_expired) 

Next check in 300 seconds...
[2026-02-03T03:45:03.744131] Checking for new bookmarks...
ERROR: (token_expired) 

Next check in 300 seconds...
[2026-02-03T03:50:03.749266] Checking for new bookmarks...
ERROR: (token_expired) 

Next check in 300 seconds...
[2026-02-03T03:55:03.754382] Checking for new bookmarks...
ERROR: (token_expired) 

Next check in 300 seconds...
[2026-02-03T04:00:03.759519] Checking for new bookmarks...
ERROR: (token_expired) 

Next check in 300 seconds...
[2026-02-03T04:05:03.764653] Checking for new bookmarks...
ERROR: (token_expired) 

Next check in 300 seconds...
[2026-02-03T04:10:03.769791] Checking for new bookmarks...
ERROR: (token_expired) 

Next check in 300 seconds...
[2026-02-03T04:15:03.774925] Checking for new bookmarks...
ERROR: (token_expired) 

Next check in 300 seconds...
[2026-02-03T04:20:03.780056] Checking for new bookmarks...
ERROR: (token_expired) 

Next check in 300 seconds...
[2026-02-03T04:25:03.785184] Checking for new bookmarks...
ERROR: (token_expired) 

Next check in 300 seconds...
[2026-02-03T04:30:03.790314] Checking for new bookmarks...
ERROR: (token_expired) 

Next check in 300 seconds...
[2026-02-03T04:35:03.795448] Checking for new bookmarks...
ERROR: (token_expired) 

Next check in 300 seconds...
[2026-02-03T04:40:03.800578] Checking for new bookmarks...
ERROR: (token_expired) 

Next check in 300 seconds...
[2026-02-03T04:45:03.805711] Checking for new bookmarks...
ERROR: (token_expired) 

Next check in 300 seconds...
[2026-02-03T04:50:03.810846] Checking for new bookmarks...
ERROR: (token_expired) 

Next check in 300 seconds...
[2026-02-03T04:55:03.815978] Checking for new bookmarks...
ERROR: (token_expired) 

Next check in 300 seconds...
[2026-02-03T05:00:03.821113] Checking for new bookmarks...
ERROR: (token_expired) 

Next check in 300 seconds...
[2026-02-03T05:05:03.821897] Checking for new bookmarks...
ERROR: (token_expired) 

Next check in 300 seconds...
[2026-02-03T05:10:03.827031] Checking for new bookmarks...
ERROR: (token_expired) 

Next check in 300 seconds...
[2026-02-03T05:15:03.832164] Checking for new bookmarks...
ERROR: (token_expired) 

Next check in 300 seconds...
[2026-02-03T05:20:03.837292] Checking for new bookmarks...
ERROR: (token_expired) 

Next check in 300 seconds...
[2026-02-03T05:25:03.842423] Checking for new bookmarks...
ERROR: (token_expired) 

Next check in 300 seconds...
[2026-02-03T05:30:03.847558] Checking for new bookmarks...
ERROR: (token_expired) 

Next check in 300 seconds...
[2026-02-03T05:35:03.852698] Checking for new bookmarks...
ERROR: (token_expired) 

Next check in 300 seconds...
[2026-02-03T05:40:03.857925] Checking for new bookmarks...
ERROR: (token_expired) 

Next check in 300 seconds...
[2026-02-03T05:45:03.863047] Checking for new bookmarks...
ERROR: (token_expired) 

Next check in 300 seconds...
[2026-02-03T05:50:03.866246] Checking for new bookmarks...
ERROR: (token_expired) 

Next check in 300 seconds...
[2026-02-03T05:55:03.871396] Checking for new bookmarks...
ERROR: (token_expired) 

Next check in 300 seconds...
[2026-02-03T06:00:03.876528] Checking for new bookmarks...
ERROR: (token_expired) 

Next check in 300 seconds...
[2026-02-03T06:05:03.878824] Checking for new bookmarks...
ERROR: (token_expired) 

Next check in 300 seconds...
[2026-02-03T06:10:03.883962] Checking for new bookmarks...
ERROR: (token_expired) 

Next check in 300 seconds...
[2026-02-03T06:15:03.889212] Checking for new bookmarks...
ERROR: (token_expired) 

Next check in 300 seconds...
[2026-02-03T06:20:03.894347] Checking for new bookmarks...
ERROR: (token_expired) 

Next check in 300 seconds...
[2026-02-03T06:25:03.896511] Checking for new bookmarks...
ERROR: (token_expired) 

Next check in 300 seconds...
[2026-02-03T06:30:03.901652] Checking for new bookmarks...
ERROR: (token_expired) 

Next check in 300 seconds...
[2026-02-03T06:35:03.906788] Checking for new bookmarks...
ERROR: (token_expired) 

Next check in 300 seconds...
[2026-02-03T06:40:03.911914] Checking for new bookmarks...
ERROR: (token_expired) 

Next check in 300 seconds...
[2026-02-03T06:45:03.917045] Checking for new bookmarks...
ERROR: (token_expired) 

Next check in 300 seconds...
[2026-02-03T06:50:03.922177] Checking for new bookmarks...
ERROR: (token_expired) 

Next check in 300 seconds...
[2026-02-03T06:55:03.927310] Checking for new bookmarks...
ERROR: (token_expired) 

Next check in 300 seconds...
[2026-02-03T07:00:03.932448] Checking for new bookmarks...
ERROR: (token_expired) 

Next check in 300 seconds...
[2026-02-03T07:05:03.937581] Checking for new bookmarks...
ERROR: (token_expired) 

Next check in 300 seconds...
[2026-02-03T07:10:03.942733] Checking for new bookmarks...
ERROR: (token_expired) 

Next check in 300 seconds...
[2026-02-03T07:15:03.947865] Checking for new bookmarks...
ERROR: (token_expired) 

Next check in 300 seconds...
[2026-02-03T07:20:03.952989] Checking for new bookmarks...
ERROR: (token_expired) 

Next check in 300 seconds...
[2026-02-03T07:25:03.958112] Checking for new bookmarks...
ERROR: (token_expired) 

Next check in 300 seconds...
[2026-02-03T07:30:03.960139] Checking for new bookmarks...
ERROR: (token_expired) 

Next check in 300 seconds...
[2026-02-03T07:35:03.965271] Checking for new bookmarks...
ERROR: (token_expired) 

Next check in 300 seconds...
[2026-02-03T07:40:03.970399] Checking for new bookmarks...
ERROR: (token_expired) 

Next check in 300 seconds...
[2026-02-03T07:45:03.975528] Checking for new bookmarks...
ERROR: (token_expired) 

Next check in 300 seconds...
[2026-02-03T07:50:03.980663] Checking for new bookmarks...
ERROR: (token_expired) 

Next check in 300 seconds...
[2026-02-03T07:55:03.985791] Checking for new bookmarks...
ERROR: (token_expired) 

Next check in 300 seconds...
[2026-02-03T08:00:03.990923] Checking for new bookmarks...
ERROR: (token_expired) 

Next check in 300 seconds...
[2026-02-03T08:05:03.996057] Checking for new bookmarks...
ERROR: (token_expired) 

Next check in 300 seconds...
[2026-02-03T08:10:04.001199] Checking for new bookmarks...
ERROR: (token_expired) 

Next check in 300 seconds...
[2026-02-03T08:15:04.006336] Checking for new bookmarks...
ERROR: (token_expired) 

Next check in 300 seconds...
[2026-02-03T08:20:04.011467] Checking for new bookmarks...
ERROR: (token_expired) 

Next check in 300 seconds...
[2026-02-03T08:25:04.016590] Checking for new bookmarks...
ERROR: (token_expired) 

Next check in 300 seconds...
[2026-02-03T08:30:04.021720] Checking for new bookmarks...
ERROR: (token_expired) 

Next check in 300 seconds...
[2026-02-03T08:35:04.026851] Checking for new bookmarks...
ERROR: (token_expired) 

Next check in 300 seconds...
[2026-02-03T08:40:04.031992] Checking for new bookmarks...
ERROR: (token_expired) 

Next check in 300 seconds...
[2026-02-03T08:45:04.037177] Checking for new bookmarks...
ERROR: (token_expired) 

Next check in 300 seconds...
[2026-02-03T08:50:04.042313] Checking for new bookmarks...
ERROR: (token_expired) 

Next check in 300 seconds...
[2026-02-03T08:55:04.042659] Checking for new bookmarks...
ERROR: (token_expired) 

Next check in 300 seconds...
[2026-02-03T09:00:04.047797] Checking for new bookmarks...
ERROR: (token_expired) 

Next check in 300 seconds...
[2026-02-03T09:05:04.052937] Checking for new bookmarks...
ERROR: (token_expired) 

Next check in 300 seconds...
[2026-02-03T09:10:04.058090] Checking for new bookmarks...
ERROR: (token_expired) 

Next check in 300 seconds...
[2026-02-03T09:15:04.063228] Checking for new bookmarks...
ERROR: (token_expired) 

Next check in 300 seconds...
[2026-02-03T09:20:04.068360] Checking for new bookmarks...
ERROR: (token_expired) 

Next check in 300 seconds...
[2026-02-03T09:25:04.073493] Checking for new bookmarks...
ERROR: (token_expired) 

Next check in 300 seconds...
[2026-02-03T09:30:04.078622] Checking for new bookmarks...
ERROR: (token_expired) 

Next check in 300 seconds...
[2026-02-03T09:35:04.083756] Checking for new bookmarks...
ERROR: (token_expired) 

Next check in 300 seconds...
[2026-02-03T09:40:04.085187] Checking for new bookmarks...
ERROR: (token_expired) 

Next check in 300 seconds...
[2026-02-03T09:45:04.090332] Checking for new bookmarks...
ERROR: (token_expired) 

Next check in 300 seconds...
[2026-02-03T09:50:04.095468] Checking for new bookmarks...
ERROR: (token_expired) 

Next check in 300 seconds...
[2026-02-03T09:55:04.100593] Checking for new bookmarks...
ERROR: (token_expired) 

Next check in 300 seconds...
[2026-02-03T10:00:04.105717] Checking for new bookmarks...
ERROR: (token_expired) 

Next check in 300 seconds...
[2026-02-03T10:05:04.110844] Checking for new bookmarks...
ERROR: (token_expired) 

Next check in 300 seconds...
[2026-02-03T10:10:04.115973] Checking for new bookmarks...
ERROR: (token_expired) 

Next check in 300 seconds...
[2026-02-03T10:15:04.121107] Checking for new bookmarks...
ERROR: (token_expired) 

Next check in 300 seconds...
[2026-02-03T10:20:04.126235] Checking for new bookmarks...
ERROR: (token_expired) 

Next check in 300 seconds...
[2026-02-03T10:25:04.131369] Checking for new bookmarks...
ERROR: (token_expired) 

Next check in 300 seconds...
[2026-02-03T10:30:04.136501] Checking for new bookmarks...
ERROR: (token_expired) 

Next check in 300 seconds...
[2026-02-03T10:35:04.141635] Checking for new bookmarks...
ERROR: (token_expired) 

Next check in 300 seconds...
[2026-02-03T10:40:04.146753] Checking for new bookmarks...
ERROR: (token_expired) 

Next check in 300 seconds...
[2026-02-03T10:45:04.151884] Checking for new bookmarks...
ERROR: (token_expired) 

Next check in 300 seconds...
[2026-02-03T10:50:04.157020] Checking for new bookmarks...
ERROR: (token_expired) 

Next check in 300 seconds...
[2026-02-03T10:55:04.162149] Checking for new bookmarks...
ERROR: (token_expired) 

Next check in 300 seconds...
[2026-02-03T11:00:04.167287] Checking for new bookmarks...
ERROR: (token_expired) 

Next check in 300 seconds...
[2026-02-03T11:05:04.172420] Checking for new bookmarks...
ERROR: (token_expired) 

Next check in 300 seconds...
[2026-02-03T11:10:04.177552] Checking for new bookmarks...
ERROR: (token_expired) 

Next check in 300 seconds...
[2026-02-03T11:15:04.182682] Checking for new bookmarks...
ERROR: (token_expired) 

Next check in 300 seconds...
[2026-02-03T11:20:04.187838] Checking for new bookmarks...
ERROR: (token_expired) 

Next check in 300 seconds...
[2026-02-03T11:25:04.192992] Checking for new bookmarks...
ERROR: (token_expired) 

Next check in 300 seconds...
[2026-02-03T11:30:04.198124] Checking for new bookmarks...
ERROR: (token_expired) 

Next check in 300 seconds...
[2026-02-03T11:35:04.203252] Checking for new bookmarks...
ERROR: (token_expired) 

Next check in 300 seconds...
[2026-02-03T11:40:04.208372] Checking for new bookmarks...
ERROR: (token_expired) 

Next check in 300 seconds...
[2026-02-03T11:45:04.209751] Checking for new bookmarks...
ERROR: (token_expired) 

Next check in 300 seconds...
[2026-02-03T11:50:04.214884] Checking for new bookmarks...
ERROR: (token_expired) 

Next check in 300 seconds...
[2026-02-03T11:55:04.220014] Checking for new bookmarks...
ERROR: (token_expired) 

Next check in 300 seconds...
[2026-02-03T12:00:04.225141] Checking for new bookmarks...
ERROR: (token_expired) 

Next check in 300 seconds...
[2026-02-03T12:05:04.230277] Checking for new bookmarks...
ERROR: (token_expired) 

Next check in 300 seconds...
[2026-02-03T12:10:04.234054] Checking for new bookmarks...
ERROR: (token_expired) 

Next check in 300 seconds...
[2026-02-03T12:15:04.236114] Checking for new bookmarks...
ERROR: (token_expired) 

Next check in 300 seconds...
[2026-02-03T12:20:04.241240] Checking for new bookmarks...
ERROR: (token_expired) 

Next check in 300 seconds...
[2026-02-03T12:25:04.246375] Checking for new bookmarks...
ERROR: (token_expired) 

Next check in 300 seconds...
[2026-02-03T12:30:04.251502] Checking for new bookmarks...
ERROR: (token_expired) 

Next check in 300 seconds...
[2026-02-03T12:35:04.256623] Checking for new bookmarks...
ERROR: (token_expired) 

Next check in 300 seconds...
[2026-02-03T12:40:04.261754] Checking for new bookmarks...
ERROR: (token_expired) 

Next check in 300 seconds...
[2026-02-03T12:45:04.265680] Checking for new bookmarks...
ERROR: (token_expired) 

Next check in 300 seconds...
[2026-02-03T12:50:04.270824] Checking for new bookmarks...
ERROR: (token_expired) 

Next check in 300 seconds...
[2026-02-03T12:55:04.275948] Checking for new bookmarks...
ERROR: (token_expired) 

Next check in 300 seconds...
[2026-02-03T13:00:04.281074] Checking for new bookmarks...
ERROR: (token_expired) 

Next check in 300 seconds...
[2026-02-03T13:05:04.286211] Checking for new bookmarks...
ERROR: (token_expired) 

Next check in 300 seconds...
[2026-02-03T13:10:04.291327] Checking for new bookmarks...
ERROR: (token_expired) 

Next check in 300 seconds...
[2026-02-03T13:15:04.296472] Checking for new bookmarks...
ERROR: (token_expired) 

Next check in 300 seconds...
[2026-02-03T13:20:04.301615] Checking for new bookmarks...
ERROR: (token_expired) 

Next check in 300 seconds...
[2026-02-03T13:25:04.306742] Checking for new bookmarks...
ERROR: (token_expired) 

Next check in 300 seconds...
[2026-02-03T13:30:04.311869] Checking for new bookmarks...
ERROR: (token_expired) 

Next check in 300 seconds...
[2026-02-03T13:35:04.317000] Checking for new bookmarks...
ERROR: (token_expired) 

Next check in 300 seconds...
[2026-02-03T13:40:04.322133] Checking for new bookmarks...
ERROR: (token_expired) 

Next check in 300 seconds...
[2026-02-03T13:45:04.327265] Checking for new bookmarks...
ERROR: (token_expired) 

Next check in 300 seconds...
[2026-02-03T13:50:04.332399] Checking for new bookmarks...
ERROR: (token_expired) 

Next check in 300 seconds...
[2026-02-03T13:55:04.337533] Checking for new bookmarks...
ERROR: (token_expired) 

Next check in 300 seconds...
[2026-02-03T14:00:04.342660] Checking for new bookmarks...
ERROR: (token_expired) 

Next check in 300 seconds...
[2026-02-03T14:05:04.347786] Checking for new bookmarks...
ERROR: (token_expired) 

Next check in 300 seconds...
[2026-02-03T14:10:04.352918] Checking for new bookmarks...
ERROR: (token_expired) 

Next check in 300 seconds...
[2026-02-03T14:15:04.358043] Checking for new bookmarks...
ERROR: (token_expired) 

Next check in 300 seconds...
[2026-02-03T14:20:04.363169] Checking for new bookmarks...
ERROR: (token_expired) 

Next check in 300 seconds...
[2026-02-03T14:25:04.368297] Checking for new bookmarks...
ERROR: (token_expired) 

Next check in 300 seconds...
[2026-02-03T14:30:04.373428] Checking for new bookmarks...
ERROR: (token_expired) 

Next check in 300 seconds...
[2026-02-03T14:35:04.378555] Checking for new bookmarks...
ERROR: (token_expired) 

Next check in 300 seconds...
[2026-02-03T14:40:04.388680] Checking for new bookmarks...
ERROR: (token_expired) 

Next check in 300 seconds...
[2026-02-03T14:45:04.398807] Checking for new bookmarks...
ERROR: (token_expired) 

Next check in 300 seconds...
[2026-02-03T14:50:04.408938] Checking for new bookmarks...
ERROR: (token_expired) 

Next check in 300 seconds...
[2026-02-03T14:55:04.419062] Checking for new bookmarks...
ERROR: (token_expired) 

Next check in 300 seconds...
[2026-02-03T15:00:04.429193] Checking for new bookmarks...
ERROR: (token_expired) 

Next check in 300 seconds...
[2026-02-03T15:05:04.439327] Checking for new bookmarks...
ERROR: (token_expired) 

Next check in 300 seconds...
[2026-02-03T15:10:04.449457] Checking for new bookmarks...
ERROR: (token_expired) 

Next check in 300 seconds...
[2026-02-03T15:15:04.459592] Checking for new bookmarks...
ERROR: (token_expired) 

Next check in 300 seconds...
[2026-02-03T15:20:04.469713] Checking for new bookmarks...
ERROR: (token_expired) 

Next check in 300 seconds...
[2026-02-03T15:25:04.506356] Checking for new bookmarks...
ERROR: (token_expired) 

Next check in 300 seconds...
[2026-02-03T15:30:04.675338] Checking for new bookmarks...
ERROR: (token_expired) 

Next check in 300 seconds...
[2026-02-03T15:35:04.844680] Checking for new bookmarks...
ERROR: (token_expired) 

Next check in 300 seconds...
[2026-02-03T15:40:05.013583] Checking for new bookmarks...
ERROR: (token_expired) 

Next check in 300 seconds...
[2026-02-03T15:45:05.209183] Checking for new bookmarks...
ERROR: (token_expired) 

Next check in 300 seconds...
[2026-02-03T15:50:05.377758] Checking for new bookmarks...
ERROR: (token_expired) 

Next check in 300 seconds...
[2026-02-03T15:55:05.573437] Checking for new bookmarks...
ERROR: (token_expired) 

Next check in 300 seconds...
[2026-02-03T16:00:05.742640] Checking for new bookmarks...
ERROR: (token_expired) 

Next check in 300 seconds...
[2026-02-03T16:05:05.911713] Checking for new bookmarks...
ERROR: (token_expired) 

Next check in 300 seconds...
[2026-02-03T16:10:06.028023] Checking for new bookmarks...
ERROR: (token_expired) 

Next check in 300 seconds...
[2026-02-03T16:15:06.038151] Checking for new bookmarks...
ERROR: (token_expired) 

Next check in 300 seconds...
[2026-02-03T16:20:06.207383] Checking for new bookmarks...
ERROR: (token_expired) 

Next check in 300 seconds...
[2026-02-03T16:25:06.376418] Checking for new bookmarks...
ERROR: (token_expired) 

Next check in 300 seconds...
[2026-02-03T16:30:06.545143] Checking for new bookmarks...
ERROR: (token_expired) 

Next check in 300 seconds...
[2026-02-03T16:35:06.713942] Checking for new bookmarks...
ERROR: (token_expired) 

Next check in 300 seconds...
[2026-02-03T16:40:06.750609] Checking for new bookmarks...
ERROR: (token_expired) 

Next check in 300 seconds...
[2026-02-03T16:45:06.892814] Checking for new bookmarks...
ERROR: (token_expired) 

Next check in 300 seconds...
[2026-02-03T16:50:07.088292] Checking for new bookmarks...
ERROR: (token_expired) 

Next check in 300 seconds...
[2026-02-03T16:55:07.257569] Checking for new bookmarks...
ERROR: (token_expired) 

Next check in 300 seconds...
[2026-02-03T17:00:07.426428] Checking for new bookmarks...
ERROR: (token_expired) 

Next check in 300 seconds...
[2026-02-03T17:05:07.595106] Checking for new bookmarks...
ERROR: (token_expired) 

Next check in 300 seconds...
[2026-02-03T17:10:07.790977] Checking for new bookmarks...
ERROR: (token_expired) 

Next check in 300 seconds...
[2026-02-03T17:15:07.986667] Checking for new bookmarks...
ERROR: (token_expired) 

Next check in 300 seconds...
[2026-02-03T17:20:08.155286] Checking for new bookmarks...
ERROR: (token_expired) 

Next check in 300 seconds...
[2026-02-03T17:25:08.324071] Checking for new bookmarks...
ERROR: (token_expired) 

Next check in 300 seconds...
[2026-02-03T17:30:08.439949] Checking for new bookmarks...
ERROR: (token_expired) 

Next check in 300 seconds...
[2026-02-03T17:35:08.635660] Checking for new bookmarks...
ERROR: (token_expired) 

Next check in 300 seconds...
[2026-02-03T17:40:08.804572] Checking for new bookmarks...
ERROR: (token_expired) 

Next check in 300 seconds...
[2026-02-03T17:45:09.026756] Checking for new bookmarks...
ERROR: (token_expired) 

Next check in 300 seconds...
[2026-02-03T17:50:09.190617] Checking for new bookmarks...
ERROR: (token_expired) 

Next check in 300 seconds...
[2026-02-03T17:55:09.359760] Checking for new bookmarks...
ERROR: (token_expired) 

Next check in 300 seconds...
[2026-02-03T18:00:09.529038] Checking for new bookmarks...
ERROR: (token_expired) 

Next check in 300 seconds...
[2026-02-03T18:05:09.592173] Checking for new bookmarks...
ERROR: (token_expired) 

Next check in 300 seconds...
[2026-02-03T18:10:09.761220] Checking for new bookmarks...
ERROR: (token_expired) 

Next check in 300 seconds...
[2026-02-03T18:15:09.956812] Checking for new bookmarks...
ERROR: (token_expired) 

Next check in 300 seconds...
[2026-02-03T18:20:10.125789] Checking for new bookmarks...
ERROR: (token_expired) 

Next check in 300 seconds...
[2026-02-03T18:25:10.321253] Checking for new bookmarks...
ERROR: (token_expired) 

Next check in 300 seconds...
[2026-02-03T18:30:10.490282] Checking for new bookmarks...
ERROR: (token_expired) 

Next check in 300 seconds...
[2026-02-03T18:35:10.685998] Checking for new bookmarks...
ERROR: (token_expired) 

Next check in 300 seconds...
[2026-02-03T18:40:10.855111] Checking for new bookmarks...
ERROR: (token_expired) 

Next check in 300 seconds...
[2026-02-03T18:45:11.050557] Checking for new bookmarks...
ERROR: (token_expired) 

Next check in 300 seconds...
[2026-02-03T18:50:11.139013] Checking for new bookmarks...
ERROR: (token_expired) 

Next check in 300 seconds...
[2026-02-03T18:55:11.144164] Checking for new bookmarks...
ERROR: (token_expired) 

Next check in 300 seconds...
[2026-02-03T19:00:11.149290] Checking for new bookmarks...
ERROR: (token_expired) 

Next check in 300 seconds...
[2026-02-03T19:05:11.154416] Checking for new bookmarks...
ERROR: (token_expired) 

Next check in 300 seconds...
[2026-02-03T19:10:11.159551] Checking for new bookmarks...
ERROR: (token_expired) 

Next check in 300 seconds...
[2026-02-03T19:15:11.164669] Checking for new bookmarks...
ERROR: (token_expired) 

Next check in 300 seconds...
[2026-02-03T19:20:11.169821] Checking for new bookmarks...
ERROR: (token_expired) 

Next check in 300 seconds...
[2026-02-03T19:25:11.174955] Checking for new bookmarks...
ERROR: (token_expired) 

Next check in 300 seconds...
[2026-02-03T19:30:11.180086] Checking for new bookmarks...
ERROR: (token_expired) 

Next check in 300 seconds...
[2026-02-03T19:35:11.185213] Checking for new bookmarks...
ERROR: (token_expired) 

Next check in 300 seconds...
[2026-02-03T19:40:11.190338] Checking for new bookmarks...
ERROR: (token_expired) 

Next check in 300 seconds...
[2026-02-03T19:45:11.191825] Checking for new bookmarks...
ERROR: (token_expired) 

Next check in 300 seconds...
[2026-02-03T19:50:11.196961] Checking for new bookmarks...
ERROR: (token_expired) 

Next check in 300 seconds...
[2026-02-03T19:55:11.202092] Checking for new bookmarks...
ERROR: (token_expired) 

Next check in 300 seconds...
[2026-02-03T20:00:11.207216] Checking for new bookmarks...
ERROR: (token_expired) 

Next check in 300 seconds...
[2026-02-03T20:05:11.212340] Checking for new bookmarks...
ERROR: (token_expired) 

Next check in 300 seconds...
[2026-02-03T20:10:11.217466] Checking for new bookmarks...
ERROR: (token_expired) 

Next check in 300 seconds...
[2026-02-03T20:15:11.222601] Checking for new bookmarks...
ERROR: (token_expired) 

Next check in 300 seconds...
[2026-02-03T20:20:11.227738] Checking for new bookmarks...
ERROR: (token_expired) 

Next check in 300 seconds...
[2026-02-03T20:25:11.232868] Checking for new bookmarks...
ERROR: (token_expired) 

Next check in 300 seconds...
[2026-02-03T20:30:11.237993] Checking for new bookmarks...
ERROR: (token_expired) 

Next check in 300 seconds...
[2026-02-03T20:35:11.243123] Checking for new bookmarks...
ERROR: (token_expired) 

Next check in 300 seconds...
[2026-02-03T20:40:11.248251] Checking for new bookmarks...
ERROR: (token_expired) 

Next check in 300 seconds...
[2026-02-03T20:45:11.253380] Checking for new bookmarks...
ERROR: (token_expired) 

Next check in 300 seconds...
[2026-02-03T20:50:11.258514] Checking for new bookmarks...
ERROR: (token_expired) 

Next check in 300 seconds...
[2026-02-03T20:55:11.263668] Checking for new bookmarks...
ERROR: (token_expired) 

Next check in 300 seconds...
[2026-02-03T21:00:11.268789] Checking for new bookmarks...
ERROR: (token_expired) 

Next check in 300 seconds...
[2026-02-03T21:05:11.273924] Checking for new bookmarks...
ERROR: (token_expired) 

Next check in 300 seconds...
[2026-02-03T21:10:11.279048] Checking for new bookmarks...
ERROR: (token_expired) 

Next check in 300 seconds...
[2026-02-03T21:15:11.284165] Checking for new bookmarks...
ERROR: (token_expired) 

Next check in 300 seconds...
[2026-02-03T21:20:11.289296] Checking for new bookmarks...
ERROR: (token_expired) 

Next check in 300 seconds...
[2026-02-03T21:25:11.294426] Checking for new bookmarks...
ERROR: (token_expired) 

Next check in 300 seconds...
[2026-02-03T21:30:11.299554] Checking for new bookmarks...
ERROR: (token_expired) 

Next check in 300 seconds...
[2026-02-03T21:35:11.304296] Checking for new bookmarks...
ERROR: (token_expired) 

Next check in 300 seconds...
[2026-02-03T21:40:11.309429] Checking for new bookmarks...
ERROR: (token_expired) 

Next check in 300 seconds...
[2026-02-03T21:45:11.314556] Checking for new bookmarks...
ERROR: (token_expired) 

Next check in 300 seconds...
[2026-02-03T21:50:11.319679] Checking for new bookmarks...
ERROR: (token_expired) 

Next check in 300 seconds...
[2026-02-03T21:55:11.324801] Checking for new bookmarks...
ERROR: (token_expired) 

Next check in 300 seconds...
[2026-02-03T22:00:11.329931] Checking for new bookmarks...
ERROR: (token_expired) 

Next check in 300 seconds...
[2026-02-03T22:05:11.366597] Checking for new bookmarks...
ERROR: (token_expired) 

Next check in 300 seconds...
[2026-02-03T22:10:11.562108] Checking for new bookmarks...
ERROR: (token_expired) 

Next check in 300 seconds...
[2026-02-03T22:15:11.731177] Checking for new bookmarks...
ERROR: (token_expired) 

Next check in 300 seconds...
[2026-02-03T22:20:11.900502] Checking for new bookmarks...
ERROR: (token_expired) 

Next check in 300 seconds...
[2026-02-03T22:25:11.989964] Checking for new bookmarks...
ERROR: (token_expired) 

Next check in 300 seconds...
[2026-02-03T22:30:12.106237] Checking for new bookmarks...
ERROR: (token_expired) 

Next check in 300 seconds...
[2026-02-03T22:35:12.111366] Checking for new bookmarks...
ERROR: (token_expired) 

Next check in 300 seconds...
[2026-02-03T22:40:12.116497] Checking for new bookmarks...
ERROR: (token_expired) 

Next check in 300 seconds...
[2026-02-03T22:45:12.121623] Checking for new bookmarks...
ERROR: (token_expired) 

Next check in 300 seconds...
[2026-02-03T22:50:12.126767] Checking for new bookmarks...
ERROR: (token_expired) 

Next check in 300 seconds...
[2026-02-03T22:55:12.131915] Checking for new bookmarks...
ERROR: (token_expired) 

Next check in 300 seconds...
[2026-02-03T23:00:12.137076] Checking for new bookmarks...
ERROR: (token_expired) 

Next check in 300 seconds...
[2026-02-03T23:05:12.142200] Checking for new bookmarks...
ERROR: (token_expired) 

Next check in 300 seconds...
[2026-02-03T23:10:12.147342] Checking for new bookmarks...
ERROR: (token_expired) 

Next check in 300 seconds...
[2026-02-03T23:15:12.152494] Checking for new bookmarks...
ERROR: (token_expired) 

Next check in 300 seconds...
[2026-02-03T23:20:12.155230] Checking for new bookmarks...
ERROR: (token_expired) 

Next check in 300 seconds...
[2026-02-03T23:25:12.160423] Checking for new bookmarks...
ERROR: (token_expired) 

Next check in 300 seconds...
[2026-02-03T23:30:12.162454] Checking for new bookmarks...
ERROR: (token_expired) 

Next check in 300 seconds...
[2026-02-03T23:35:12.162607] Checking for new bookmarks...
ERROR: (token_expired) 

Next check in 300 seconds...
[2026-02-03T23:40:12.167812] Checking for new bookmarks...
ERROR: (token_expired) 

Next check in 300 seconds...
[2026-02-03T23:45:12.172945] Checking for new bookmarks...
ERROR: (token_expired) 

Next check in 300 seconds...
[2026-02-03T23:50:12.178075] Checking for new bookmarks...
ERROR: (token_expired) 

Next check in 300 seconds...
[2026-02-03T23:55:12.183206] Checking for new bookmarks...
ERROR: (token_expired) 

Next check in 300 seconds...
[2026-02-04T00:00:12.188339] Checking for new bookmarks...
ERROR: (token_expired) 

Next check in 300 seconds...
[2026-02-04T00:05:12.198471] Checking for new bookmarks...
ERROR: (token_expired) 

Next check in 300 seconds...
[2026-02-04T00:10:12.203605] Checking for new bookmarks...
ERROR: (token_expired) 

Next check in 300 seconds...
[2026-02-04T00:15:12.208736] Checking for new bookmarks...
ERROR: (token_expired) 

Next check in 300 seconds...
[2026-02-04T00:20:12.213870] Checking for new bookmarks...
ERROR: (token_expired) 

Next check in 300 seconds...
[2026-02-04T00:25:12.218998] Checking for new bookmarks...
ERROR: (token_expired) 

Next check in 300 seconds...
[2026-02-04T00:30:12.224135] Checking for new bookmarks...
ERROR: (token_expired) 

Next check in 300 seconds...
[2026-02-04T00:35:12.229267] Checking for new bookmarks...
ERROR: (token_expired) 

Next check in 300 seconds...
[2026-02-04T00:40:12.234408] Checking for new bookmarks...
ERROR: (token_expired) 

Next check in 300 seconds...
[2026-02-04T00:45:12.239530] Checking for new bookmarks...
ERROR: (token_expired) 

Next check in 300 seconds...
[2026-02-04T00:50:12.244659] Checking for new bookmarks...
ERROR: (token_expired) 

Next check in 300 seconds...
[2026-02-04T00:55:12.249788] Checking for new bookmarks...
ERROR: (token_expired) 

Next check in 300 seconds...
[2026-02-04T01:00:12.254931] Checking for new bookmarks...
ERROR: (token_expired) 

Next check in 300 seconds...
[2026-02-04T01:05:12.255324] Checking for new bookmarks...
ERROR: (token_expired) 

Next check in 300 seconds...
[2026-02-04T01:10:12.260454] Checking for new bookmarks...
ERROR: (token_expired) 

Next check in 300 seconds...
[2026-02-04T01:15:12.265580] Checking for new bookmarks...
ERROR: (token_expired) 

Next check in 300 seconds...
[2026-02-04T01:20:12.268332] Checking for new bookmarks...
ERROR: (token_expired) 

Next check in 300 seconds...
[2026-02-04T01:25:12.272135] Checking for new bookmarks...
ERROR: (token_expired) 

Next check in 300 seconds...
[2026-02-04T01:30:12.274038] Checking for new bookmarks...
ERROR: (token_expired) 

Next check in 300 seconds...
[2026-02-04T01:35:12.279193] Checking for new bookmarks...
ERROR: (token_expired) 

Next check in 300 seconds...
[2026-02-04T01:40:12.284333] Checking for new bookmarks...
ERROR: (token_expired) 

Next check in 300 seconds...
[2026-02-04T01:45:12.289454] Checking for new bookmarks...
ERROR: (token_expired) 

Next check in 300 seconds...
[2026-02-04T01:50:12.294580] Checking for new bookmarks...
ERROR: (token_expired) 

Next check in 300 seconds...
[2026-02-04T01:55:12.299718] Checking for new bookmarks...
ERROR: (token_expired) 

Next check in 300 seconds...
[2026-02-04T02:00:12.304862] Checking for new bookmarks...
ERROR: (token_expired) 

Next check in 300 seconds...
[2026-02-04T02:05:12.309992] Checking for new bookmarks...
ERROR: (token_expired) 

Next check in 300 seconds...
[2026-02-04T02:10:12.313867] Checking for new bookmarks...
ERROR: (token_expired) 

Next check in 300 seconds...
[2026-02-04T02:15:12.318999] Checking for new bookmarks...
ERROR: (token_expired) 

Next check in 300 seconds...
[2026-02-04T02:20:12.324132] Checking for new bookmarks...
ERROR: (token_expired) 

Next check in 300 seconds...
[2026-02-04T02:25:12.329259] Checking for new bookmarks...
ERROR: (token_expired) 

Next check in 300 seconds...
[2026-02-04T02:30:12.334431] Checking for new bookmarks...
ERROR: (token_expired) 

Next check in 300 seconds...
[2026-02-04T02:35:12.339578] Checking for new bookmarks...
ERROR: (token_expired) 

Next check in 300 seconds...
[2026-02-04T02:40:12.344719] Checking for new bookmarks...
ERROR: (token_expired) 

Next check in 300 seconds...
[2026-02-04T02:45:12.349849] Checking for new bookmarks...
ERROR: (token_expired) 

Next check in 300 seconds...
[2026-02-04T02:50:12.354983] Checking for new bookmarks...
ERROR: (token_expired) 

Next check in 300 seconds...
[2026-02-04T02:55:12.360113] Checking for new bookmarks...
ERROR: (token_expired) 

Next check in 300 seconds...
[2026-02-04T03:00:12.365262] Checking for new bookmarks...
ERROR: (token_expired) 

Next check in 300 seconds...
[2026-02-04T03:05:12.370449] Checking for new bookmarks...
ERROR: (token_expired) 

Next check in 300 seconds...
[2026-02-04T03:10:12.375566] Checking for new bookmarks...
ERROR: (token_expired) 

Next check in 300 seconds...
[2026-02-04T03:15:12.380691] Checking for new bookmarks...
ERROR: (token_expired) 

Next check in 300 seconds...
[2026-02-04T03:20:12.385826] Checking for new bookmarks...
ERROR: (token_expired) 

Next check in 300 seconds...
[2026-02-04T03:25:12.390958] Checking for new bookmarks...
ERROR: (token_expired) 

Next check in 300 seconds...
[2026-02-04T03:30:12.396086] Checking for new bookmarks...
ERROR: (token_expired) 

Next check in 300 seconds...
[2026-02-04T03:35:12.401217] Checking for new bookmarks...
ERROR: (token_expired) 

Next check in 300 seconds...
[2026-02-04T03:40:12.406347] Checking for new bookmarks...
ERROR: (token_expired) 

Next check in 300 seconds...
[2026-02-04T03:45:12.411590] Checking for new bookmarks...
ERROR: (token_expired) 

Next check in 300 seconds...
[2026-02-04T03:50:12.416717] Checking for new bookmarks...
ERROR: (token_expired) 

Next check in 300 seconds...
[2026-02-04T03:55:12.421851] Checking for new bookmarks...
ERROR: (token_expired) 

Next check in 300 seconds...
[2026-02-04T04:00:12.426976] Checking for new bookmarks...
ERROR: (token_expired) 

Next check in 300 seconds...
[2026-02-04T04:05:12.432112] Checking for new bookmarks...
ERROR: (token_expired) 

Next check in 300 seconds...
[2026-02-04T04:10:12.437247] Checking for new bookmarks...
ERROR: (token_expired) 

Next check in 300 seconds...
[2026-02-04T04:15:12.442373] Checking for new bookmarks...
ERROR: (token_expired) 

Next check in 300 seconds...
[2026-02-04T04:20:12.447498] Checking for new bookmarks...
ERROR: (token_expired) 

Next check in 300 seconds...
[2026-02-04T04:25:12.452624] Checking for new bookmarks...
ERROR: (token_expired) 

Next check in 300 seconds...
[2026-02-04T04:30:12.457755] Checking for new bookmarks...
ERROR: (token_expired) 

Next check in 300 seconds...
[2026-02-04T04:35:12.462889] Checking for new bookmarks...
ERROR: (token_expired) 

Next check in 300 seconds...
[2026-02-04T04:40:12.473023] Checking for new bookmarks...
ERROR: (token_expired) 

Next check in 300 seconds...
[2026-02-04T04:45:12.642260] Checking for new bookmarks...
ERROR: (token_expired) 

Next check in 300 seconds...
[2026-02-04T04:50:12.837684] Checking for new bookmarks...
ERROR: (token_expired) 

Next check in 300 seconds...
[2026-02-04T04:55:13.006968] Checking for new bookmarks...
ERROR: (token_expired) 

Next check in 300 seconds...
[2026-02-04T05:00:13.202812] Checking for new bookmarks...
ERROR: (token_expired) 

Next check in 300 seconds...
[2026-02-04T05:05:13.372056] Checking for new bookmarks...
ERROR: (token_expired) 

Next check in 300 seconds...
[2026-02-04T05:10:13.541018] Checking for new bookmarks...
ERROR: (token_expired) 

Next check in 300 seconds...
[2026-02-04T05:15:13.710342] Checking for new bookmarks...
ERROR: (token_expired) 

Next check in 300 seconds...
[2026-02-04T05:20:13.773597] Checking for new bookmarks...
ERROR: (token_expired) 

Next check in 300 seconds...
[2026-02-04T05:25:13.943173] Checking for new bookmarks...
ERROR: (token_expired) 

Next check in 300 seconds...
[2026-02-04T05:30:14.138708] Checking for new bookmarks...
ERROR: (token_expired) 

Next check in 300 seconds...
[2026-02-04T05:35:14.307371] Checking for new bookmarks...
ERROR: (token_expired) 

Next check in 300 seconds...
[2026-02-04T05:40:14.476599] Checking for new bookmarks...
ERROR: (token_expired) 

Next check in 300 seconds...
[2026-02-04T05:45:14.592627] Checking for new bookmarks...
ERROR: (token_expired) 

Next check in 300 seconds...
[2026-02-04T05:50:14.602760] Checking for new bookmarks...
ERROR: (token_expired) 

Next check in 300 seconds...
[2026-02-04T05:55:14.612888] Checking for new bookmarks...
ERROR: (token_expired) 

Next check in 300 seconds...
[2026-02-04T06:00:14.623014] Checking for new bookmarks...
ERROR: (token_expired) 

Next check in 300 seconds...
[2026-02-04T06:05:14.633135] Checking for new bookmarks...
ERROR: (token_expired) 

Next check in 300 seconds...
[2026-02-04T06:10:14.643251] Checking for new bookmarks...
ERROR: (token_expired) 

Next check in 300 seconds...
[2026-02-04T06:15:14.653370] Checking for new bookmarks...
ERROR: (token_expired) 

Next check in 300 seconds...
[2026-02-04T06:20:14.663492] Checking for new bookmarks...
ERROR: (token_expired) 

Next check in 300 seconds...
[2026-02-04T06:25:14.670819] Checking for new bookmarks...
ERROR: (token_expired) 

Next check in 300 seconds...
[2026-02-04T06:30:14.680940] Checking for new bookmarks...
ERROR: (token_expired) 

Next check in 300 seconds...
[2026-02-04T06:35:14.768719] Checking for new bookmarks...
ERROR: (token_expired) 

Next check in 300 seconds...
[2026-02-04T06:40:14.884716] Checking for new bookmarks...
ERROR: (token_expired) 

Next check in 300 seconds...
[2026-02-04T06:45:15.054038] Checking for new bookmarks...
ERROR: (token_expired) 

Next check in 300 seconds...
[2026-02-04T06:50:15.302450] Checking for new bookmarks...
ERROR: (token_expired) 

Next check in 300 seconds...
[2026-02-04T06:55:15.471307] Checking for new bookmarks...
ERROR: (token_expired) 

Next check in 300 seconds...
[2026-02-04T07:00:15.640076] Checking for new bookmarks...
ERROR: (token_expired) 

Next check in 300 seconds...
[2026-02-04T07:05:15.809353] Checking for new bookmarks...
ERROR: (token_expired) 

Next check in 300 seconds...
[2026-02-04T07:10:16.004645] Checking for new bookmarks...
ERROR: (token_expired) 

Next check in 300 seconds...
[2026-02-04T07:15:16.200565] Checking for new bookmarks...
ERROR: (token_expired) 

Next check in 300 seconds...
[2026-02-04T07:20:16.369927] Checking for new bookmarks...
ERROR: (token_expired) 

Next check in 300 seconds...
[2026-02-04T07:25:16.539126] Checking for new bookmarks...
ERROR: (token_expired) 

Next check in 300 seconds...
[2026-02-04T07:30:16.708165] Checking for new bookmarks...
ERROR: (token_expired) 

Next check in 300 seconds...
[2026-02-04T07:35:16.744818] Checking for new bookmarks...
ERROR: (token_expired) 

Next check in 300 seconds...
[2026-02-04T07:40:16.749956] Checking for new bookmarks...
ERROR: (token_expired) 

Next check in 300 seconds...
[2026-02-04T07:45:16.755081] Checking for new bookmarks...
ERROR: (token_expired) 

Next check in 300 seconds...
[2026-02-04T07:50:16.818276] Checking for new bookmarks...
ERROR: (token_expired) 

Next check in 300 seconds...
[2026-02-04T07:55:16.987487] Checking for new bookmarks...
ERROR: (token_expired) 

Next check in 300 seconds...
[2026-02-04T08:00:17.156340] Checking for new bookmarks...
ERROR: (token_expired) 

Next check in 300 seconds...
[2026-02-04T08:05:17.325410] Checking for new bookmarks...
ERROR: (token_expired) 

Next check in 300 seconds...
[2026-02-04T08:10:17.547278] Checking for new bookmarks...
ERROR: (token_expired) 

Next check in 300 seconds...
[2026-02-04T08:15:17.742493] Checking for new bookmarks...
ERROR: (token_expired) 

Next check in 300 seconds...
[2026-02-04T08:20:17.911781] Checking for new bookmarks...
ERROR: (token_expired) 

Next check in 300 seconds...
[2026-02-04T08:25:18.107428] Checking for new bookmarks...
ERROR: (token_expired) 

Next check in 300 seconds...
[2026-02-04T08:30:18.276208] Checking for new bookmarks...
ERROR: (token_expired) 

Next check in 300 seconds...
[2026-02-04T08:35:18.445379] Checking for new bookmarks...
ERROR: (token_expired) 

Next check in 300 seconds...
[2026-02-04T08:40:18.641730] Checking for new bookmarks...
ERROR: (token_expired) 

Next check in 300 seconds...
[2026-02-04T08:45:18.819912] Checking for new bookmarks...
ERROR: (token_expired) 

Next check in 300 seconds...
[2026-02-04T08:50:18.989220] Checking for new bookmarks...
ERROR: (token_expired) 

Next check in 300 seconds...
[2026-02-04T08:55:19.211251] Checking for new bookmarks...
ERROR: (token_expired) 

Next check in 300 seconds...
[2026-02-04T09:00:19.406902] Checking for new bookmarks...
ERROR: (token_expired) 

Next check in 300 seconds...
[2026-02-04T09:05:19.575859] Checking for new bookmarks...
ERROR: (token_expired) 

Next check in 300 seconds...
[2026-02-04T09:10:19.745148] Checking for new bookmarks...
ERROR: (token_expired) 

Next check in 300 seconds...
[2026-02-04T09:15:19.878750] Checking for new bookmarks...
ERROR: (token_expired) 

Next check in 300 seconds...
[2026-02-04T09:20:20.047571] Checking for new bookmarks...
ERROR: (token_expired) 

Next check in 300 seconds...
[2026-02-04T09:25:20.216879] Checking for new bookmarks...
ERROR: (token_expired) 

Next check in 300 seconds...
[2026-02-04T09:30:20.438944] Checking for new bookmarks...
ERROR: (token_expired) 

Next check in 300 seconds...
[2026-02-04T09:35:20.607772] Checking for new bookmarks...
ERROR: (token_expired) 

Next check in 300 seconds...
[2026-02-04T09:40:20.777018] Checking for new bookmarks...
ERROR: (token_expired) 

Next check in 300 seconds...
[2026-02-04T09:45:20.972706] Checking for new bookmarks...
ERROR: (token_expired) 

Next check in 300 seconds...
[2026-02-04T09:50:21.141719] Checking for new bookmarks...
ERROR: (token_expired) 

Next check in 300 seconds...
[2026-02-04T09:55:21.310779] Checking for new bookmarks...
ERROR: (token_expired) 

Next check in 300 seconds...
[2026-02-04T10:00:21.426494] Checking for new bookmarks...
ERROR: (token_expired) 

Next check in 300 seconds...
[2026-02-04T10:05:21.431617] Checking for new bookmarks...
ERROR: (token_expired) 

Next check in 300 seconds...
[2026-02-04T10:10:21.494791] Checking for new bookmarks...
ERROR: (token_expired) 

Next check in 300 seconds...
[2026-02-04T10:15:21.663370] Checking for new bookmarks...
ERROR: (token_expired) 

Next check in 300 seconds...
[2026-02-04T10:20:21.700008] Checking for new bookmarks...
ERROR: (token_expired) 

Next check in 300 seconds...
[2026-02-04T10:25:21.705136] Checking for new bookmarks...
ERROR: (token_expired) 

Next check in 300 seconds...
[2026-02-04T10:30:21.710267] Checking for new bookmarks...
ERROR: (token_expired) 

Next check in 300 seconds...
[2026-02-04T10:35:21.712946] Checking for new bookmarks...
ERROR: (token_expired) 

Next check in 300 seconds...
[2026-02-04T10:40:21.718103] Checking for new bookmarks...
ERROR: (token_expired) 

Next check in 300 seconds...
[2026-02-04T10:45:21.723238] Checking for new bookmarks...
ERROR: (token_expired) 

Next check in 300 seconds...
[2026-02-04T10:50:21.728379] Checking for new bookmarks...
ERROR: (token_expired) 

Next check in 300 seconds...
[2026-02-04T10:55:21.733515] Checking for new bookmarks...
ERROR: (token_expired) 

Next check in 300 seconds...
[2026-02-04T11:00:21.738643] Checking for new bookmarks...
ERROR: (token_expired) 

Next check in 300 seconds...
[2026-02-04T11:05:21.743773] Checking for new bookmarks...
ERROR: (token_expired) 

Next check in 300 seconds...
[2026-02-04T11:10:21.748912] Checking for new bookmarks...
ERROR: (token_expired) 

Next check in 300 seconds...
[2026-02-04T11:15:21.754037] Checking for new bookmarks...
ERROR: (token_expired) 

Next check in 300 seconds...
[2026-02-04T11:20:21.759186] Checking for new bookmarks...
ERROR: (token_expired) 

Next check in 300 seconds...
[2026-02-04T11:25:21.764313] Checking for new bookmarks...
ERROR: (token_expired) 

Next check in 300 seconds...
[2026-02-04T11:30:21.769446] Checking for new bookmarks...
ERROR: (token_expired) 

Next check in 300 seconds...
[2026-02-04T11:35:21.774580] Checking for new bookmarks...
ERROR: (token_expired) 

Next check in 300 seconds...
[2026-02-04T11:40:21.779704] Checking for new bookmarks...
ERROR: (token_expired) 

Next check in 300 seconds...
[2026-02-04T11:45:21.784836] Checking for new bookmarks...
ERROR: (token_expired) 

Next check in 300 seconds...
[2026-02-04T11:50:21.789969] Checking for new bookmarks...
ERROR: (token_expired) 

Next check in 300 seconds...
[2026-02-04T11:55:21.795095] Checking for new bookmarks...
ERROR: (token_expired) 

Next check in 300 seconds...
[2026-02-04T12:00:21.800233] Checking for new bookmarks...
ERROR: (token_expired) 

Next check in 300 seconds...
[2026-02-04T12:05:21.805371] Checking for new bookmarks...
ERROR: (token_expired) 

Next check in 300 seconds...
[2026-02-04T12:10:21.810501] Checking for new bookmarks...
ERROR: (token_expired) 

Next check in 300 seconds...
[2026-02-04T12:15:21.815629] Checking for new bookmarks...
ERROR: (token_expired) 

Next check in 300 seconds...
[2026-02-04T12:20:21.820758] Checking for new bookmarks...
ERROR: (token_expired) 

Next check in 300 seconds...
[2026-02-04T12:25:21.825915] Checking for new bookmarks...
ERROR: (token_expired) 

Next check in 300 seconds...
[2026-02-04T12:30:21.831055] Checking for new bookmarks...
ERROR: (token_expired) 

Next check in 300 seconds...
[2026-02-04T12:35:21.836186] Checking for new bookmarks...
ERROR: (token_expired) 

Next check in 300 seconds...
[2026-02-04T12:40:21.841321] Checking for new bookmarks...
ERROR: (token_expired) 

Next check in 300 seconds...
[2026-02-04T12:45:21.845363] Checking for new bookmarks...
ERROR: (token_expired) 

Next check in 300 seconds...
[2026-02-04T12:50:21.850497] Checking for new bookmarks...
ERROR: (token_expired) 

Next check in 300 seconds...
[2026-02-04T12:55:21.855628] Checking for new bookmarks...
ERROR: (token_expired) 

Next check in 300 seconds...
[2026-02-04T13:00:21.859127] Checking for new bookmarks...
ERROR: (token_expired) 

Next check in 300 seconds...
[2026-02-04T13:05:21.864262] Checking for new bookmarks...
ERROR: (token_expired) 

Next check in 300 seconds...
[2026-02-04T13:10:21.869413] Checking for new bookmarks...
ERROR: (token_expired) 

Next check in 300 seconds...
[2026-02-04T13:15:21.874566] Checking for new bookmarks...
ERROR: (token_expired) 

Next check in 300 seconds...
[2026-02-04T13:20:21.879695] Checking for new bookmarks...
ERROR: (token_expired) 

Next check in 300 seconds...
[2026-02-04T13:25:21.884823] Checking for new bookmarks...
ERROR: (token_expired) 

Next check in 300 seconds...
[2026-02-04T13:30:21.889957] Checking for new bookmarks...
ERROR: (token_expired) 

Next check in 300 seconds...
[2026-02-04T13:35:21.895108] Checking for new bookmarks...
ERROR: (token_expired) 

Next check in 300 seconds...
[2026-02-04T13:40:21.900241] Checking for new bookmarks...
ERROR: (token_expired) 

Next check in 300 seconds...
[2026-02-04T13:45:21.905375] Checking for new bookmarks...
ERROR: (token_expired) 

Next check in 300 seconds...
[2026-02-04T13:50:21.910520] Checking for new bookmarks...
ERROR: (token_expired) 

Next check in 300 seconds...
[2026-02-04T13:55:21.915652] Checking for new bookmarks...
ERROR: (token_expired) 

Next check in 300 seconds...
[2026-02-04T14:00:21.920787] Checking for new bookmarks...
ERROR: (token_expired) 

Next check in 300 seconds...
[2026-02-04T14:05:21.925917] Checking for new bookmarks...
ERROR: (token_expired) 

Next check in 300 seconds...
[2026-02-04T14:10:21.931051] Checking for new bookmarks...
ERROR: (token_expired) 

Next check in 300 seconds...
[2026-02-04T14:15:21.933757] Checking for new bookmarks...
ERROR: (token_expired) 

Next check in 300 seconds...
[2026-02-04T14:20:21.934501] Checking for new bookmarks...
ERROR: (token_expired) 

Next check in 300 seconds...
[2026-02-04T14:25:21.939637] Checking for new bookmarks...
ERROR: (token_expired) 

Next check in 300 seconds...
[2026-02-04T14:30:21.944773] Checking for new bookmarks...
ERROR: (token_expired) 

Next check in 300 seconds...
[2026-02-04T14:35:21.949909] Checking for new bookmarks...
ERROR: (token_expired) 

Next check in 300 seconds...
[2026-02-04T14:40:21.954186] Checking for new bookmarks...
ERROR: (token_expired) 

Next check in 300 seconds...
[2026-02-04T14:45:21.959342] Checking for new bookmarks...
ERROR: (token_expired) 

Next check in 300 seconds...
[2026-02-04T14:50:21.964518] Checking for new bookmarks...
ERROR: (token_expired) 

Next check in 300 seconds...
[2026-02-04T14:55:21.969644] Checking for new bookmarks...
ERROR: (token_expired) 

Next check in 300 seconds...
[2026-02-04T15:00:21.974774] Checking for new bookmarks...
ERROR: (token_expired) 

Next check in 300 seconds...
[2026-02-04T15:05:21.979913] Checking for new bookmarks...
ERROR: (token_expired) 

Next check in 300 seconds...
[2026-02-04T15:10:21.983726] Checking for new bookmarks...
ERROR: (token_expired) 

Next check in 300 seconds...
[2026-02-04T15:15:21.988863] Checking for new bookmarks...
ERROR: (token_expired) 

Next check in 300 seconds...
[2026-02-04T15:20:21.993999] Checking for new bookmarks...
ERROR: (token_expired) 

Next check in 300 seconds...
[2026-02-04T15:25:21.999139] Checking for new bookmarks...
ERROR: (token_expired) 

Next check in 300 seconds...
[2026-02-04T15:30:22.004276] Checking for new bookmarks...
ERROR: (token_expired) 

Next check in 300 seconds...
[2026-02-04T15:35:22.009415] Checking for new bookmarks...
ERROR: (token_expired) 

Next check in 300 seconds...
[2026-02-04T15:40:22.014538] Checking for new bookmarks...
ERROR: (token_expired) 

Next check in 300 seconds...
[2026-02-04T15:45:22.019649] Checking for new bookmarks...
ERROR: (token_expired) 

Next check in 300 seconds...
[2026-02-04T15:50:22.024783] Checking for new bookmarks...
ERROR: (token_expired) 

Next check in 300 seconds...
[2026-02-04T15:55:22.029916] Checking for new bookmarks...
ERROR: (token_expired) 

Next check in 300 seconds...
[2026-02-04T16:00:22.031890] Checking for new bookmarks...
ERROR: (token_expired) 

Next check in 300 seconds...
[2026-02-04T16:05:22.042053] Checking for new bookmarks...
ERROR: (token_expired) 

Next check in 300 seconds...
[2026-02-04T16:10:22.052183] Checking for new bookmarks...
ERROR: (token_expired) 

Next check in 300 seconds...
[2026-02-04T16:15:22.060929] Checking for new bookmarks...
ERROR: (token_expired) 

Next check in 300 seconds...
[2026-02-04T16:20:22.071073] Checking for new bookmarks...
ERROR: (token_expired) 

Next check in 300 seconds...
[2026-02-04T16:25:22.078529] Checking for new bookmarks...
ERROR: (token_expired) 

Next check in 300 seconds...
[2026-02-04T16:30:22.088681] Checking for new bookmarks...
ERROR: (token_expired) 

Next check in 300 seconds...
[2026-02-04T16:35:22.098812] Checking for new bookmarks...
ERROR: (token_expired) 

Next check in 300 seconds...
[2026-02-04T16:40:22.108947] Checking for new bookmarks...
ERROR: (token_expired) 

Next check in 300 seconds...
[2026-02-04T16:45:22.118406] Checking for new bookmarks...
ERROR: (token_expired) 

Next check in 300 seconds...
[2026-02-04T16:50:22.128536] Checking for new bookmarks...
ERROR: (token_expired) 

Next check in 300 seconds...
[2026-02-04T16:55:22.131543] Checking for new bookmarks...
ERROR: (token_expired) 

Next check in 300 seconds...
[2026-02-04T17:00:22.141672] Checking for new bookmarks...
ERROR: (token_expired) 

Next check in 300 seconds...
[2026-02-04T17:05:22.151804] Checking for new bookmarks...
ERROR: (token_expired) 

Next check in 300 seconds...
[2026-02-04T17:10:22.161932] Checking for new bookmarks...
ERROR: (token_expired) 

Next check in 300 seconds...
[2026-02-04T17:15:22.167063] Checking for new bookmarks...
ERROR: (token_expired) 

Next check in 300 seconds...
[2026-02-04T17:20:22.171461] Checking for new bookmarks...
ERROR: (token_expired) 

Next check in 300 seconds...
[2026-02-04T17:25:22.176597] Checking for new bookmarks...
ERROR: (token_expired) 

Next check in 300 seconds...
[2026-02-04T17:30:22.181732] Checking for new bookmarks...
ERROR: (token_expired) 

Next check in 300 seconds...
[2026-02-04T17:35:22.186867] Checking for new bookmarks...
ERROR: (token_expired) 

Next check in 300 seconds...
[2026-02-04T17:40:22.191998] Checking for new bookmarks...
ERROR: (token_expired) 

Next check in 300 seconds...
[2026-02-04T17:45:22.197131] Checking for new bookmarks...
ERROR: (token_expired) 

Next check in 300 seconds...
[2026-02-04T17:50:22.202255] Checking for new bookmarks...
ERROR: (token_expired) 

Next check in 300 seconds...
[2026-02-04T17:55:22.207407] Checking for new bookmarks...
ERROR: (token_expired) 

Next check in 300 seconds...
[2026-02-04T18:00:22.212553] Checking for new bookmarks...
ERROR: (token_expired) 

Next check in 300 seconds...
[2026-02-04T18:05:22.213548] Checking for new bookmarks...
ERROR: (token_expired) 

Next check in 300 seconds...
[2026-02-04T18:10:22.218692] Checking for new bookmarks...
ERROR: (token_expired) 

Next check in 300 seconds...
[2026-02-04T18:15:22.223823] Checking for new bookmarks...
ERROR: (token_expired) 

Next check in 300 seconds...
[2026-02-04T18:20:22.228954] Checking for new bookmarks...
ERROR: (token_expired) 

Next check in 300 seconds...
[2026-02-04T18:25:22.234090] Checking for new bookmarks...
ERROR: (token_expired) 

Next check in 300 seconds...
[2026-02-04T18:30:22.239312] Checking for new bookmarks...
ERROR: (token_expired) 

Next check in 300 seconds...
[2026-02-04T18:35:22.244445] Checking for new bookmarks...
ERROR: (token_expired) 

Next check in 300 seconds...
[2026-02-04T18:40:22.249578] Checking for new bookmarks...
ERROR: (token_expired) 

Next check in 300 seconds...
[2026-02-04T18:45:22.254712] Checking for new bookmarks...
ERROR: (token_expired) 

Next check in 300 seconds...
[2026-02-04T18:50:22.259849] Checking for new bookmarks...
ERROR: (token_expired) 

Next check in 300 seconds...
[2026-02-04T18:55:22.264974] Checking for new bookmarks...
ERROR: (token_expired) 

Next check in 300 seconds...
[2026-02-04T19:00:22.270100] Checking for new bookmarks...
ERROR: (token_expired) 

Next check in 300 seconds...
[2026-02-04T19:05:22.275215] Checking for new bookmarks...
ERROR: (token_expired) 

Next check in 300 seconds...
[2026-02-04T19:10:22.280350] Checking for new bookmarks...
ERROR: (token_expired) 

Next check in 300 seconds...
[2026-02-04T19:15:22.285483] Checking for new bookmarks...
ERROR: (token_expired) 

Next check in 300 seconds...
[2026-02-04T19:20:22.290642] Checking for new bookmarks...
ERROR: (token_expired) 

Next check in 300 seconds...
[2026-02-04T19:25:22.292250] Checking for new bookmarks...
ERROR: (token_expired) 

Next check in 300 seconds...
[2026-02-04T19:30:22.297403] Checking for new bookmarks...
ERROR: (token_expired) 

Next check in 300 seconds...
[2026-02-04T19:35:22.302543] Checking for new bookmarks...
ERROR: (token_expired) 

Next check in 300 seconds...
[2026-02-04T19:40:22.307693] Checking for new bookmarks...
ERROR: (token_expired) 

Next check in 300 seconds...
[2026-02-04T19:45:22.312827] Checking for new bookmarks...
ERROR: (token_expired) 

Next check in 300 seconds...
[2026-02-04T19:50:22.317955] Checking for new bookmarks...
ERROR: (token_expired) 

Next check in 300 seconds...
[2026-02-04T19:55:22.323087] Checking for new bookmarks...
ERROR: (token_expired) 

Next check in 300 seconds...
[2026-02-04T20:00:22.324687] Checking for new bookmarks...
ERROR: (token_expired) 

Next check in 300 seconds...
[2026-02-04T20:05:22.325818] Checking for new bookmarks...
ERROR: (token_expired) 

Next check in 300 seconds...
[2026-02-04T20:10:22.330957] Checking for new bookmarks...
ERROR: (token_expired) 

Next check in 300 seconds...
[2026-02-04T20:15:22.334540] Checking for new bookmarks...
ERROR: (token_expired) 

Next check in 300 seconds...
[2026-02-04T20:20:22.339677] Checking for new bookmarks...
ERROR: (token_expired) 

Next check in 300 seconds...
[2026-02-04T20:25:22.344811] Checking for new bookmarks...
ERROR: (token_expired) 

Next check in 300 seconds...
[2026-02-04T20:30:22.345672] Checking for new bookmarks...
ERROR: (token_expired) 

Next check in 300 seconds...
[2026-02-04T20:35:22.350820] Checking for new bookmarks...
ERROR: (token_expired) 

Next check in 300 seconds...
[2026-02-04T20:40:22.355951] Checking for new bookmarks...
ERROR: (token_expired) 

Next check in 300 seconds...
[2026-02-04T20:45:22.360045] Checking for new bookmarks...
ERROR: (token_expired) 

Next check in 300 seconds...
[2026-02-04T20:50:22.363793] Checking for new bookmarks...
ERROR: (token_expired) 

Next check in 300 seconds...
[2026-02-04T20:55:22.368940] Checking for new bookmarks...
ERROR: (token_expired) 

Next check in 300 seconds...
[2026-02-04T21:00:22.372487] Checking for new bookmarks...
ERROR: (token_expired) 

Next check in 300 seconds...
[2026-02-04T21:05:22.374617] Checking for new bookmarks...
ERROR: (token_expired) 

Next check in 300 seconds...
[2026-02-04T21:10:22.379768] Checking for new bookmarks...
ERROR: (token_expired) 

Next check in 300 seconds...
[2026-02-04T21:15:22.389907] Checking for new bookmarks...
ERROR: (token_expired) 

Next check in 300 seconds...
[2026-02-04T21:20:22.392224] Checking for new bookmarks...
ERROR: (token_expired) 

Next check in 300 seconds...
[2026-02-04T21:25:22.393233] Checking for new bookmarks...
ERROR: (token_expired) 

Next check in 300 seconds...
[2026-02-04T21:30:22.398379] Checking for new bookmarks...
ERROR: (token_expired) 

Next check in 300 seconds...
[2026-02-04T21:35:22.403515] Checking for new bookmarks...
ERROR: (token_expired) 

Next check in 300 seconds...
[2026-02-04T21:40:22.408664] Checking for new bookmarks...
ERROR: (token_expired) 

Next check in 300 seconds...
[2026-02-04T21:45:22.413794] Checking for new bookmarks...
ERROR: (token_expired) 

Next check in 300 seconds...
[2026-02-04T21:50:22.418937] Checking for new bookmarks...
ERROR: (token_expired) 

Next check in 300 seconds...
[2026-02-04T21:55:22.424071] Checking for new bookmarks...
ERROR: (token_expired) 

Next check in 300 seconds...
[2026-02-04T22:00:22.429224] Checking for new bookmarks...
ERROR: (token_expired) 

Next check in 300 seconds...
[2026-02-04T22:05:22.434393] Checking for new bookmarks...
ERROR: (token_expired) 

Next check in 300 seconds...
[2026-02-04T22:10:22.444527] Checking for new bookmarks...
ERROR: (token_expired) 

Next check in 300 seconds...
[2026-02-04T22:15:22.454651] Checking for new bookmarks...
ERROR: (token_expired) 

Next check in 300 seconds...
[2026-02-04T22:20:22.458264] Checking for new bookmarks...
ERROR: (token_expired) 

Next check in 300 seconds...
[2026-02-04T22:25:22.463408] Checking for new bookmarks...
ERROR: (token_expired) 

Next check in 300 seconds...
[2026-02-04T22:30:22.464602] Checking for new bookmarks...
ERROR: (token_expired) 

Next check in 300 seconds...
[2026-02-04T22:35:22.469759] Checking for new bookmarks...
ERROR: (token_expired) 

Next check in 300 seconds...
[2026-02-04T22:40:22.472409] Checking for new bookmarks...
ERROR: (token_expired) 

Next check in 300 seconds...
[2026-02-04T22:45:22.477545] Checking for new bookmarks...
ERROR: (token_expired) 

Next check in 300 seconds...
[2026-02-04T22:50:22.480633] Checking for new bookmarks...
ERROR: (token_expired) 

Next check in 300 seconds...
[2026-02-04T22:55:22.485769] Checking for new bookmarks...
ERROR: (token_expired) 

Next check in 300 seconds...
[2026-02-04T23:00:22.495900] Checking for new bookmarks...
ERROR: (token_expired) 

Next check in 300 seconds...
[2026-02-04T23:05:22.501044] Checking for new bookmarks...
ERROR: (token_expired) 

Next check in 300 seconds...
[2026-02-04T23:10:22.506198] Checking for new bookmarks...
ERROR: (token_expired) 

Next check in 300 seconds...
[2026-02-04T23:15:22.511341] Checking for new bookmarks...
ERROR: (token_expired) 

Next check in 300 seconds...
[2026-02-04T23:20:22.516493] Checking for new bookmarks...
ERROR: (token_expired) 

Next check in 300 seconds...
[2026-02-04T23:25:22.521619] Checking for new bookmarks...
ERROR: (token_expired) 

Next check in 300 seconds...
[2026-02-04T23:30:22.526013] Checking for new bookmarks...
ERROR: (token_expired) 

Next check in 300 seconds...
[2026-02-04T23:35:22.531149] Checking for new bookmarks...
ERROR: (token_expired) 

Next check in 300 seconds...
[2026-02-04T23:40:22.536283] Checking for new bookmarks...
ERROR: (token_expired) 

Next check in 300 seconds...
[2026-02-04T23:45:22.541406] Checking for new bookmarks...
ERROR: (token_expired) 

Next check in 300 seconds...
[2026-02-04T23:50:22.551543] Checking for new bookmarks...
ERROR: (token_expired) 

Next check in 300 seconds...
[2026-02-04T23:55:22.561681] Checking for new bookmarks...
ERROR: (token_expired) 

Next check in 300 seconds...
[2026-02-05T00:00:22.571810] Checking for new bookmarks...
ERROR: (token_expired) 

Next check in 300 seconds...
[2026-02-05T00:05:22.581950] Checking for new bookmarks...
ERROR: (token_expired) 

Next check in 300 seconds...
[2026-02-05T00:10:22.592113] Checking for new bookmarks...
ERROR: (token_expired) 

Next check in 300 seconds...
[2026-02-05T00:15:22.595885] Checking for new bookmarks...
ERROR: (token_expired) 

Next check in 300 seconds...
[2026-02-05T00:20:22.606043] Checking for new bookmarks...
ERROR: (token_expired) 

Next check in 300 seconds...
[2026-02-05T00:25:22.616178] Checking for new bookmarks...
ERROR: (token_expired) 

Next check in 300 seconds...
[2026-02-05T00:30:22.626313] Checking for new bookmarks...
ERROR: (token_expired) 

Next check in 300 seconds...
[2026-02-05T00:35:22.636439] Checking for new bookmarks...
ERROR: (token_expired) 

Next check in 300 seconds...
[2026-02-05T00:40:22.646570] Checking for new bookmarks...
ERROR: (token_expired) 

Next check in 300 seconds...
[2026-02-05T00:45:22.656699] Checking for new bookmarks...
ERROR: (token_expired) 

Next check in 300 seconds...
[2026-02-05T00:50:22.666833] Checking for new bookmarks...
ERROR: (token_expired) 

Next check in 300 seconds...
[2026-02-05T00:55:22.676965] Checking for new bookmarks...
ERROR: (token_expired) 

Next check in 300 seconds...
[2026-02-05T01:00:22.687099] Checking for new bookmarks...
ERROR: (token_expired) 

Next check in 300 seconds...
[2026-02-05T01:05:22.697232] Checking for new bookmarks...
ERROR: (token_expired) 

Next check in 300 seconds...
[2026-02-05T01:10:22.707369] Checking for new bookmarks...
ERROR: (token_expired) 

Next check in 300 seconds...
[2026-02-05T01:15:22.717503] Checking for new bookmarks...
ERROR: (token_expired) 

Next check in 300 seconds...
[2026-02-05T01:20:22.727640] Checking for new bookmarks...
ERROR: (token_expired) 

Next check in 300 seconds...
[2026-02-05T01:25:22.737769] Checking for new bookmarks...
ERROR: (token_expired) 

Next check in 300 seconds...
[2026-02-05T01:30:22.747902] Checking for new bookmarks...
ERROR: (token_expired) 

Next check in 300 seconds...
[2026-02-05T01:35:22.758034] Checking for new bookmarks...
ERROR: (token_expired) 

Next check in 300 seconds...
[2026-02-05T01:40:22.768170] Checking for new bookmarks...