======================================================================
SØWL CONTINUOUS IMPROVER
Phase 4→3→8 running autonomously
======================================================================
Cycle frequency: every 10 minutes
Logs: /Users/aaronnosbisch/REPOS/seed/BRAIN/IMPROVEMENTS


======================================================================
CONTINUOUS IMPROVER - CYCLE 2
2026-01-29 04:50:05
======================================================================

Phase 1: PERCEIVE - Analyzing current performance...
  Trading: 30 cycles
  Signals: no_bookmark_data
  System: running

Phase 4: QUESTION - Generating improvement questions...
  Generated 5 questions:
    1. How can I establish verifiable performance tracking for my trading signals instead of just analyzing promotional content, given that my last two cycles resulted in PASS decisions due to "zero actionable edge" and lack of real market data?
    2. What real-time data sources should I integrate beyond social media signals to generate actual trading opportunities, such as on-chain analytics, order book data, volume spikes, or price breakouts that could provide the "hard data" I keep identifying as missing?
    3. Should I implement a tiered signal classification system that separates high-confidence technical setups from low-confidence narrative plays, allowing me to focus computational resources on signals with actual price/volume data rather than spending cycles on promotional tweets?
    4. How can I reduce my analysis cycle time from the current lengthy format to faster pattern recognition, especially for the 15-minute opportunity window I'm supposed to identify but keep marking as "None identified" due to insufficient data processing speed?
    5. What specific quantitative thresholds should I establish for different signal types (e.g., minimum volume requirements, RSI levels, on-chain transaction sizes) so I can automatically filter out noise and focus on signals that meet my "actionable edge" criteria?

Phase 3: LEARN - Searching for answers...
  Question 1: How can I establish verifiable performance tracking for my t...
    Found 1 potential answers
  Phase 8: IMPROVE - Evaluating integration safety...
    ⏸️  Manual review needed: This is a comprehensive guide for building trading signal verification systems that requires: 1) External API integrations with financial data providers, 2) Database infrastructure setup, 3) Custom code development for logging and analytics, 4) Third-party platform integrations, 5) Real money/trading account considerations. These changes involve financial data handling, external dependencies, and complex system architecture that cannot be safely automated without human oversight and testing.
  Question 2: What real-time data sources should I integrate beyond social...
    Found 1 potential answers
  Phase 8: IMPROVE - Evaluating integration safety...
    ⏸️  Manual review needed: This involves integrating numerous external APIs with potential costs, requires secure credential management, needs proper data pipeline architecture, and could significantly impact system performance and reliability. Each data source has different rate limits, pricing models, and reliability characteristics that need careful evaluation. Additionally, this represents a major expansion of the system's scope from social media analysis to comprehensive market data integration.
  Question 3: Should I implement a tiered signal classification system tha...
    Found 1 potential answers
  Phase 8: IMPROVE - Evaluating integration safety...
    ⏸️  Manual review needed: This is a fundamental system redesign that affects core trading logic, resource allocation, and risk management. It requires: 1) New ML models for signal classification, 2) Complete rewrite of signal processing pipeline, 3) New resource allocation algorithms, 4) Extensive backtesting to validate the tiered approach doesn't miss profitable opportunities, 5) Integration of multiple new libraries (TA-Lib, zipline, ccxt), and 6) Potential changes to position sizing and risk management based on signal confidence tiers. Any bugs could result in missed trades, misallocated capital, or system instability. This needs careful planning, development, and testing phases.
  Question 4: How can I reduce my analysis cycle time from the current len...
    Found 1 potential answers
  Phase 8: IMPROVE - Evaluating integration safety...
    ⏸️  Manual review needed: This involves financial trading systems with real-time data processing, API integrations with trading platforms, and algorithmic trading logic that could result in financial losses if implemented incorrectly. The suggestions include code changes to trading algorithms, integration with external financial APIs (Interactive Brokers, Alpaca, Binance), and deployment of AI models for market analysis. Any automated implementation could lead to unintended trades, data corruption, or system failures with significant financial consequences. This requires careful manual review, testing in sandbox environments, and gradual implementation with proper risk management controls.
  Question 5: What specific quantitative thresholds should I establish for...
    Found 1 potential answers
  Phase 8: IMPROVE - Evaluating integration safety...
    ⏸️  Manual review needed: While the thresholds provided are comprehensive and well-researched, automatically integrating quantitative trading filters without proper validation could lead to significant financial losses. The thresholds are generic and need customization for specific trading strategies, market conditions, and risk tolerance. Additionally, the suggested leverage limits, stop-loss levels, and position sizing rules directly impact capital at risk. The dynamic threshold adjustments and circuit breakers require sophisticated risk management systems that must be thoroughly tested before live implementation.

======================================================================
Cycle 2 complete
Next cycle in 10 minutes...
======================================================================

Sleeping for 7m 29s...
(Press Ctrl+C to stop)


======================================================================
CONTINUOUS IMPROVER - CYCLE 3
2026-01-29 05:00:06
======================================================================

Phase 1: PERCEIVE - Analyzing current performance...
  Trading: 31 cycles
  Signals: no_bookmark_data
  System: running

Phase 4: QUESTION - Generating improvement questions...
  Generated 5 questions:
    1. Why are we consistently finding zero immediate opportunities despite processing 4 signals per cycle - are we being too conservative with our 15-minute timeframe criteria, or do we need higher-velocity data sources that capture price movements concurrent with social signals?
    2. Our analysis keeps flagging "promotional tweets" and "FOMO bait" but passing on trades - should we develop a contrarian fade strategy to profit from these retail sentiment spikes, especially given the noted "80% hype tweets fade in 24h" pattern?
    3. We're mentioning specific thresholds like "Hyperliquid volume >$100M/hr" and "Polymarket election bet skew >10%" but have no automated monitoring for these triggers - how can we implement real-time alerts and auto-execution when these conditions are met?
    4. The signal quality shows "no_bookmark_data" across all cycles - are we missing critical market-moving information because our Twitter scraping isn't capturing bookmarked alpha or premium trading signals that require different access methods?
    5. Our analysis references specific metrics (BTC dominance 62%, Polymarket Trump odds 55%, Hyperliquid OI $500M) but these aren't verified against live data feeds - should we integrate direct API connections to these platforms to validate our assumptions and catch discrepancies that could signal opportunities?

Phase 3: LEARN - Searching for answers...
  Question 1: Why are we consistently finding zero immediate opportunities...
    Found 1 potential answers
  Phase 8: IMPROVE - Evaluating integration safety...
    ⏸️  Manual review needed: The recommendations involve fundamental changes to trading timeframes (15min to 1-5min), signal validation criteria, and data sources. These changes could significantly alter trading behavior and risk profile. The suggestion to use shorter timeframes increases trade frequency and potentially slippage costs. Signal threshold modifications could lead to false positives or missed opportunities. Financial trading parameter changes require careful backtesting, risk assessment, and gradual implementation rather than automatic integration.
  Question 2: Our analysis keeps flagging "promotional tweets" and "FOMO b...
    Found 1 potential answers
  Phase 8: IMPROVE - Evaluating integration safety...
    ⏸️  Manual review needed: This involves developing a new trading strategy based on sentiment analysis and contrarian positioning, which carries significant financial, regulatory, and operational risks. The strategy involves: 1) Real money trading decisions based on social media sentiment, 2) Potential market manipulation concerns, 3) Regulatory compliance requirements for sentiment-based trading, 4) High execution risk during volatile periods, 5) Substantial capital risk if the '80% fade' pattern breaks down. Additionally, the response itself acknowledges inability to provide current/future information, making the analysis incomplete. This requires comprehensive risk assessment, backtesting, compliance review, and gradual implementation rather than automatic integration.
  Question 3: We're mentioning specific thresholds like "Hyperliquid volum...
    Found 1 potential answers
  Phase 8: IMPROVE - Evaluating integration safety...
    ⏸️  Manual review needed: This involves automated trading execution with real funds based on external market triggers. The implementation requires: API integrations with third-party services, automated transaction execution, real-time monitoring systems, and complex risk management logic. Any bugs could result in significant financial losses, unintended trades, or system failures. The complexity of the monitoring infrastructure, multiple external dependencies, and automated execution make this unsuitable for automatic integration without extensive testing and manual oversight.
  Question 4: The signal quality shows "no_bookmark_data" across all cycle...
    Found 2 potential answers
  Phase 8: IMPROVE - Evaluating integration safety...
    ⏸️  Manual review needed: The proposed solution involves: 1) Web scraping that may violate platform ToS, 2) Accessing private/premium content without explicit permission, 3) Using automation tools like Selenium that platforms actively block, 4) Potential legal issues with accessing 'insider info' or private trading signals, 5) Rate limiting and IP blocking risks, 6) Security concerns with storing premium community access credentials. This requires careful legal and technical review before implementation.
  Question 5: Our analysis references specific metrics (BTC dominance 62%,...
    Found 1 potential answers
  Phase 8: IMPROVE - Evaluating integration safety...
    ⏸️  Manual review needed: While the improvement is valuable, integrating multiple external APIs involves significant risks: API key exposure, rate limiting failures, network dependency, potential trading decisions based on API downtime/errors, and financial exposure from automated actions on unvalidated data feeds. This requires careful architecture design, security review, and gradual rollout rather than automatic integration.

======================================================================
Cycle 3 complete
Next cycle in 10 minutes...
======================================================================

Sleeping for 7m 38s...
(Press Ctrl+C to stop)


======================================================================
CONTINUOUS IMPROVER - CYCLE 4
2026-01-29 05:10:06
======================================================================

Phase 1: PERCEIVE - Analyzing current performance...
  Trading: 32 cycles
  Signals: no_bookmark_data
  System: running

Phase 4: QUESTION - Generating improvement questions...
  Generated 5 questions:
    1. Why am I consistently finding "no immediate opportunities" in 15-minute windows despite processing 4 signals per cycle - am I being too conservative, or do I need faster data sources with actual price/volume feeds instead of social media noise?
    2. My analysis keeps identifying the same AI trading/Polymarket narrative across multiple cycles without actionable trades - should I expand beyond Twitter-based signals to include order book data, on-chain analytics, or real-time market feeds from exchanges?
    3. I'm recommending WAIT/PASS on every cycle while noting potential volume spikes and whale movements - do I need more aggressive position sizing rules or shorter confirmation windows to actually capture the moves I'm identifying?
    4. My risk assessment consistently flags "promotional hype" and "social noise" - should I implement a signal filtering system to automatically score and rank sources by historical accuracy before analysis?
    5. I keep referencing specific metrics (Hyperliquid OI, Polymarket volumes, BTC levels) but have no real-time access to verify them - what data integrations would give me actual market data instead of relying on social sentiment analysis?

Phase 3: LEARN - Searching for answers...
  Question 1: Why am I consistently finding "no immediate opportunities" i...
    Found 1 potential answers
  Phase 8: IMPROVE - Evaluating integration safety...
    ⏸️  Manual review needed: This involves fundamental changes to trading algorithms, data sources, and risk thresholds that could significantly impact financial outcomes. The suggested modifications include dynamic threshold adjustments, new data feeds, signal fusion algorithms, and processing optimizations - all of which require extensive backtesting, validation, and incremental rollout to avoid substantial trading losses. Trading system changes should never be automatically integrated without human oversight and thorough testing.
  Question 2: My analysis keeps identifying the same AI trading/Polymarket...
    Found 1 potential answers
  Phase 8: IMPROVE - Evaluating integration safety...
    ⏸️  Manual review needed: This involves significant changes to trading infrastructure including new data feeds (order book, on-chain, real-time exchanges), potential API costs, increased system complexity, and fundamentally different signal processing logic. Each new data source introduces latency, reliability, and cost considerations that could impact trading performance. The multi-layer signal architecture suggested requires extensive backtesting and gradual rollout to validate effectiveness without risking capital on untested integrations.
  Question 3: I'm recommending WAIT/PASS on every cycle while noting poten...
    Found 1 potential answers
  Phase 8: IMPROVE - Evaluating integration safety...
    ⏸️  Manual review needed: The recommendations involve fundamental changes to risk management, position sizing, and execution timing that could significantly impact capital. Automated integration of more aggressive position sizing, shorter confirmation windows, and immediate entries based on whale movements without proper backtesting and risk controls could lead to substantial losses. These changes require careful manual calibration, paper trading validation, and gradual implementation with safety limits.
  Question 4: My risk assessment consistently flags "promotional hype" and...
    Found 1 potential answers
  Phase 8: IMPROVE - Evaluating integration safety...
    ⏸️  Manual review needed: Signal filtering systems for risk assessment involve complex scoring algorithms that can introduce dangerous biases, false confidence, or systematic blind spots. The proposed scoring formula and noise detection methods could filter out legitimate contrarian signals or early warnings while amplifying groupthink. Historical accuracy weighting may not predict future reliability, especially during market regime changes. This requires human oversight for algorithm design, extensive backtesting against known events, validation of scoring weights, and gradual implementation with constant monitoring rather than automatic integration.
  Question 5: I keep referencing specific metrics (Hyperliquid OI, Polymar...
    Found 1 potential answers
  Phase 8: IMPROVE - Evaluating integration safety...
    ⏸️  Manual review needed: This involves multiple external API integrations requiring API keys, credential management, rate limiting considerations, and potential financial data dependencies. The code examples need security review, error handling, and proper authentication. Additionally, some APIs may have costs or usage limits that need evaluation before integration.

======================================================================
Cycle 4 complete
Next cycle in 10 minutes...
======================================================================

Sleeping for 4m 8s...
(Press Ctrl+C to stop)


======================================================================
CONTINUOUS IMPROVER - CYCLE 5
2026-01-29 05:20:07
======================================================================

Phase 1: PERCEIVE - Analyzing current performance...
  Trading: 32 cycles
  Signals: no_bookmark_data
  System: running

Phase 4: QUESTION - Generating improvement questions...
  Generated 6 questions:
    1. Why am I consistently recommending WAIT/PASS actions for 5 consecutive cycles despite identifying clear narrative trends (AI trading bots, Hyperliquid, Polymarket) - am I being too conservative or do I need better entry criteria for momentum plays?
    2. How can I integrate real-time on-chain data (Hyperliquid OI, Polymarket volumes, DEX flows) into my analysis pipeline instead of just mentioning I should "check Dune" after the fact?
    3. What specific volume/price thresholds should trigger position entries for narrative-driven trades - instead of vague criteria like "2x spike" or ">$100M/hr"?
    4. Am I missing profitable scalping opportunities by focusing only on 15-minute windows when these AI/prediction market narratives might develop over 2-4 hour timeframes?
    5. Should I implement sentiment momentum scoring (Twitter mention velocity, engagement rates) to quantify when social signals translate to tradeable price action versus noise?
    6. Why haven't I executed any trades in 32+ cycles - is my risk assessment too stringent or am I lacking proper data feeds to identify genuine alpha?

Phase 3: LEARN - Searching for answers...
  Question 1: Why am I consistently recommending WAIT/PASS actions for 5 c...
    Found 1 potential answers
  Phase 8: IMPROVE - Evaluating integration safety...
    ⏸️  Manual review needed: This involves fundamental changes to trading strategy, position sizing, and risk management parameters that could significantly impact capital allocation and losses. The suggestions include reducing position sizes, increasing trading frequency, and modifying entry criteria - all of which require careful consideration of individual risk tolerance, capital constraints, and market conditions. Automated implementation could lead to unintended overtrading or inappropriate risk exposure without proper backtesting and validation.
  Question 2: How can I integrate real-time on-chain data (Hyperliquid OI,...
    Found 1 potential answers
  Phase 8: IMPROVE - Evaluating integration safety...
    ⏸️  Manual review needed: While the code examples are well-structured, integrating real-time on-chain data involves: 1) Adding multiple new external dependencies and API integrations that could introduce breaking changes, 2) Implementing WebSocket connections and async processing that requires infrastructure changes, 3) Potential rate limiting and API cost considerations, 4) Need for proper error handling and failover mechanisms for real-time data streams, 5) Security considerations for API keys and external connections. This is a major feature enhancement rather than a simple improvement and requires human oversight for proper implementation.
  Question 3: What specific volume/price thresholds should trigger positio...
    Found 1 potential answers
  Phase 8: IMPROVE - Evaluating integration safety...
    ⏸️  Manual review needed: The response acknowledges inability to perform web searches but doesn't provide the specific thresholds requested. It offers research methodology instead of concrete trading criteria. While the guidance is educational, it doesn't directly solve the user's need for specific entry thresholds, potentially leaving them without actionable trading parameters.
  Question 4: Am I missing profitable scalping opportunities by focusing o...
    Found 1 potential answers
  Phase 8: IMPROVE - Evaluating integration safety...
    ⏸️  Manual review needed: This involves fundamental changes to trading strategy and timeframes, which directly impacts financial risk. The response suggests backtesting, monitoring new metrics, and potentially changing position sizing/holding periods - all of which require careful manual validation before automation. Auto-integrating trading strategy changes without proper testing could lead to significant losses.
  Question 5: Should I implement sentiment momentum scoring (Twitter menti...
    Found 1 potential answers
  Phase 8: IMPROVE - Evaluating integration safety...
    ⏸️  Manual review needed: This is a complex trading strategy implementation requiring: 1) External API integrations (Twitter, exchanges) with rate limits and costs, 2) Real-time data processing and storage infrastructure, 3) Machine learning model development and validation, 4) Financial risk management and position sizing, 5) Regulatory compliance considerations, 6) Extensive backtesting to avoid false signals. The answer provides a framework but no actual implementation - this needs months of development, testing, and validation before being safe for automated trading.
  Question 6: Why haven't I executed any trades in 32+ cycles - is my risk...
    Found 1 potential answers
  Phase 8: IMPROVE - Evaluating integration safety...
    ⏸️  Manual review needed: Trading system modifications, especially risk parameter changes and data feed alterations, can lead to significant financial losses if automated without proper validation. The suggestions involve lowering risk thresholds, changing position sizing algorithms, and modifying core trading logic - all of which require careful backtesting, paper trading validation, and human oversight. Additionally, the response contains general advice rather than system-specific diagnostics, making automated implementation potentially harmful to the existing strategy.

======================================================================
Cycle 5 complete
Next cycle in 10 minutes...
======================================================================

Sleeping for 7m 30s...
(Press Ctrl+C to stop)


======================================================================
CONTINUOUS IMPROVER - CYCLE 6
2026-01-29 05:30:07
======================================================================

Phase 1: PERCEIVE - Analyzing current performance...
  Trading: 33 cycles
  Signals: no_bookmark_data
  System: running

Phase 4: QUESTION - Generating improvement questions...
  Generated 5 questions:
    1. Why am I consistently getting zero actionable trading opportunities despite processing 4 signals per cycle - is the issue with my signal sources (too much promotional noise) or my analysis criteria (too strict filtering)?
    2. Should I add real-time price/volume data feeds (like Dexscreener API, Hyperliquid orderbook, or on-chain whale trackers) to validate social signals with actual market movements instead of relying purely on Twitter sentiment?
    3. How can I reduce my analysis latency from the current ~15-minute cycle time to under 5 minutes to catch momentum trades, especially for the AI/meme coin narratives I keep identifying but never execute on?
    4. What specific quantitative thresholds should I implement for "edge validation" - for example, minimum volume spikes (>$50M mentioned), minimum social velocity metrics, or correlation patterns between Twitter mentions and price action?
    5. Should I develop a paper trading module to backtest my "PASS" decisions and measure opportunity cost - how many of these AI narrative plays actually pumped 10-30% within 1-6 hours after I identified but rejected them?

Phase 3: LEARN - Searching for answers...
  Question 1: Why am I consistently getting zero actionable trading opport...
    Found 1 potential answers
  Phase 8: IMPROVE - Evaluating integration safety...
    ⏸️  Manual review needed: Trading system modifications involve financial risk and require human judgment. The response suggests A/B testing filters, adjusting risk ratios, and changing signal processing - all of which could impact live trading positions. Additionally, the user needs to manually audit their specific signal sources and correlations before implementing any suggested changes. Automated integration could lead to financial losses.
  Question 2: Should I add real-time price/volume data feeds (like Dexscre...
    Found 1 potential answers
  Phase 8: IMPROVE - Evaluating integration safety...
    ⏸️  Manual review needed: This involves major architectural changes including: 1) Adding multiple new external API dependencies that could fail or have rate limits, 2) Implementing complex correlation logic between social signals and market data that could have bugs, 3) Potential for increased false signals during integration period, 4) Need for extensive backtesting to validate the multi-signal approach, 5) Risk of API key exposure and increased attack surface, 6) Trading logic changes that could impact financial performance if implemented incorrectly
  Question 3: How can I reduce my analysis latency from the current ~15-mi...
    Found 1 potential answers
  Phase 8: IMPROVE - Evaluating integration safety...
    ⏸️  Manual review needed: This involves multiple high-risk components: 1) Real-time trading systems where latency bugs could cause significant financial losses, 2) Infrastructure changes requiring WebSocket connections, caching layers, and streaming systems, 3) Integration with external APIs and social media monitoring that could fail or provide bad data, 4) Automated trading decisions based on meme coin signals which are extremely volatile and risky, 5) No existing system to modify - this appears to be building a new trading system from scratch. Each component requires careful testing, gradual rollout, and extensive validation before any automation.
  Question 4: What specific quantitative thresholds should I implement for...
    Found 1 potential answers
  Phase 8: IMPROVE - Evaluating integration safety...
    ⏸️  Manual review needed: Trading thresholds directly impact financial decisions and risk exposure. The suggested values (3-5x volume spikes, 2-5% portfolio risk, specific correlation coefficients) could lead to significant losses if implemented without proper validation against historical data and current market conditions. Additionally, these parameters need to be adjusted for different asset classes, market volatility regimes, and integrated with existing position sizing and risk management systems.
  Question 5: Should I develop a paper trading module to backtest my "PASS...
    Found 1 potential answers
  Phase 8: IMPROVE - Evaluating integration safety...
    ⏸️  Manual review needed: This is a complex feature request requiring: 1) Custom application development with multiple components (logging, tracking, analysis), 2) Integration with external APIs and data sources, 3) Business logic decisions about what to track and how, 4) Potential financial implications if automated incorrectly, 5) Architecture decisions about data storage and analysis frameworks. This goes far beyond simple configuration changes and requires deliberate human planning and implementation.

======================================================================
Cycle 6 complete
Next cycle in 10 minutes...
======================================================================

Sleeping for 8m 14s...
(Press Ctrl+C to stop)


======================================================================
CONTINUOUS IMPROVER - CYCLE 7
2026-01-29 05:40:07
======================================================================

Phase 1: PERCEIVE - Analyzing current performance...
  Trading: 34 cycles
  Signals: no_bookmark_data
  System: running

Phase 4: QUESTION - Generating improvement questions...
  Generated 5 questions:
    1. Why am I consistently finding zero immediate trading opportunities across 4 cycles - am I scanning the wrong data sources, or is my opportunity detection threshold set too high?
    2. How can I integrate real-time orderbook data, volume spikes, and price action feeds to complement the narrative/sentiment analysis that currently dominates my signals?
    3. Should I implement a tiered signal system (noise/weak/strong/urgent) rather than the current binary pass/fail approach that's resulted in 100% "PASS" recommendations?
    4. What specific on-chain metrics (Hyperliquid OI changes, Polymarket volume spikes, whale wallet movements) should I monitor in real-time to validate or contradict the social sentiment patterns I'm detecting?
    5. How can I reduce the 10+ minute lag between cycles when fast-moving opportunities in crypto typically last 2-5 minutes - should I implement continuous monitoring with interrupt-based alerts for high-confidence signals?

Phase 3: LEARN - Searching for answers...
  Question 1: Why am I consistently finding zero immediate trading opportu...
    Found 2 potential answers
  Phase 8: IMPROVE - Evaluating integration safety...
    ⏸️  Manual review needed: There's a critical discrepancy - user reports zero opportunities across 4 cycles while internal analysis shows 4.0 signals per cycle average. This suggests either: 1) Data pipeline disconnect, 2) Filtering logic error, 3) Signal processing failure, or 4) Definition mismatch between 'opportunities' and 'signals'. Automatically lowering thresholds or changing detection logic without understanding this discrepancy could flood the system with false positives or mask a serious underlying issue. Manual investigation is required to identify root cause before any automation changes.
  Question 2: How can I integrate real-time orderbook data, volume spikes,...
    Found 1 potential answers
  Phase 8: IMPROVE - Evaluating integration safety...
    ⏸️  Manual review needed: This is a complex trading system overhaul involving real-time financial data streams, WebSocket connections, new dependencies, and signal fusion algorithms. It requires financial risk management, thorough backtesting, and could significantly alter trading behavior. The suggestion involves external APIs, new infrastructure components (InfluxDB, Redis, Kafka), and fundamental changes to signal generation logic. This cannot be safely automated and needs careful human oversight, testing, and gradual rollout.
  Question 3: Should I implement a tiered signal system (noise/weak/strong...
    Found 1 potential answers
  Phase 8: IMPROVE - Evaluating integration safety...
    ⏸️  Manual review needed: This is a fundamental architectural change that affects the core decision-making logic. Moving from binary to tiered signals requires: 1) Model modifications to output confidence scores, 2) New threshold calibration across multiple tiers, 3) Position sizing integration, 4) Risk management adjustments, 5) Extensive backtesting to validate performance. The current 100% PASS rate suggests either overfitted thresholds or data issues that need investigation first. Automatic integration could lead to significant trading losses due to untested confidence boundaries and position sizing logic.
  Question 4: What specific on-chain metrics (Hyperliquid OI changes, Poly...
    Found 1 potential answers
  Phase 8: IMPROVE - Evaluating integration safety...
    ⏸️  Manual review needed: This involves multiple high-risk elements: real-time trading decisions, external API dependencies, whale wallet tracking (potential privacy/legal concerns), automated position sizing, and cross-platform data correlation. The complexity of integrating multiple data sources with WebSocket connections, the potential for false signals leading to financial losses, and the need for sophisticated risk management systems make automatic integration unsafe. Additionally, the recommendation includes automated trading features that could execute transactions based on potentially unreliable correlations.
  Question 5: How can I reduce the 10+ minute lag between cycles when fast...
    Found 1 potential answers
  Phase 8: IMPROVE - Evaluating integration safety...
    ⏸️  Manual review needed: This involves major architectural changes to a trading system including real-time data streams, automated trading decisions, and financial transactions. The complexity spans infrastructure (WebSockets, message queues), code architecture (event-driven systems), and trading logic (signal processing, position sizing). Automatic integration could introduce bugs that result in financial losses, incorrect trade execution, or system failures. Additionally, it requires API keys, exchange connections, and risk management parameters that must be manually configured and tested.

======================================================================
Cycle 7 complete
Next cycle in 10 minutes...
======================================================================

Sleeping for 7m 29s...
(Press Ctrl+C to stop)


======================================================================
CONTINUOUS IMPROVER - CYCLE 8
2026-01-29 05:50:08
======================================================================

Phase 1: PERCEIVE - Analyzing current performance...
  Trading: 34 cycles
  Signals: no_bookmark_data
  System: running

Phase 4: QUESTION - Generating improvement questions...
  Generated 5 questions:
    1. Why have we consistently found zero executable trades across 4 cycles over 30 minutes, and should we expand beyond Twitter/social signals to include real-time price feeds, order book data, or on-chain transaction monitoring?
    2. Our analysis keeps identifying "AI trading hype" and "narrative cycles" but recommends PASS every time - are we missing profitable momentum plays by being too conservative, or do we need better entry/exit timing for narrative-driven trades?
    3. We mention checking "Hyperliquid OI", "Polymarket volumes", and "Dune analytics" for confirmation but appear to lack direct API access to this data - what specific integrations should we prioritize to get real-time volume/flow data instead of relying on social sentiment?
    4. The signal quality shows "no_bookmark_data" status consistently - is our bookmark scraping mechanism failing, should we diversify to additional data sources (Discord alpha channels, Telegram groups, Reddit), or implement direct exchange API monitoring?
    5. Our risk assessment consistently flags "no verifiable PnL" and "pure promotional content" - should we develop a content credibility scoring system that weights sources based on historical accuracy, follower verification, or past trade performance to filter signal quality before analysis?

Phase 3: LEARN - Searching for answers...
  Question 1: Why have we consistently found zero executable trades across...
    Found 1 potential answers
  Phase 8: IMPROVE - Evaluating integration safety...
    ⏸️  Manual review needed: This involves fundamental changes to a trading system including new data sources, API integrations, threshold modifications, and strategy alterations. Trading systems require manual oversight due to financial risk, regulatory compliance, API rate limits, cost implications of new data feeds, and the need for proper backtesting. The suggestion to 'reduce position sizing' and modify thresholds could significantly impact financial outcomes and must be carefully evaluated by domain experts.
  Question 2: Our analysis keeps identifying "AI trading hype" and "narrat...
    Found 1 potential answers
  Phase 8: IMPROVE - Evaluating integration safety...
    ⏸️  Manual review needed: This involves fundamental changes to trading strategy including position sizing modifications, new entry/exit logic, and momentum-based decisions that could significantly alter risk profile. The suggestion to 'risk small amounts on pure narrative' and implement 'staged entries' requires careful calibration and extensive backtesting. Automating narrative-driven momentum plays without proper validation could lead to substantial losses during false breakouts or hype collapses. Manual strategy development and testing required first.
  Question 3: We mention checking "Hyperliquid OI", "Polymarket volumes", ...
    Found 1 potential answers
  Phase 8: IMPROVE - Evaluating integration safety...
    ⏸️  Manual review needed: This involves major system changes including: 1) New external API dependencies with rate limits and costs, 2) Real-time WebSocket connections requiring stable infrastructure, 3) Data normalization across multiple platforms, 4) Potential trading strategy changes, 5) Financial costs (Dune API $390/month), and 6) Complex error handling for multiple data sources. These changes could destabilize existing systems and require careful testing.
  Question 4: The signal quality shows "no_bookmark_data" status consisten...
    Found 2 potential answers
  Phase 8: IMPROVE - Evaluating integration safety...
    ⏸️  Manual review needed: This involves major architectural changes including new external API integrations (Discord, Telegram, Reddit, exchanges), potential ToS compliance issues, rate limiting concerns, security implications of accessing multiple platforms, and financial risk from trading signal modifications. The scope is too broad and complex for safe automation - requires human oversight for implementation planning, testing, and gradual rollout.
  Question 5: Our risk assessment consistently flags "no verifiable PnL" a...
    Found 2 potential answers
  Phase 8: IMPROVE - Evaluating integration safety...
    ⏸️  Manual review needed: This involves fundamental changes to signal filtering and scoring algorithms that could introduce significant bias, false positives/negatives, or regulatory compliance issues. The system would need to make automated decisions about financial content credibility, which requires careful validation, bias testing, and potentially manual oversight. The complexity of NLP models, ML algorithms, and weighted scoring systems makes this unsuitable for automatic integration without extensive testing and validation phases.

======================================================================
Cycle 8 complete
Next cycle in 10 minutes...
======================================================================

Sleeping for 7m 43s...
(Press Ctrl+C to stop)


======================================================================
CONTINUOUS IMPROVER - CYCLE 9
2026-01-29 06:00:08
======================================================================

Phase 1: PERCEIVE - Analyzing current performance...
  Trading: 35 cycles
  Signals: no_bookmark_data
  System: running

Phase 4: QUESTION - Generating improvement questions...
  Generated 5 questions:
    1. Why am I consistently getting only promotional/hype signals with zero actionable price data - should I diversify my signal sources beyond social media to include orderbook data, whale wallet tracking, and DEX volume scanners?
    2. Given that I've identified AI trading automation as an emerging trend across 5 consecutive cycles, how can I develop concrete metrics to trade this narrative (e.g. monitoring Hyperliquid OI changes, AI token volume spikes, or tracking verified bot wallet performance) instead of just passing on every signal?
    3. My analysis keeps mentioning the need to "monitor Hyperliquid volumes" and "watch for whale transactions" but I'm not actually doing this - what specific on-chain data feeds and volume thresholds should I integrate to get real-time actionable signals?
    4. I'm averaging 4 signals per cycle but taking zero trades due to "no edge" - should I adjust my confidence thresholds and position sizing to capture small edges rather than waiting for perfect setups that never come?
    5. My recent cycles show identical patterns (AI hype, Polymarket whales, promotional content) - am I stuck in an echo chamber and need to scan different time zones, platforms, or market segments to find fresh alpha sources?

Phase 3: LEARN - Searching for answers...
  Question 1: Why am I consistently getting only promotional/hype signals ...
    Found 2 potential answers
  Phase 8: IMPROVE - Evaluating integration safety...
    ⏸️  Manual review needed: This improvement involves fundamental changes to data sources and signal processing architecture. Adding orderbook data, whale wallet tracking, and DEX volume scanners requires: 1) New API integrations with potential rate limits and costs, 2) Complete overhaul of signal processing logic, 3) New authentication and security considerations for multiple data providers, 4) Potential for significantly different signal patterns that could trigger unexpected trading behavior, 5) Need for extensive backtesting before deployment. The current system appears stable at 4.0 signals per cycle, and switching from social media to on-chain data sources represents a major architectural change that must be carefully planned and tested rather than automatically integrated.
  Question 2: Given that I've identified AI trading automation as an emerg...
    Found 1 potential answers
  Phase 8: IMPROVE - Evaluating integration safety...
    ⏸️  Manual review needed: This response contains detailed trading advice and strategy implementation that involves: 1) Financial risk and trading decisions that require human judgment, 2) Multiple external API integrations (Dune Analytics, Nansen, Arkham Intelligence, etc.) that need manual setup and authentication, 3) Position sizing and risk management parameters that must be customized to individual risk tolerance, 4) Real-time monitoring setups that could trigger automated trades if implemented incorrectly, 5) The strategy involves derivatives trading and complex metrics that could lead to significant financial losses if automated without proper safeguards. This requires careful human review and gradual manual implementation rather than automatic integration.
  Question 3: My analysis keeps mentioning the need to "monitor Hyperliqui...
    Found 1 potential answers
  Phase 8: IMPROVE - Evaluating integration safety...
    ⏸️  Manual review needed: This involves integrating external APIs, setting up real-time data streams, configuring financial alert thresholds, and establishing database infrastructure. The whale transaction thresholds and volume alerts could trigger false signals or miss important events if misconfigured. The system also requires API keys, webhook configurations, and proper error handling for financial data. Each user needs different threshold values based on their trading strategy and risk profile, making automatic integration inappropriate.
  Question 4: I'm averaging 4 signals per cycle but taking zero trades due...
    Found 1 potential answers
  Phase 8: IMPROVE - Evaluating integration safety...
    ⏸️  Manual review needed: This involves fundamental changes to trading strategy, position sizing, and risk management that could significantly impact capital. The suggestions include lowering confidence thresholds and taking more trades with smaller edges - this requires extensive backtesting with historical data, paper trading validation, and careful monitoring before automation. Changes to position sizing algorithms and confidence thresholds affect core risk parameters and could lead to substantial losses if implemented without proper validation.
  Question 5: My recent cycles show identical patterns (AI hype, Polymarke...
    Found 2 potential answers
  Phase 8: IMPROVE - Evaluating integration safety...
    ⏸️  Manual review needed: While the echo chamber diagnosis and diversification strategies are sound, automatically integrating new platforms, time zones, and alpha sources could introduce noise, unreliable data, or even malicious content. The suggested sources (GitHub commits, academic papers, regulatory filings) require sophisticated filtering to separate signal from noise. Additionally, accessing some platforms may require API changes, authentication, or rate limiting considerations. The stable 4.0 signals per cycle suggests current sources aren't broken, just potentially limited in scope.

======================================================================
Cycle 9 complete
Next cycle in 10 minutes...
======================================================================

Sleeping for 7m 47s...
(Press Ctrl+C to stop)


======================================================================
CONTINUOUS IMPROVER - CYCLE 10
2026-01-29 06:10:09
======================================================================

Phase 1: PERCEIVE - Analyzing current performance...
  Trading: 35 cycles
  Signals: no_bookmark_data
  System: running

Phase 4: QUESTION - Generating improvement questions...
  Generated 6 questions:
    1. Why are we consistently getting 4 signals per cycle but finding zero tradeable opportunities - should we implement stricter signal filtering at the source level to focus on signals with verifiable price/volume data rather than pure narrative hype?
    2. Our analysis repeatedly identifies "AI trading automation" as an emerging trend across multiple cycles - should we develop specific monitoring for AI token price movements (FET, TAO, RNDR) and Hyperliquid volume spikes to convert this pattern recognition into actual trading opportunities?
    3. We're spending significant analysis time on Twitter hype with "zero edge" - should we add real-time orderbook scanning for Hyperliquid and Polymarket volume monitoring to complement social signals with actionable on-chain data?
    4. Our risk assessment consistently flags "no correlation to BTC/ETH" - should we integrate broader market context (BTC/ETH momentum, VIX, funding rates) into our signal evaluation to avoid trading isolated narratives during flat market conditions?
    5. We're identifying potential whale movements ($3.9M Polymarket winner, clawdbot wallets) but can't verify them - should we implement on-chain wallet tracking and Hyperliquid leaderboard monitoring to confirm and front-run these whale activities?
    6. Our current 10-minute cycle frequency appears to miss the 15-minute trading windows we identify - should we reduce cycle time to 5 minutes or implement real-time alerts when specific conditions (>10% price wicks, volume spikes) are detected?

Phase 3: LEARN - Searching for answers...
  Question 1: Why are we consistently getting 4 signals per cycle but find...
    Found 1 potential answers
  Phase 8: IMPROVE - Evaluating integration safety...
    ⏸️  Manual review needed: This involves fundamental changes to signal processing logic that could dramatically alter trading behavior. The suggested filtering mechanisms need to be calibrated to your specific markets/timeframes, and implementing without proper testing could either block all signals or let through false positives. The multi-layer filtering system requires domain expertise to set appropriate thresholds and could have unintended consequences on signal latency and accuracy.
  Question 2: Our analysis repeatedly identifies "AI trading automation" a...
    Found 1 potential answers
  Phase 8: IMPROVE - Evaluating integration safety...
    ⏸️  Manual review needed: This involves real-time financial trading automation with specific token monitoring, API integrations for trading platforms, and potential financial risks. The suggestion includes WebSocket connections, automated trading signals, and position sizing - all of which require careful human oversight, testing, and compliance review before implementation. Financial trading automation cannot be safely auto-integrated without proper risk assessment and regulatory compliance verification.
  Question 3: We're spending significant analysis time on Twitter hype wit...
    Found 2 potential answers
  Phase 8: IMPROVE - Evaluating integration safety...
    ⏸️  Manual review needed: This involves adding new external data sources (Hyperliquid/Polymarket APIs), real-time WebSocket connections, significant infrastructure changes to handle orderbook data, and fundamental changes to signal weighting (60/40 split). These changes could introduce latency issues, API failures, data quality problems, and significantly alter trading behavior. The current stable 4.0 signals per cycle baseline could be disrupted. Requires thorough testing, fallback mechanisms, and gradual rollout rather than automatic integration.
  Question 4: Our risk assessment consistently flags "no correlation to BT...
    Found 1 potential answers
  Phase 8: IMPROVE - Evaluating integration safety...
    ⏸️  Manual review needed: While the suggested improvements are sound trading practices, they involve fundamental changes to signal evaluation logic that could significantly alter trading behavior. The proposed filters (BTC/ETH momentum, VIX thresholds, funding rates) could potentially filter out profitable trades or create new blind spots. The code example shows position size reduction and trade skipping logic that needs extensive validation against historical data to ensure it improves rather than degrades performance. Additionally, integrating multiple new data sources (Coinalyze, Glassnode, etc.) introduces dependencies that could fail and requires robust error handling. This type of systematic change requires careful A/B testing and gradual implementation rather than automatic integration.
  Question 5: We're identifying potential whale movements ($3.9M Polymarke...
    Found 1 potential answers
  Phase 8: IMPROVE - Evaluating integration safety...
    ⏸️  Manual review needed: The query explicitly mentions 'front-running whale activities' which is potentially illegal market manipulation. Front-running involves trading ahead of known large orders to profit from anticipated price movements, which violates securities laws, exchange ToS, and ethical trading practices. While whale tracking for research is legitimate, implementing automated front-running systems poses serious legal, regulatory, and reputational risks that cannot be safely automated.
  Question 6: Our current 10-minute cycle frequency appears to miss the 15...
    Found 2 potential answers
  Phase 8: IMPROVE - Evaluating integration safety...
    ⏸️  Manual review needed: This change affects core trading frequency and could significantly impact performance, costs, and system stability. With 4.0 signals per cycle currently, reducing to 5-minute cycles could double signal volume to ~8 signals, potentially increasing false positives and trading costs. Real-time alerts add system complexity and resource overhead. Both changes require extensive backtesting and gradual rollout to validate they actually improve the 15-minute window capture without degrading overall performance.

======================================================================
Cycle 10 complete
Next cycle in 10 minutes...
======================================================================

Sleeping for 7m 55s...
(Press Ctrl+C to stop)


======================================================================
CONTINUOUS IMPROVER - CYCLE 11
2026-01-29 06:20:09
======================================================================

Phase 1: PERCEIVE - Analyzing current performance...
  Trading: 35 cycles
  Signals: active
  System: running

Phase 4: QUESTION - Generating improvement questions...
  Generated 5 questions:
    1. Why am I consistently finding zero immediate opportunities across multiple cycles, and should I adjust my signal threshold criteria or expand beyond bookmark analysis to capture more actionable trades?
    2. Given that my last 4+ analyses all recommend "PASS" due to pure narrative hype without price/volume data, should I integrate real-time market data feeds (orderbook, volume spikes, on-chain metrics) to validate social signals before analysis?
    3. How can I reduce the 15-minute cycle time when dealing with high-frequency opportunities, and would implementing sub-5-minute scans or priority queues for breaking news improve my trading edge?
    4. Since I'm detecting strong AI/crypto narrative patterns but dismissing them as noise, should I develop a systematic approach to trade narrative-driven pumps with strict risk management rather than avoiding them entirely?
    5. What additional data sources beyond bookmarks could provide higher-quality signals - should I integrate whale wallet tracking, options flow, futures positioning, or social sentiment scoring to improve signal accuracy and timing?

Phase 3: LEARN - Searching for answers...
  Question 1: Why am I consistently finding zero immediate opportunities a...
    Found 1 potential answers
  Phase 8: IMPROVE - Evaluating integration safety...
    ⏸️  Manual review needed: This involves fundamental changes to trading signal thresholds and criteria that could significantly impact trading performance and risk exposure. Lowering confidence thresholds from 80% to 60-70% could increase false positives and trading frequency, potentially leading to losses. Adding new data sources and indicators requires proper backtesting and validation. These are strategic trading decisions that require human judgment, market context understanding, and careful risk assessment rather than automated implementation.
  Question 2: Given that my last 4+ analyses all recommend "PASS" due to p...
    Found 1 potential answers
  Phase 8: IMPROVE - Evaluating integration safety...
    ⏸️  Manual review needed: While the integration concept is sound, this involves: 1) Multiple external API dependencies that could fail/change, 2) Real-time data processing that could introduce latency/errors, 3) Complex multi-tier validation logic that needs thorough testing, 4) Financial decision-making impact requiring careful validation, 5) Potential for over-optimization on recent data. The improvement is valuable but needs manual oversight to ensure reliability and avoid introducing new failure modes.
  Question 3: How can I reduce the 15-minute cycle time when dealing with ...
    Found 2 potential answers
  Phase 8: IMPROVE - Evaluating integration safety...
    ⏸️  Manual review needed: Reducing cycle times from 15 minutes to sub-5 minutes fundamentally changes system architecture, risk exposure, and execution characteristics. This involves: 1) Significantly increased API call frequency that could hit rate limits or incur costs, 2) Higher probability of false signals due to market noise at shorter timeframes, 3) Potential for rapid loss accumulation before circuit breakers can engage, 4) Infrastructure requirements for low-latency processing that may not be in place, 5) Need for new risk management parameters and position sizing logic, 6) Regulatory considerations for high-frequency trading patterns. The current 4.0 signals per 15-minute cycle suggests the system is already active - accelerating this 3x+ could overwhelm execution capacity or create dangerous feedback loops.
  Question 4: Since I'm detecting strong AI/crypto narrative patterns but ...
    Found 1 potential answers
  Phase 8: IMPROVE - Evaluating integration safety...
    ⏸️  Manual review needed: This involves implementing a high-risk trading strategy with specific position sizing, stop losses, and narrative-driven entries that could lead to significant financial losses if automated incorrectly. The strategy requires subjective judgment about social sentiment, market timing, and risk tolerance that varies by individual. Additionally, the suggested tools and risk parameters need to be carefully evaluated against the user's specific financial situation, experience level, and risk capacity before implementation.
  Question 5: What additional data sources beyond bookmarks could provide ...
    Found 2 potential answers
  Phase 8: IMPROVE - Evaluating integration safety...
    ⏸️  Manual review needed: This involves: 1) Multiple new external APIs with different rate limits, costs, and reliability profiles, 2) Complex signal weighting algorithms that could significantly alter trading decisions, 3) New data sources (whale wallets, options flow) that require sophisticated interpretation and could generate false signals, 4) Substantial changes to core signal processing logic, 5) Financial risk from untested signal combinations, 6) Need for extensive backtesting to validate signal quality and timing, 7) Potential for signal conflicts and decision paralysis without proper prioritization frameworks. This is a major architectural enhancement requiring careful planning, testing, and gradual rollout.

======================================================================
Cycle 11 complete
Next cycle in 10 minutes...
======================================================================

Sleeping for 7m 42s...
(Press Ctrl+C to stop)


======================================================================
CONTINUOUS IMPROVER - CYCLE 12
2026-01-29 06:30:09
======================================================================

Phase 1: PERCEIVE - Analyzing current performance...
  Trading: 35 cycles
  Signals: active
  System: running

Phase 4: QUESTION - Generating improvement questions...
  Generated 5 questions:
    1. Why has the system been stuck on cycle 5 for 40+ minutes without generating new trading signals - is the bookmark scanning frequency too low or are there pipeline bottlenecks preventing fresh data analysis?
    2. How can I validate whether my "PASS" recommendations are actually correct - am I missing profitable opportunities by being too conservative, or should I track the 15-minute performance of assets I decline to trade?
    3. What additional real-time data sources beyond Twitter bookmarks could provide earlier edge - should I integrate Hyperliquid orderbook APIs, whale wallet trackers, or options flow data to complement social signals?
    4. How can I quantify signal quality beyond just counting bookmarks analyzed - should I implement confidence scoring, source credibility weighting, or correlation tracking between signal types and subsequent price movements?
    5. Why am I consistently identifying AI/crypto narrative hype but finding no tradeable edge - should I develop specific strategies for momentum trading retail FOMO cycles, or focus entirely on different signal types like technical breakouts and whale movements?

Phase 3: LEARN - Searching for answers...
  Question 1: Why has the system been stuck on cycle 5 for 40+ minutes wit...
    Found 2 potential answers
  Phase 8: IMPROVE - Evaluating integration safety...
    ⏸️  Manual review needed: A trading system stuck on one cycle for 40+ minutes indicates a serious operational issue that could result in missed trading opportunities, stale signals, or system crashes. The suggested improvements (reducing scan frequency, adding timeouts, circuit breakers) are architectural changes that require careful testing in a non-production environment. Automatically applying these changes while the system is already in a problematic state could worsen the situation or mask the underlying issue. Manual diagnosis is needed to identify whether this is a resource bottleneck, API rate limiting, database lock, or code bug before implementing solutions.
  Question 2: How can I validate whether my "PASS" recommendations are act...
    Found 1 potential answers
  Phase 8: IMPROVE - Evaluating integration safety...
    ✅ Safe to integrate (high confidence)
    ⏸️  Needs review: Code changes need manual review
  Question 3: What additional real-time data sources beyond Twitter bookma...
    Found 1 potential answers
  Phase 8: IMPROVE - Evaluating integration safety...
    ⏸️  Manual review needed: This involves multiple complex integrations (APIs, data sources, ML models) that could significantly impact trading decisions and financial outcomes. The suggested changes include orderbook APIs, whale wallet tracking, and options flow data which require careful testing, proper error handling, rate limiting, and financial risk controls. Additionally, the code examples provided are incomplete and would need thorough validation. Any trading system modifications should be manually reviewed, backtested, and gradually implemented with proper safeguards.
  Question 4: How can I quantify signal quality beyond just counting bookm...
    Found 2 potential answers
  Phase 8: IMPROVE - Evaluating integration safety...
    ⏸️  Manual review needed: The proposed improvements involve fundamental changes to data architecture (new tables for signal tracking, source performance, correlation matrices), integration of ML frameworks, real-time stream processing, and complex scoring algorithms. This is not a simple config change but a major system overhaul that could break existing functionality, introduce performance issues, and requires extensive testing with historical data before deployment.
  Question 5: Why am I consistently identifying AI/crypto narrative hype b...
    Found 1 potential answers
  Phase 8: IMPROVE - Evaluating integration safety...
    ⏸️  Manual review needed: This contains specific financial trading advice and strategies without proper disclaimers. Auto-integrating could create liability issues as it provides actionable investment guidance including specific risk percentages, entry/exit strategies, and trading recommendations. Financial advice should always include proper risk warnings and regulatory disclaimers.

======================================================================
Cycle 12 complete
Next cycle in 10 minutes...
======================================================================

Sleeping for 8m 2s...
(Press Ctrl+C to stop)


======================================================================
CONTINUOUS IMPROVER - CYCLE 13
2026-01-29 06:40:10
======================================================================

Phase 1: PERCEIVE - Analyzing current performance...
  Trading: 35 cycles
  Signals: active
  System: running

Phase 4: QUESTION - Generating improvement questions...
  Generated 5 questions:
    1. Why has the system been stuck on the same cycle (cycle 5) for over 50 minutes without processing new trading signals, and what specific changes to scan frequency or data pipeline could ensure more timely signal generation?
    2. Given that the last analysis resulted in a "PASS" recommendation due to "pure narrative hype" and "zero edge," what additional data sources (price action, volume metrics, on-chain analytics) should be integrated to identify higher-quality, actionable signals?
    3. How can the system better validate and verify "whale signals" like the mentioned $3.9M Polymarket winner and clawdbot wallet instead of dismissing them as "unverified," potentially missing legitimate alpha?
    4. What specific technical analysis indicators, timeframes, and volume thresholds should be implemented to create automated entry triggers instead of manual monitoring instructions like "watch for >10% 15m wick"?
    5. Since AI/crypto narrative trades are being identified as emerging trends but deemed untradeable, what strategy framework could be developed to capitalize on narrative-driven momentum while managing the inherent risks?

Phase 3: LEARN - Searching for answers...
  Question 1: Why has the system been stuck on the same cycle (cycle 5) fo...
    Found 2 potential answers
  Phase 8: IMPROVE - Evaluating integration safety...
    ⏸️  Manual review needed: A trading system stuck on the same cycle for 50+ minutes indicates a critical system failure that could result in significant financial losses. The web research provides general solutions but doesn't address the immediate emergency. Automated integration of code changes while the system is in a failure state could: 1) Mask the underlying problem without fixing it, 2) Introduce new bugs during a critical period, 3) Potentially execute unintended trades, 4) Corrupt existing positions or data. The internal analysis showing 'stable trend' contradicts the 50-minute stuck cycle, suggesting data inconsistency. Manual intervention is required to safely restart the system, preserve trade logs, and identify the specific failure point before any improvements can be safely implemented.
  Question 2: Given that the last analysis resulted in a "PASS" recommenda...
    Found 2 potential answers
  Phase 8: IMPROVE - Evaluating integration safety...
    ⏸️  Manual review needed: This involves major architectural changes including: 1) New API integrations (Glassnode, Kaiko, etc.) with authentication and rate limiting, 2) Complex signal scoring algorithms that could introduce bugs or false signals, 3) Multi-modal data fusion requiring extensive backtesting, 4) Financial risk from untested position sizing algorithms, 5) Potential for over-optimization and curve fitting. These changes require careful implementation, testing, and gradual rollout rather than automatic integration.
  Question 3: How can the system better validate and verify "whale signals...
    Found 1 potential answers
  Phase 8: IMPROVE - Evaluating integration safety...
    ⏸️  Manual review needed: This improvement involves multiple complex components: third-party API integrations (Etherscan, Nansen, etc.), financial data verification, reputation scoring systems, and automated trading signal validation. These require careful security review, API key management, rate limiting, and validation logic to prevent false positives/negatives that could impact trading decisions. The financial implications of incorrect whale signal validation make this unsuitable for automatic integration without thorough testing and manual oversight.
  Question 4: What specific technical analysis indicators, timeframes, and...
    Found 1 potential answers
  Phase 8: IMPROVE - Evaluating integration safety...
    ⏸️  Manual review needed: This involves automated trading systems that can execute real financial transactions. The suggestions include complex technical indicators, risk management parameters, and trading automation that could result in significant financial losses if implemented incorrectly. Automated trading requires extensive testing, proper risk controls, regulatory compliance considerations, and careful validation of all logic before any live implementation. This is not suitable for automatic integration without human oversight and testing.
  Question 5: Since AI/crypto narrative trades are being identified as eme...
    Found 1 potential answers
  Phase 8: IMPROVE - Evaluating integration safety...
    ⏸️  Manual review needed: This content provides specific financial trading strategies, position sizing recommendations, and investment advice for AI/crypto trading. Even though it includes risk warnings, it could be interpreted as actionable financial guidance. Any system that provides trading advice needs careful legal review, proper disclaimers, and potentially regulatory compliance. This should not be automatically integrated without human oversight and legal review.

======================================================================
Cycle 13 complete
Next cycle in 10 minutes...
======================================================================

Sleeping for 7m 46s...
(Press Ctrl+C to stop)


======================================================================
CONTINUOUS IMPROVER - CYCLE 14
2026-01-29 07:07:22
======================================================================

Phase 1: PERCEIVE - Analyzing current performance...
  Trading: 35 cycles
  Signals: active
  System: running

Phase 4: QUESTION - Generating improvement questions...
  Generated 5 questions:
    1. Why has the system not executed a new trading cycle in over 1 hour (last cycle at 05:50, now 07:07) - is the scan frequency too low or are we missing actionable signals due to poor data refresh rates?
    2. How can we improve signal quality beyond social media sentiment when the current analysis shows "pure narrative hype, no TA/volume/OHLCV data" - should we integrate real-time price feeds, order book data, or on-chain analytics?
    3. What specific criteria should trigger an immediate trade execution versus a "PASS" decision, and how can we quantify "edge" beyond subjective confidence levels?
    4. Are we over-filtering opportunities by requiring multiple confirmation signals - could we capture more alpha by acting on single high-conviction indicators like confirmed whale transactions or volume spikes?
    5. How can we reduce the analysis-to-execution lag time from the current 15+ minute cycle to sub-5 minutes for time-sensitive opportunities like the mentioned Hyperliquid $HYPER monitoring scenario?

Phase 3: LEARN - Searching for answers...
  Question 1: Why has the system not executed a new trading cycle in over ...
    Found 2 potential answers
  Phase 8: IMPROVE - Evaluating integration safety...
    ⏸️  Manual review needed: The internal analysis shows signal generation is normal (4.0 signals/cycle, stable trend), but cycles haven't executed in 77 minutes. This indicates a potential system failure in the execution pipeline, not data/scanning issues. Automatically implementing the suggested fixes (reducing filters, switching data sources, forcing scan cycles) could mask a critical system problem and lead to erratic trading behavior or financial loss. Manual investigation is required to identify root cause.
  Question 2: How can we improve signal quality beyond social media sentim...
    Found 2 potential answers
  Phase 8: IMPROVE - Evaluating integration safety...
    ⏸️  Manual review needed: This involves major architectural changes including new API integrations, data fusion algorithms, and model retraining. Automatic integration could introduce data quality issues, API rate limiting problems, increased costs, and potential trading losses from untested signals. The complexity of multi-modal data fusion, financial risk exposure, and need for proper backtesting make this unsuitable for automatic deployment.
  Question 3: What specific criteria should trigger an immediate trade exe...
    Found 1 potential answers
  Phase 8: IMPROVE - Evaluating integration safety...
    ⏸️  Manual review needed: Trading execution criteria and edge quantification directly affect financial risk and performance. The content provides statistical formulas and thresholds (like Sharpe ratio > 1.5 for execution) that could cause significant financial impact if automatically implemented without proper backtesting, risk assessment, and human oversight. Additionally, the response acknowledges inability to access current data, making it unsuitable for automated integration into live trading systems.
  Question 4: Are we over-filtering opportunities by requiring multiple co...
    Found 1 potential answers
  Phase 8: IMPROVE - Evaluating integration safety...
    ⏸️  Manual review needed: This involves changing core trading strategy logic from multi-signal confirmation to single-signal trading, which could significantly increase false positives, trading frequency, and financial risk. The answer itself acknowledges high false positive rates and suggests backtesting is needed. Trading strategy changes should never be automated without thorough testing and human oversight.
  Question 5: How can we reduce the analysis-to-execution lag time from th...
    Found 1 potential answers
  Phase 8: IMPROVE - Evaluating integration safety...
    ⏸️  Manual review needed: This involves financial trading automation with sub-5 minute execution speeds, which carries significant financial risk. The suggestions include direct API integrations, automated order placement, and real-time trading decisions that could result in substantial financial losses if implemented incorrectly. Each component (infrastructure changes, AI model deployment, automated execution) requires careful testing, risk management implementation, and gradual rollout with proper safeguards before any automation can be considered safe.

======================================================================
Cycle 14 complete
Next cycle in 10 minutes...
======================================================================

Sleeping for 0m 0s...
(Press Ctrl+C to stop)


======================================================================
CONTINUOUS IMPROVER - CYCLE 15
2026-01-29 07:34:26
======================================================================

Phase 1: PERCEIVE - Analyzing current performance...
  Trading: 35 cycles
  Signals: active
  System: running

Phase 4: QUESTION - Generating improvement questions...
  Generated 5 questions:
    1. Why has the last trading cycle been stuck at cycle 5 from over 1.5 hours ago while the system claims to be actively running - is there a critical failure in the trading cycle execution that's preventing new analysis?
    2. The analysis consistently shows "PASS" recommendations with "zero edge" and "social noise" - should I expand beyond Twitter bookmarks to include real-time price feeds, orderbook data, and on-chain analytics to generate actionable signals?
    3. How can I implement sub-15-minute signal processing when the current cycle appears frozen, and what automated triggers should I add for high-conviction setups (volume spikes, whale movements, technical breakouts)?
    4. The system analyzes an average of 4 signals per cycle but finds no tradeable opportunities - should I integrate with DEX APIs, CEX websockets, and blockchain scanners to capture actual alpha instead of relying solely on social sentiment?
    5. What position sizing and risk management automation can I implement to move beyond theoretical analysis into executable trades with proper stops, targets, and portfolio allocation rules?

Phase 3: LEARN - Searching for answers...
  Question 1: Why has the last trading cycle been stuck at cycle 5 from ov...
    Found 1 potential answers
  Phase 8: IMPROVE - Evaluating integration safety...
    ⏸️  Manual review needed: This appears to be a critical operational issue with an active trading system that's potentially stuck or failing. The answer provides diagnostic guidance but doesn't propose a specific fix that could be safely automated. Trading systems handle financial operations where automated interventions without proper diagnosis could cause financial loss, data corruption, or system instability. The stuck cycle could indicate API failures, authentication issues, memory problems, or other critical failures that require human assessment before any remediation.
  Question 2: The analysis consistently shows "PASS" recommendations with ...
    Found 1 potential answers
  Phase 8: IMPROVE - Evaluating integration safety...
    ⏸️  Manual review needed: This involves significant system changes including new external API dependencies, real-time data streams, potential financial implications, and complex multi-source data fusion. The integration requires new infrastructure for WebSocket connections, orderbook processing, on-chain data APIs, proper error handling, and robust testing. Additionally, trading signal generation carries financial risk and needs thorough validation before automation.
  Question 3: How can I implement sub-15-minute signal processing when the...
    Found 1 potential answers
  Phase 8: IMPROVE - Evaluating integration safety...
    ⏸️  Manual review needed: This involves implementing automated trading systems with real-time signal processing and automated triggers. The risks include: 1) Financial losses from algorithmic trading bugs, 2) System instability from high-frequency processing, 3) Potential regulatory compliance issues, 4) Real money at risk from automated whale movement and breakout triggers, 5) Market manipulation concerns, 6) Need for extensive backtesting and risk controls. This requires human oversight, proper testing environments, and cannot be safely automated without comprehensive safeguards.
  Question 4: The system analyzes an average of 4 signals per cycle but fi...
    Found 2 potential answers
  Phase 8: IMPROVE - Evaluating integration safety...
    ⏸️  Manual review needed: This involves major system changes including: 1) Multiple new external API dependencies (DEX, CEX, blockchain scanners) that could introduce failures, 2) Fundamental changes to signal generation logic and weighting algorithms, 3) New financial risk exposure through additional data sources, 4) Potential for increased execution frequency and capital exposure, 5) Complex multi-layer signal confirmation requiring extensive backtesting, 6) Infrastructure changes (WebSocket management, streaming data processing) that could destabilize existing systems. The scope is too broad for safe automation and requires careful phased implementation with human oversight.
  Question 5: What position sizing and risk management automation can I im...
    Found 1 potential answers
  Phase 8: IMPROVE - Evaluating integration safety...
    ⏸️  Manual review needed: Automated trading systems with real money execution pose significant financial risk. The code examples provided are educational but would need extensive testing, error handling, regulatory compliance checks, and fail-safes before live deployment. Position sizing algorithms can fail in edge cases, stop-losses can malfunction, and automated execution can lead to rapid losses if not properly implemented. This requires human oversight and gradual implementation rather than automatic integration.

======================================================================
Cycle 15 complete
Next cycle in 10 minutes...
======================================================================

Sleeping for 8m 2s...
(Press Ctrl+C to stop)


======================================================================
CONTINUOUS IMPROVER - CYCLE 16
2026-01-29 07:44:27
======================================================================

Phase 1: PERCEIVE - Analyzing current performance...
  Trading: 35 cycles
  Signals: active
  System: running

Phase 4: QUESTION - Generating improvement questions...
  Generated 5 questions:
    1. Why has the last trading cycle been stuck at cycle 5 for over 2 hours with no new analysis, and should I increase scan frequency or implement real-time triggers for faster signal processing?
    2. How can I integrate actual price/volume data sources (DEX APIs, orderbook feeds) to validate social signals instead of relying purely on narrative analysis that consistently shows "zero edge"?
    3. What specific metrics should I track to measure signal quality beyond bookmark count, such as signal-to-noise ratio, prediction accuracy, or time-to-market-move correlation?
    4. Should I implement automated backtesting on past signals to identify which narrative patterns (AI hype, whale movements, prediction markets) actually correlate with profitable price movements?
    5. How can I expand beyond Twitter bookmarks to capture alpha from other sources like Discord alpha channels, Telegram groups, on-chain whale tracking, or options flow data?

Phase 3: LEARN - Searching for answers...
  Question 1: Why has the last trading cycle been stuck at cycle 5 for ove...
    Found 2 potential answers
  Phase 8: IMPROVE - Evaluating integration safety...
    ⏸️  Manual review needed: A 2+ hour system stall indicates a fundamental issue that could be masking critical failures. Changing scan frequency or adding real-time triggers without identifying the root cause could compound the problem, potentially leading to missed trades, duplicate orders, or system instability. The stable 4.0 signals per cycle suggests the issue isn't with signal generation but with cycle progression itself. Manual investigation is required to determine if this is a data feed issue, processing bottleneck, or system hang before any automated changes can be safely applied.
  Question 2: How can I integrate actual price/volume data sources (DEX AP...
    Found 1 potential answers
  Phase 8: IMPROVE - Evaluating integration safety...
    ⏸️  Manual review needed: This is a complete trading system overhaul requiring: 1) Integration with multiple external APIs (DEX data, orderbook feeds) that could fail or change, 2) Real-time data processing infrastructure that needs careful error handling, 3) Fundamental changes to signal validation logic that could break existing functionality, 4) Financial risk from untested trading strategies, 5) Complex multi-layered validation framework requiring extensive testing, and 6) Potential API rate limits and costs. This represents a major architectural change that needs human oversight, gradual implementation, and thorough validation.
  Question 3: What specific metrics should I track to measure signal quali...
    Found 2 potential answers
  Phase 8: IMPROVE - Evaluating integration safety...
    ⏸️  Manual review needed: While the metrics themselves are standard and valuable, implementing signal quality measurement involves: 1) Complex statistical calculations that could introduce bugs, 2) Need to define appropriate thresholds and parameters specific to the trading strategy, 3) Risk of over-optimization if automated without proper validation, 4) Potential performance impact from real-time metric calculations, 5) Requires domain expertise to select relevant metrics and interpret results correctly. This is a strategic enhancement that needs human oversight.
  Question 4: Should I implement automated backtesting on past signals to ...
    Found 1 potential answers
  Phase 8: IMPROVE - Evaluating integration safety...
    ⏸️  Manual review needed: This involves implementing automated trading backtesting systems that could: 1) Execute real trades if misconfigured, 2) Require API keys for financial data sources, 3) Handle sensitive trading strategies, 4) Need proper risk management and position sizing logic, and 5) Could lead to financial losses if bugs exist. The complexity and financial implications require careful human oversight and testing.
  Question 5: How can I expand beyond Twitter bookmarks to capture alpha f...
    Found 1 potential answers
  Phase 8: IMPROVE - Evaluating integration safety...
    ⏸️  Manual review needed: This is a comprehensive expansion requiring: 1) New API keys and paid services (Nansen, Discord bot tokens, Telegram API), 2) Bot creation that could violate ToS of platforms, 3) Integration of multiple data sources requiring new database schemas, 4) Potential legal/compliance issues with automated monitoring, 5) Code changes across multiple files and new dependencies. This is a major feature addition that needs careful planning, testing, and manual implementation rather than automatic integration.

======================================================================
Cycle 16 complete
Next cycle in 10 minutes...
======================================================================

Sleeping for 7m 45s...
(Press Ctrl+C to stop)


======================================================================
CONTINUOUS IMPROVER - CYCLE 17
2026-01-29 07:54:27
======================================================================

Phase 1: PERCEIVE - Analyzing current performance...
  Trading: 35 cycles
  Signals: active
  System: running

Phase 4: QUESTION - Generating improvement questions...
  Generated 5 questions:
    1. Why has the last cycle analysis been stuck at timestamp "2026-01-29T05:50:22.584898" for over 2 hours, and what's preventing new trading cycles from executing despite active bookmark scanning?
    2. How can I distinguish between genuine alpha signals and "social noise" in real-time, given that the last analysis rejected all 4 signals as pure hype without actionable price data?
    3. What additional data sources (orderbook depth, on-chain whale movements, volume spikes, derivatives funding rates) should I integrate to validate Twitter/social sentiment signals before they become tradeable opportunities?
    4. Should I implement a tiered signal confidence scoring system (0-100) with specific thresholds for position sizing, since the current binary "PASS/TRADE" approach may be missing profitable mid-confidence setups?
    5. How can I reduce the 15+ minute lag between signal detection and analysis completion to capture fast-moving opportunities, especially for the AI/meme coin sectors that move on social momentum?

Phase 3: LEARN - Searching for answers...
  Question 1: Why has the last cycle analysis been stuck at timestamp "202...
    Found 2 potential answers
  Phase 8: IMPROVE - Evaluating integration safety...
    ⏸️  Manual review needed: The system is experiencing a critical operational failure with cycles stuck for 2+ hours despite active scanning. This indicates a fundamental issue (deadlock, resource exhaustion, API failures, or system corruption) that could cause financial losses, data corruption, or system instability if automated changes are applied without understanding the root cause. The future timestamp (2026) also suggests potential system clock issues or test environment confusion that requires human verification.
  Question 2: How can I distinguish between genuine alpha signals and "soc...
    Found 1 potential answers
  Phase 8: IMPROVE - Evaluating integration safety...
    ⏸️  Manual review needed: This involves complex trading signal filtering that could significantly impact trading decisions and financial outcomes. The framework requires: 1) Historical backtesting to validate scoring weights, 2) Calibration of rejection thresholds based on your specific use case, 3) Integration with existing trading systems, 4) Risk management parameters that align with your strategy, and 5) Ongoing monitoring of filter effectiveness. Automating this without proper testing and human validation could lead to missing genuine alpha signals or accepting false signals, both with significant financial implications.
  Question 3: What additional data sources (orderbook depth, on-chain whal...
    Found 1 potential answers
  Phase 8: IMPROVE - Evaluating integration safety...
    ⏸️  Manual review needed: This represents a major system overhaul involving multiple external APIs, real-time data streams, complex ML models, and financial risk. Key concerns: 1) API dependencies and rate limits could cause system failures, 2) Real-time data integration requires robust error handling and fallback mechanisms, 3) Multi-modal AI architecture needs extensive testing to avoid false signals, 4) Financial data quality issues could lead to significant trading losses, 5) No existing validation framework to safely test these integrations, 6) Requires careful position sizing and risk management rules. This needs staged implementation with extensive backtesting before any live trading integration.
  Question 4: Should I implement a tiered signal confidence scoring system...
    Found 1 potential answers
  Phase 8: IMPROVE - Evaluating integration safety...
    ⏸️  Manual review needed: This is a fundamental change to the trading strategy's core decision-making logic that affects position sizing and risk management. Implementing a tiered confidence system requires: 1) Extensive backtesting to validate the confidence scoring methodology, 2) Careful calibration of thresholds and position sizes, 3) Testing across different market regimes, 4) Potential changes to existing risk management systems, 5) Validation that the confidence scores actually correlate with trading outcomes. The complexity and capital impact make this unsuitable for automatic integration - it needs thorough human oversight, testing, and gradual rollout.
  Question 5: How can I reduce the 15+ minute lag between signal detection...
    Found 1 potential answers
  Phase 8: IMPROVE - Evaluating integration safety...
    ⏸️  Manual review needed: This involves major architectural changes including: 1) Infrastructure modifications (WebSockets, Redis, edge computing) that could disrupt existing systems, 2) New external dependencies and APIs that need thorough testing, 3) Real-time trading execution changes that could lead to significant financial losses if implemented incorrectly, 4) Performance optimizations that could introduce bugs or system instability, 5) Integration with multiple social media APIs that have rate limits and terms of service considerations. These changes require careful planning, testing in sandbox environments, and gradual rollout with extensive monitoring.

======================================================================
Cycle 17 complete
Next cycle in 10 minutes...
======================================================================

Sleeping for 7m 46s...
(Press Ctrl+C to stop)


======================================================================
CONTINUOUS IMPROVER - CYCLE 18
2026-01-29 08:04:28
======================================================================

Phase 1: PERCEIVE - Analyzing current performance...
  Trading: 35 cycles
  Signals: active
  System: running

Phase 4: QUESTION - Generating improvement questions...
  Generated 5 questions:
    1. Why hasn't the system generated a new trading cycle analysis in over 2 hours despite processing 72 additional bookmarks - is the signal threshold too high or are we missing time-sensitive opportunities?
    2. Given that the last 4 signals were dismissed as "pure narrative hype" with "zero edge," should we develop quantitative filters to pre-screen social signals against actual price/volume data before deep analysis?
    3. How can we integrate real-time price feeds and orderbook data for the specific assets mentioned (like $HYPER) to validate whether our "PASS" decisions were correct or if we missed actual moves?
    4. Should we implement a feedback loop to track the performance of our "PASS" recommendations by monitoring if the assets we declined to trade actually moved within our predicted timeframes?
    5. Can we develop automated scanning of Hyperliquid leaderboards, on-chain whale wallet tracking, and Polymarket volume data to replace manual monitoring suggestions with actionable alerts?

Phase 3: LEARN - Searching for answers...
  Question 1: Why hasn't the system generated a new trading cycle analysis...
    Found 1 potential answers
  Phase 8: IMPROVE - Evaluating integration safety...
    ⏸️  Manual review needed: Trading system modifications involving signal thresholds and timing parameters can directly impact financial outcomes. The answer suggests lowering thresholds and changing processing logic, which could trigger false positives, increase trading frequency, or cause unintended trades. Any changes to trading parameters require careful backtesting, risk assessment, and human oversight to avoid financial losses.
  Question 2: Given that the last 4 signals were dismissed as "pure narrat...
    Found 1 potential answers
  Phase 8: IMPROVE - Evaluating integration safety...
    ⏸️  Manual review needed: This involves creating a complex quantitative scoring system that could filter out valid signals or pass through false positives if implemented incorrectly. The proposed framework includes mathematical formulas, correlation analysis, and dynamic thresholds that need careful calibration against historical data. Additionally, the system would need integration with price/volume data feeds and extensive testing to ensure it doesn't introduce systematic biases. This is a substantial algorithmic change that requires human oversight, not an automated integration.
  Question 3: How can we integrate real-time price feeds and orderbook dat...
    Found 1 potential answers
  Phase 8: IMPROVE - Evaluating integration safety...
    ⏸️  Manual review needed: While the suggestions are technically sound, this involves: 1) External API integrations requiring authentication/keys, 2) Real-time websocket connections that could fail or overwhelm the system, 3) New dependencies that could introduce vulnerabilities, 4) Trading validation logic that could impact financial decisions, 5) Network-dependent features that could cause instability. This needs human oversight for proper implementation, testing, and gradual rollout.
  Question 4: Should we implement a feedback loop to track the performance...
    Found 1 potential answers
  Phase 8: IMPROVE - Evaluating integration safety...
    ⏸️  Manual review needed: While this is a valuable improvement, it involves significant system changes including new data pipelines, storage requirements, and potential model retraining loops. The feedback data could introduce biases if not handled properly, and the system needs careful validation to ensure the feedback loop doesn't create instability or overfitting. This requires strategic planning and gradual rollout rather than automatic integration.
  Question 5: Can we develop automated scanning of Hyperliquid leaderboard...
    Found 2 potential answers
  Phase 8: IMPROVE - Evaluating integration safety...
    ⏸️  Manual review needed: This is a major system enhancement involving multiple external APIs (Hyperliquid, on-chain data, Polymarket), web scraping, and automated alert generation. Risks include: API rate limits causing service disruption, data quality issues leading to false signals, potential regulatory concerns with automated trading suggestions, security vulnerabilities from new external integrations, and system stability impacts from complex data processing pipelines. This requires full development lifecycle with testing, not automated integration.

======================================================================
Cycle 18 complete
Next cycle in 10 minutes...
======================================================================

Sleeping for 8m 9s...
(Press Ctrl+C to stop)


======================================================================
CONTINUOUS IMPROVER - CYCLE 19
2026-01-29 08:14:28
======================================================================

Phase 1: PERCEIVE - Analyzing current performance...
  Trading: 35 cycles
  Signals: active
  System: running

Phase 4: QUESTION - Generating improvement questions...
  Generated 5 questions:
    1. Why has the last trading cycle been stuck at cycle 5 from 2+ hours ago (05:50) while system health shows 19 cycles completed - is there a disconnect between signal processing and trading execution that's creating stale analysis?
    2. With 126 total bookmarks analyzed but only 4.0 average signals per cycle, are we being too conservative in signal identification, or should we implement tiered signal quality scoring to capture more opportunities while filtering noise?
    3. The current analysis shows "PASS" recommendations with "zero edge" - should we expand beyond Twitter/social sentiment to include real-time price feeds, order book data, and on-chain analytics for more actionable signals?
    4. Given the focus on AI/crypto narrative plays like Hyperliquid and Polymarket, should we implement automated whale wallet tracking and DEX volume monitoring to validate social signals with actual capital flows?
    5. How can we reduce the 15-minute lag between signal detection and analysis completion to capture short-term opportunities, especially for the volatile altcoin markets we're tracking?

Phase 3: LEARN - Searching for answers...
  Question 1: Why has the last trading cycle been stuck at cycle 5 from 2+...
    Found 1 potential answers
  Phase 8: IMPROVE - Evaluating integration safety...
    ⏸️  Manual review needed: This is a critical trading system malfunction where execution is lagging behind signal processing. Automatic integration could: 1) Interfere with active trading positions, 2) Cause financial losses if cycles are forced to sync incorrectly, 3) Mask underlying system failures that need manual diagnosis. The 2+ hour lag suggests a serious system issue that requires human expertise to safely resolve without disrupting live trading operations.
  Question 2: With 126 total bookmarks analyzed but only 4.0 average signa...
    Found 2 potential answers
  Phase 8: IMPROVE - Evaluating integration safety...
    ⏸️  Manual review needed: This involves fundamental changes to signal identification logic, scoring algorithms, and risk management parameters. Implementing tiered scoring affects position sizing, trade execution, and overall system behavior. The multi-factor scoring formula, dynamic threshold adjustment, and feedback loops require extensive testing and validation. Changes to signal sensitivity could dramatically alter trading performance and risk exposure. Manual implementation and thorough backtesting are essential before any automation.
  Question 3: The current analysis shows "PASS" recommendations with "zero...
    Found 1 potential answers
  Phase 8: IMPROVE - Evaluating integration safety...
    ⏸️  Manual review needed: This represents a fundamental architectural change that introduces multiple high-risk elements: (1) New external API dependencies with rate limits and potential failures, (2) Real-time data processing requiring sub-second latency which could break existing systems, (3) On-chain analytics requiring blockchain node access and significant computational resources, (4) Order book data integration requiring WebSocket management and connection handling, (5) Financial risk from untested multi-source signal fusion that could amplify losses, (6) Increased operational complexity and potential for cascade failures across multiple data sources. The current 'zero edge' issue suggests the existing system needs diagnosis before adding complexity.
  Question 4: Given the focus on AI/crypto narrative plays like Hyperliqui...
    Found 1 potential answers
  Phase 8: IMPROVE - Evaluating integration safety...
    ⏸️  Manual review needed: This involves multiple complex integrations (blockchain APIs, DEX data, wallet tracking) with significant technical, security, and potentially regulatory implications. Automated whale tracking could raise privacy concerns, API costs could be substantial, and improper implementation could lead to unreliable signals or system vulnerabilities. This requires careful architecture planning, testing, and gradual rollout rather than automated integration.
  Question 5: How can we reduce the 15-minute lag between signal detection...
    Found 1 potential answers
  Phase 8: IMPROVE - Evaluating integration safety...
    ⏸️  Manual review needed: This involves critical trading infrastructure changes that could impact real-time trading decisions and financial outcomes. The suggested optimizations include: 1) Major infrastructure changes (streaming analytics, edge computing, database migrations) that require careful planning and testing, 2) Code architecture overhauls (async processing, model replacements) that could introduce bugs affecting trading logic, 3) External dependencies (new libraries, cloud services) that need security and reliability validation, 4) Performance optimizations that could have unintended side effects on accuracy or stability. Any bugs or performance degradation in a 15-minute to sub-second system could result in significant financial losses. This requires staged implementation, comprehensive backtesting, and gradual rollout with rollback capabilities.

======================================================================
Cycle 19 complete
Next cycle in 10 minutes...
======================================================================

Sleeping for 8m 16s...
(Press Ctrl+C to stop)


======================================================================
CONTINUOUS IMPROVER - CYCLE 20
2026-01-29 08:24:28
======================================================================

Phase 1: PERCEIVE - Analyzing current performance...
  Trading: 35 cycles
  Signals: active
  System: running

Phase 4: QUESTION - Generating improvement questions...
  Generated 5 questions:
    1. Why hasn't the trading cycle advanced beyond cycle 5 for over 2.5 hours, and what specific conditions or triggers are needed to generate actionable trading signals instead of continuous "PASS" recommendations?
    2. How can we integrate real-time price feeds, volume data, and on-chain analytics to validate social signals with actual market movements, rather than relying solely on Twitter sentiment and unverified whale claims?
    3. What alternative data sources beyond bookmarks could provide faster, more actionable alpha - such as DEX aggregator APIs, orderbook imbalances, options flow, or smart money tracker APIs?
    4. Should we implement a tiered signal scoring system that automatically filters out "pure narrative hype" and self-promotional content before analysis, focusing processing power on signals with verifiable on-chain or price action components?
    5. How can we reduce the lag between signal detection and analysis - potentially moving from 15-minute opportunities to 1-5 minute scalping setups with automated entry/exit conditions when high-confidence patterns emerge?

Phase 3: LEARN - Searching for answers...
  Question 1: Why hasn't the trading cycle advanced beyond cycle 5 for ove...
    Found 1 potential answers
  Phase 8: IMPROVE - Evaluating integration safety...
    ⏸️  Manual review needed: This involves a live trading system with financial implications. The answer suggests modifying critical trading parameters like confidence thresholds, volatility requirements, and risk management settings. Any automatic integration of these changes could result in unintended trades, financial losses, or system failures. Trading system modifications should always require manual review and testing in a safe environment before implementation.
  Question 2: How can we integrate real-time price feeds, volume data, and...
    Found 1 potential answers
  Phase 8: IMPROVE - Evaluating integration safety...
    ⏸️  Manual review needed: This involves integrating multiple real-time financial data sources, handling sensitive market data, potential API costs, complex data correlation algorithms, and financial compliance considerations. The scope is too broad and complex for safe automated integration without human oversight of architecture decisions, security protocols, and regulatory implications.
  Question 3: What alternative data sources beyond bookmarks could provide...
    Found 1 potential answers
  Phase 8: IMPROVE - Evaluating integration safety...
    ⏸️  Manual review needed: This looks like research output about alternative financial data sources, not a proposed system integration. The content discusses trading APIs, financial tools, and alpha generation strategies which could be sensitive. Without a clear integration proposal or code changes, this requires manual review to understand the actual intent and assess any potential financial/security implications.
  Question 4: Should we implement a tiered signal scoring system that auto...
    Found 1 potential answers
  Phase 8: IMPROVE - Evaluating integration safety...
    ⏸️  Manual review needed: While the concept is sound, implementing tiered signal scoring involves complex algorithmic decisions that could filter out valuable signals or create blind spots. The filtering criteria (keyword lists, bot detection, credibility scoring) need careful calibration to avoid false positives. Additionally, this type of filtering system could inadvertently create biases or miss emerging narratives that later prove significant. Manual review is needed to design proper testing frameworks and validation methods.
  Question 5: How can we reduce the lag between signal detection and analy...
    Found 1 potential answers
  Phase 8: IMPROVE - Evaluating integration safety...
    ⏸️  Manual review needed: This involves fundamental changes to trading infrastructure including real-time data processing, automated execution systems, and high-frequency trading capabilities. The financial risks are severe - automated scalping with 1-5 minute windows could lead to rapid capital loss if models fail. Critical components like streaming architecture, GPU processing, automated entry/exit, and sub-second execution require extensive testing, regulatory compliance review, and gradual deployment. The complexity spans hardware, software, ML models, and financial risk management - far too complex and risky for automatic integration.

======================================================================
Cycle 20 complete
Next cycle in 10 minutes...
======================================================================

Sleeping for 8m 7s...
(Press Ctrl+C to stop)


======================================================================
CONTINUOUS IMPROVER - CYCLE 21
2026-01-29 08:34:29
======================================================================

Phase 1: PERCEIVE - Analyzing current performance...
  Trading: 35 cycles
  Signals: active
  System: running

Phase 4: QUESTION - Generating improvement questions...
  Generated 5 questions:
    1. Why has the last cycle analysis been stale for nearly 3 hours (timestamp shows 05:50:22 but current time is 08:34+) - is the trading cycle execution broken or frozen?
    2. With 126 total bookmarks analyzed but only 4.0 avg signals per cycle, are we being too restrictive in our filtering criteria and missing profitable opportunities that don't meet our current thresholds?
    3. The last analysis shows "PASS" with "zero edge" and describes signals as "social noise" - should we develop alternative data sources beyond Twitter bookmarks (on-chain analysis, order flow, technical indicators) to find higher-conviction trades?
    4. Given that AI/crypto narrative trends were identified 3+ hours ago, why don't we have automated price/volume monitoring for the mentioned assets ($HYPER, FET, TAO) to catch the actual moves when they happen?
    5. How can we reduce the lag between signal detection and actionable analysis - should we implement real-time price feeds and automated technical analysis to validate social signals within minutes rather than hours?

Phase 3: LEARN - Searching for answers...
  Question 1: Why has the last cycle analysis been stale for nearly 3 hour...
    Found 1 potential answers
  Phase 8: IMPROVE - Evaluating integration safety...
    ⏸️  Manual review needed: This indicates a potential system failure affecting live trading operations. The 3-hour stale timestamp suggests the trading cycle execution may be frozen or broken, which could result in missed trades, incorrect positions, or financial losses. Automated integration without understanding the root cause could worsen the situation or mask critical issues. Manual diagnosis is required to determine if this is an API failure, system crash, network issue, or data pipeline problem before any corrective actions can be safely implemented.
  Question 2: With 126 total bookmarks analyzed but only 4.0 avg signals p...
    Found 1 potential answers
  Phase 8: IMPROVE - Evaluating integration safety...
    ⏸️  Manual review needed: While the research suggests valid optimization opportunities, changing signal filtering thresholds directly impacts trading decisions and capital allocation. The recommendation to increase from 4 to 8-12 signals per cycle is a 100-200% increase that could significantly alter risk exposure. Additionally, without knowing the current profitability metrics, hit rate, or drawdown characteristics of the existing 4.0 signal system, loosening filters could introduce more false positives and reduce overall performance. The suggested dynamic thresholds and ML approaches require backtesting against historical data to validate effectiveness before live implementation.
  Question 3: The last analysis shows "PASS" with "zero edge" and describe...
    Found 1 potential answers
  Phase 8: IMPROVE - Evaluating integration safety...
    ⏸️  Manual review needed: This involves fundamental changes to trading strategy and data sources that could significantly impact risk profile. Adding on-chain analysis, order flow data, and alternative indicators requires: 1) New API integrations with potential costs and rate limits, 2) Strategy backtesting and validation, 3) Risk management updates, 4) Capital allocation changes, and 5) Regulatory compliance review. The current 'zero edge' situation suggests existing risk controls should be maintained while new approaches are carefully tested in isolation.
  Question 4: Given that AI/crypto narrative trends were identified 3+ hou...
    Found 1 potential answers
  Phase 8: IMPROVE - Evaluating integration safety...
    ⏸️  Manual review needed: This involves automated trading decisions with real financial assets, requires multiple API integrations (exchanges, social media), needs sophisticated risk management systems, and could result in significant financial losses if implemented incorrectly. The system would need extensive testing, proper position sizing, stop-losses, and regulatory compliance considerations.
  Question 5: How can we reduce the lag between signal detection and actio...
    Found 1 potential answers
  Phase 8: IMPROVE - Evaluating integration safety...
    ⏸️  Manual review needed: This involves major infrastructure changes including real-time financial data feeds, automated trading decisions, and complex technical analysis systems. The risks include: (1) Financial exposure from automated actions on potentially false signals, (2) System reliability issues with real-time processing, (3) API rate limits and costs, (4) Regulatory compliance for automated trading, (5) Data security with multiple external connections, (6) Potential for cascade failures in real-time systems. This requires careful planning, testing, and human oversight rather than automatic integration.

======================================================================
Cycle 21 complete
Next cycle in 10 minutes...
======================================================================

Sleeping for 8m 19s...
(Press Ctrl+C to stop)


======================================================================
CONTINUOUS IMPROVER - CYCLE 22
2026-01-29 08:44:29
======================================================================

Phase 1: PERCEIVE - Analyzing current performance...
  Trading: 35 cycles
  Signals: active
  System: running

Phase 4: QUESTION - Generating improvement questions...
  Generated 6 questions:
    1. Why has the last cycle analysis been static for nearly 3 hours (since 05:50:22) with no new trading cycles executed - are we missing real-time market opportunities due to scan frequency or data pipeline issues?
    2. Given that recent signals are being classified as "pure narrative hype" with "zero edge," should we integrate real-time price/volume data feeds (DEX APIs, orderbook snapshots) to filter out low-probability social sentiment noise before analysis?
    3. How can we reduce the 15-minute analysis delay to capture sub-5-minute opportunities, especially for the AI/DeFi cross-sector trends we're identifying (Hyperliquid, prediction markets) that move fast?
    4. Should we implement automated on-chain verification for whale signals and bot wallet claims instead of manual monitoring - particularly for the $3.9M Polymarket winner and clawdbot addresses we're tracking?
    5. What additional data sources beyond the current 126 bookmarks could improve signal quality - perhaps integrating Telegram alpha groups, Discord servers, or GitHub repository activity for AI trading projects?
    6. How can we build position sizing algorithms that automatically calculate risk-adjusted entry points instead of generic "max 0.5% portfolio" recommendations when we do find legitimate setups?

Phase 3: LEARN - Searching for answers...
  Question 1: Why has the last cycle analysis been static for nearly 3 hou...
    Found 2 potential answers
  Phase 8: IMPROVE - Evaluating integration safety...
    ⏸️  Manual review needed: The web research answer is generic and admits inability to access real-time data, while the internal analysis shows normal scan frequency but doesn't explain the 3-hour static period. There's a clear disconnect between expected system behavior and actual performance. Integrating changes without understanding why cycles stopped could mask a critical system failure, potentially leading to missed trades or erroneous positions. The static period suggests either a system hang, data feed failure, or logic error that needs immediate investigation rather than configuration changes.
  Question 2: Given that recent signals are being classified as "pure narr...
    Found 1 potential answers
  Phase 8: IMPROVE - Evaluating integration safety...
    ⏸️  Manual review needed: This involves major system changes including: 1) New external API dependencies that could fail or provide malicious data, 2) Real-time data processing that could overwhelm system resources, 3) Financial data integration requiring strict validation and error handling, 4) Complex filtering logic that could introduce bugs affecting trading decisions, 5) Potential security vulnerabilities from multiple new data sources, 6) Need for comprehensive testing with market data edge cases. The scope is too large and critical for automated integration.
  Question 3: How can we reduce the 15-minute analysis delay to capture su...
    Found 1 potential answers
  Phase 8: IMPROVE - Evaluating integration safety...
    ⏸️  Manual review needed: This involves fundamental changes to trading infrastructure including real-time data pipelines, WebSocket implementations, hardware optimization, and AI model replacements. The sub-5-minute trading window significantly increases execution risk, requires new risk management systems, and involves external API integrations that could introduce security vulnerabilities. The performance targets and architecture changes need careful validation to avoid system failures that could result in significant financial losses. This requires manual oversight, testing environments, and gradual rollout rather than automated integration.
  Question 4: Should we implement automated on-chain verification for whal...
    Found 1 potential answers
  Phase 8: IMPROVE - Evaluating integration safety...
    ⏸️  Manual review needed: This involves tracking specific high-value financial addresses ($3.9M) and bot wallets, which raises significant legal, privacy, and operational risks. Automated monitoring of whale wallets could violate privacy regulations, trigger false positives leading to incorrect flagging, expose the system to legal liability, and potentially be used for market manipulation. The suggestion also lacks specific implementation details and verification criteria, making automated integration unsafe without thorough legal and technical review.
  Question 5: What additional data sources beyond the current 126 bookmark...
    Found 3 potential answers
  Phase 8: IMPROVE - Evaluating integration safety...
    ⏸️  Manual review needed: This involves integrating external data sources (Telegram, Discord, GitHub APIs) which introduces multiple risks: 1) API rate limiting and potential account bans, 2) Data quality and reliability issues from unvetted sources, 3) Legal/ToS compliance concerns for scraping social platforms, 4) Security risks from processing untrusted external content, 5) Potential for signal manipulation or spam, 6) Need for robust authentication and error handling. This requires careful architecture planning, security review, and gradual rollout with extensive testing.
  Question 6: How can we build position sizing algorithms that automatical...
    Found 1 potential answers
  Phase 8: IMPROVE - Evaluating integration safety...
    ⏸️  Manual review needed: Position sizing algorithms directly impact capital allocation and financial risk. The suggested improvements involve complex mathematical models (Kelly Criterion, risk parity, ML-based sizing) that could lead to significant financial losses if implemented incorrectly. These require domain expertise, extensive backtesting, regulatory compliance considerations, and gradual rollout with human oversight. Automated integration of financial trading algorithms without proper validation could result in catastrophic position sizing errors.

======================================================================
Cycle 22 complete
Next cycle in 10 minutes...
======================================================================

Sleeping for 7m 48s...
(Press Ctrl+C to stop)


======================================================================
CONTINUOUS IMPROVER - CYCLE 23
2026-01-29 08:54:30
======================================================================

Phase 1: PERCEIVE - Analyzing current performance...
  Trading: 35 cycles
  Signals: active
  System: running

Phase 4: QUESTION - Generating improvement questions...
  Generated 5 questions:
    1. Why hasn't the system generated any new trading cycles in over 3 hours since 05:50, and what bottlenecks are preventing fresh signal analysis despite 23 system health cycles running?
    2. How can we move beyond "PASS" recommendations by integrating real-time price feeds and volume data to validate social signals with actual market movements?
    3. What specific on-chain monitoring tools should we implement to verify whale transactions and bot wallet claims in real-time rather than relying on unconfirmed Twitter hype?
    4. Should we reduce the 4.0 signals per cycle average by implementing stricter quality filters that eliminate self-promotional content and focus on actionable alpha?
    5. How can we add automated backtesting to measure the actual performance of our "PASS" vs "TRADE" decisions and adjust our risk thresholds accordingly?

Phase 3: LEARN - Searching for answers...
  Question 1: Why hasn't the system generated any new trading cycles in ov...
    Found 1 potential answers
  Phase 8: IMPROVE - Evaluating integration safety...
    ⏸️  Manual review needed: This is not an improvement but diagnostic guidance for an active system issue. The trading system has stopped generating new cycles for 3+ hours, which could indicate a critical problem. Automated integration is inappropriate here - this requires immediate manual investigation to prevent potential financial losses. The response correctly identifies potential causes but doesn't provide a specific fix that can be automatically implemented.
  Question 2: How can we move beyond "PASS" recommendations by integrating...
    Found 1 potential answers
  Phase 8: IMPROVE - Evaluating integration safety...
    ⏸️  Manual review needed: This involves financial market data integration, real-time trading signals, and potential monetary risk. The response outlines a complex research and implementation plan requiring API integrations, machine learning models, and trading infrastructure. Financial applications require careful regulatory compliance, risk management, and thorough testing. This cannot be safely automated without human oversight, proper architecture design, and extensive validation.
  Question 3: What specific on-chain monitoring tools should we implement ...
    Found 2 potential answers
  Phase 8: IMPROVE - Evaluating integration safety...
    ⏸️  Manual review needed: This involves implementing financial monitoring tools with real-time blockchain data access. Risks include: 1) High API costs from services like Nansen/Chainalysis, 2) Rate limiting issues that could break existing functionality, 3) Security vulnerabilities from handling financial data, 4) False positive alerts that could impact trading decisions, 5) Need for proper error handling and failsafes. The GitHub results don't contain relevant on-chain monitoring tools, suggesting this requires custom development rather than simple integration.
  Question 4: Should we reduce the 4.0 signals per cycle average by implem...
    Found 2 potential answers
  Phase 8: IMPROVE - Evaluating integration safety...
    ⏸️  Manual review needed: This involves fundamental changes to signal filtering logic that directly impacts trading decisions and capital allocation. Stricter filters could eliminate profitable signals or create false positives. The 4.0 signals/cycle baseline needs validation, and implementing ML-based content filtering, sentiment analysis, and statistical significance thresholds requires extensive testing to avoid systematic bias or overfitting. Financial impact is too significant for automated integration without human oversight and controlled testing.
  Question 5: How can we add automated backtesting to measure the actual p...
    Found 1 potential answers
  Phase 8: IMPROVE - Evaluating integration safety...
    ⏸️  Manual review needed: This involves automated modification of trading decision thresholds based on backtesting results, which could lead to significant financial losses if implemented incorrectly. The adaptive threshold system could create feedback loops, overfitting to recent data, or make inappropriate adjustments during market volatility. While the backtesting framework itself is valuable, any automated changes to risk parameters require careful human oversight, extensive validation, and gradual rollout with safety limits.

======================================================================
Cycle 23 complete
Next cycle in 10 minutes...
======================================================================

Sleeping for 8m 14s...
(Press Ctrl+C to stop)


======================================================================
CONTINUOUS IMPROVER - CYCLE 24
2026-01-29 09:04:30
======================================================================

Phase 1: PERCEIVE - Analyzing current performance...
  Trading: 35 cycles
  Signals: active
  System: running

Phase 4: QUESTION - Generating improvement questions...
  Generated 5 questions:
    1. Why haven't we executed any new trading cycles in over 3 hours since 05:50, and what bottlenecks are preventing fresh signal analysis despite the system showing "running" status?
    2. How can we improve signal quality beyond the current 4.0 average per cycle when our last analysis showed "zero edge" and recommended PASS on all opportunities?
    3. What additional real-time data sources (orderbook depth, on-chain flows, volume alerts) should we integrate to move beyond "pure narrative hype" toward actionable price movements?
    4. Should we implement automated signal filtering to reduce noise from self-promotional content and unverified bot wallets before they reach our main analysis pipeline?
    5. How can we optimize our scan frequency and bookmark analysis (currently 126 total) to capture faster-moving opportunities in the 15-minute window we target for execution?

Phase 3: LEARN - Searching for answers...
  Question 1: Why haven't we executed any new trading cycles in over 3 hou...
    Found 1 potential answers
  Phase 8: IMPROVE - Evaluating integration safety...
    ⏸️  Manual review needed: This response provides troubleshooting guidance rather than a specific solution. Automatically implementing any changes to a live trading system without proper diagnosis could worsen the issue or create new problems. The system may be halted for legitimate reasons (risk management, market conditions, data quality issues), and blindly restarting or modifying it could lead to financial losses. Manual investigation is required to determine if this is a technical malfunction or intended behavior.
  Question 2: How can we improve signal quality beyond the current 4.0 ave...
    Found 2 potential answers
  Phase 8: IMPROVE - Evaluating integration safety...
    ⏸️  Manual review needed: The question contains a critical contradiction - if the last analysis showed 'zero edge' and recommended PASS on all opportunities, then attempting to improve signal quality could lead to false signals and increased losses. Signal processing changes in trading systems require extensive backtesting, risk assessment, and human oversight. The 4.0 average may actually be optimal given the zero edge condition. Automatic integration could result in significant financial losses.
  Question 3: What additional real-time data sources (orderbook depth, on-...
    Found 1 potential answers
  Phase 8: IMPROVE - Evaluating integration safety...
    ⏸️  Manual review needed: This is a complex multi-phase enhancement requiring: 1) Integration of multiple paid APIs (Kaiko, Nansen, etc.) with associated costs and rate limits, 2) Significant infrastructure changes for real-time data streaming, 3) New dependencies and libraries that could introduce stability issues, 4) Financial risk from acting on untested signals, 5) Potential security vulnerabilities from multiple external data connections. This requires careful planning, testing, and gradual implementation rather than automatic integration.
  Question 4: Should we implement automated signal filtering to reduce noi...
    Found 1 potential answers
  Phase 8: IMPROVE - Evaluating integration safety...
    ⏸️  Manual review needed: While automated filtering is beneficial, implementing it incorrectly could filter out legitimate trading signals or miss sophisticated manipulation. The filtering logic needs domain expertise to define proper thresholds, validation against historical data, and gradual rollout with monitoring. False positives could cause missed opportunities, while false negatives defeat the purpose. This requires human judgment to design the filtering criteria and validate effectiveness before automation.
  Question 5: How can we optimize our scan frequency and bookmark analysis...
    Found 2 potential answers
  Phase 8: IMPROVE - Evaluating integration safety...
    ⏸️  Manual review needed: This involves multiple complex changes to core trading infrastructure: scan frequency modifications could miss signals or create noise, parallel processing changes affect system stability, AI model changes could alter signal accuracy, and execution timing changes directly impact trading performance. Each component needs isolated testing and validation before integration. The 15-minute execution window makes this time-sensitive, requiring human oversight to ensure changes don't negatively impact existing 4.0 signals/cycle performance.

======================================================================
Cycle 24 complete
Next cycle in 10 minutes...
======================================================================

Sleeping for 8m 7s...
(Press Ctrl+C to stop)


======================================================================
CONTINUOUS IMPROVER - CYCLE 25
2026-01-29 09:14:30
======================================================================

Phase 1: PERCEIVE - Analyzing current performance...
  Trading: 35 cycles
  Signals: active
  System: running

Phase 4: QUESTION - Generating improvement questions...
  Generated 5 questions:
    1. Why has the system been stuck on the same analysis from cycle 5 (timestamp 2026-01-29T05:50:22) for over 3 hours without generating new trading cycles, and what mechanism should be implemented to ensure continuous signal processing?
    2. Given that the last analysis concluded "PASS - Zero edge, social noise not signals," what additional data sources beyond bookmarks (currently 126 analyzed) should be integrated to generate higher-quality, actionable trading signals with quantifiable edge?
    3. How can the system transition from pure narrative-based analysis to incorporating real-time price action, volume data, and on-chain metrics to identify the >10% 15-minute wicks and whale transactions mentioned in the analysis framework?
    4. What specific criteria should be established to distinguish between "social noise" and genuine alpha signals, and how can the signal scoring algorithm be refined to automatically filter out self-promotional content and unverified bot claims?
    5. Should the 15-minute analysis window be optimized (shortened to 5-10 minutes for faster execution, or extended to 30-60 minutes for better pattern recognition), and what automated position sizing rules beyond "max 0.5% portfolio" should be implemented for different signal confidence levels?

Phase 3: LEARN - Searching for answers...
  Question 1: Why has the system been stuck on the same analysis from cycl...
    Found 1 potential answers
  Phase 8: IMPROVE - Evaluating integration safety...
    ⏸️  Manual review needed: This involves critical trading system infrastructure changes including timeout mechanisms, circuit breakers, restart procedures, and state management. Automatic integration could disrupt active trading operations, cause data loss, or create new failure modes. The system is already in a stuck state, indicating underlying issues that need manual diagnosis. Trading systems require careful testing of recovery mechanisms to avoid financial losses.
  Question 2: Given that the last analysis concluded "PASS - Zero edge, so...
    Found 2 potential answers
  Phase 8: IMPROVE - Evaluating integration safety...
    ⏸️  Manual review needed: The suggested improvements involve multiple paid APIs (Arkham, Nansen, Unusual Whales), significant code changes for ML implementation, and external dependencies that could break existing systems. The recommendation mentions specific performance targets (Sharpe >1.5, win rate >55%) without knowing current baseline metrics. Safe approach would be incremental testing of free data sources first, then gradual integration of more complex systems with proper backtesting and risk controls.
  Question 3: How can the system transition from pure narrative-based anal...
    Found 1 potential answers
  Phase 8: IMPROVE - Evaluating integration safety...
    ⏸️  Manual review needed: This is not an improvement to integrate but rather a complex feature request requiring: 1) New external API integrations with financial data providers, 2) Real-time data processing infrastructure, 3) New databases for time-series data, 4) Custom algorithms for whale detection and wick analysis, 5) Significant architectural changes to support real-time analysis. The answer provided is educational guidance, not implementable code. This would require manual development planning, security reviews for financial data handling, and extensive testing.
  Question 4: What specific criteria should be established to distinguish ...
    Found 1 potential answers
  Phase 8: IMPROVE - Evaluating integration safety...
    ⏸️  Manual review needed: This involves automated filtering of financial trading signals, which carries significant risk. The suggestions include NLP-based content analysis, behavioral pattern detection, and algorithmic scoring that could: 1) Create false positives/negatives affecting legitimate trading signals, 2) Introduce bias in signal selection, 3) Impact financial decision-making without proper validation, 4) Require extensive backtesting and regulatory compliance considerations. The complexity and financial implications make this unsuitable for automatic integration.
  Question 5: Should the 15-minute analysis window be optimized (shortened...
    Found 1 potential answers
  Phase 8: IMPROVE - Evaluating integration safety...
    ⏸️  Manual review needed: This involves fundamental changes to core trading logic including position sizing algorithms, timeframe selection, and risk management rules. The complexity includes Kelly Criterion implementation, volatility adjustments, correlation-based limits, and ML-based confidence scoring. These changes could significantly alter portfolio risk profile, drawdown characteristics, and capital allocation. Each component needs isolated testing, validation against historical data, and gradual rollout with extensive monitoring. The suggested code includes multiple interconnected systems that could have unintended interactions affecting overall strategy performance.

======================================================================
Cycle 25 complete
Next cycle in 10 minutes...
======================================================================

Sleeping for 7m 45s...
(Press Ctrl+C to stop)


======================================================================
CONTINUOUS IMPROVER - CYCLE 26
2026-01-29 09:24:31
======================================================================

Phase 1: PERCEIVE - Analyzing current performance...
  Trading: 35 cycles
  Signals: active
  System: running

Phase 4: QUESTION - Generating improvement questions...
  Generated 5 questions:
    1. Why has the last trading cycle been stuck at cycle 5 from 3+ hours ago (05:50:22) when the system shows 35 total cycles - is there a processing bottleneck or data pipeline failure preventing new signal analysis?
    2. The analysis consistently shows "PASS" recommendations with "zero edge" - should I expand beyond Twitter bookmarks to include real-time order book data, DEX aggregators, and on-chain analytics to find actual trading opportunities?
    3. How can I reduce the 3+ hour lag between signal detection and analysis when the current system targets 15-minute opportunities - should I implement streaming data ingestion and sub-minute analysis cycles?
    4. The system correctly identified AI/crypto narrative trends but couldn't find tradeable setups - should I integrate with Hyperliquid API, Dexscreener, and TradingView to validate signals with actual price/volume data before analysis?
    5. With 126 bookmarks analyzed but only social media noise detected, should I diversify signal sources to include whale alert services, options flow data, futures funding rates, and cross-exchange arbitrage opportunities?

Phase 3: LEARN - Searching for answers...
  Question 1: Why has the last trading cycle been stuck at cycle 5 from 3+...
    Found 1 potential answers
  Phase 8: IMPROVE - Evaluating integration safety...
    ⏸️  Manual review needed: This is a critical production issue affecting live trading operations. The system appears to have a stuck process or data pipeline failure that requires immediate human attention. Automated integration could interfere with ongoing trades, worsen the bottleneck, or mask underlying system failures. The recommendations provided (circuit breakers, timeouts, monitoring) are architectural changes that need careful implementation and testing, not automatic deployment during a production incident.
  Question 2: The analysis consistently shows "PASS" recommendations with ...
    Found 1 potential answers
  Phase 8: IMPROVE - Evaluating integration safety...
    ⏸️  Manual review needed: This involves major architectural changes to trading infrastructure with significant financial and legal risks. Real-time trading systems, MEV strategies, mempool monitoring, and automated execution can lead to substantial losses if misconfigured. Additionally, some suggested activities (sandwich attacks, frontrunning) may have regulatory implications. The complexity of integrating multiple WebSocket feeds, on-chain monitoring, and ML models requires careful testing and validation before deployment.
  Question 3: How can I reduce the 3+ hour lag between signal detection an...
    Found 1 potential answers
  Phase 8: IMPROVE - Evaluating integration safety...
    ⏸️  Manual review needed: This involves fundamental changes to trading system architecture that could affect financial operations. The transition from 3+ hour batch processing to sub-minute streaming requires: 1) New infrastructure (Kafka/streaming platforms), 2) Database migration to time-series optimized systems, 3) ML model retraining and optimization, 4) Real-time data feed integration, 5) Hardware/networking upgrades. Any errors could result in missed trades, false signals, or system downtime affecting financial performance. Requires careful planning, testing, and phased rollout.
  Question 4: The system correctly identified AI/crypto narrative trends b...
    Found 1 potential answers
  Phase 8: IMPROVE - Evaluating integration safety...
    ⏸️  Manual review needed: This involves financial APIs, real money trading, API key management, and automated order execution. Requires careful implementation of authentication, rate limiting, error handling, position sizing, risk management, and thorough testing. Cannot be safely auto-integrated due to financial risk and complexity of trading system integration.
  Question 5: With 126 bookmarks analyzed but only social media noise dete...
    Found 1 potential answers
  Phase 8: IMPROVE - Evaluating integration safety...
    ⏸️  Manual review needed: This involves major system expansion with multiple external APIs, financial data sources, and trading logic changes. Risks include: API rate limits/costs, data quality issues, signal correlation problems, increased system complexity, potential for false signals leading to losses, and security concerns with new API keys. The suggested weighting framework and circuit breakers need backtesting. This requires careful planning, not automated integration.

======================================================================
Cycle 26 complete
Next cycle in 10 minutes...
======================================================================

Sleeping for 7m 49s...
(Press Ctrl+C to stop)


======================================================================
CONTINUOUS IMPROVER - CYCLE 27
2026-01-29 10:01:03
======================================================================

Phase 1: PERCEIVE - Analyzing current performance...
  Trading: 35 cycles
  Signals: active
  System: running

Phase 4: QUESTION - Generating improvement questions...
  Generated 5 questions:
    1. Why hasn't the system processed any new signals in over 4 hours, and what's causing the analysis to remain frozen on cycle 5 from 05:50:22 when the current time shows 10:01:03?
    2. How can we implement real-time price and volume validation to immediately filter out "pure narrative hype" signals that lack verifiable on-chain data or technical indicators?
    3. What additional data sources beyond bookmarks should we integrate (DEX aggregators, whale alert APIs, options flow, social sentiment APIs) to increase signal quality above the current low-confidence threshold?
    4. Should we implement a dynamic scanning frequency that increases during high volatility periods and decreases during flat market conditions to optimize for both speed and resource efficiency?
    5. How can we build an automated signal scoring system that pre-filters low-quality signals (like unverified bot wallets and self-promotional content) before they reach the analysis stage?

Phase 3: LEARN - Searching for answers...
  Question 1: Why hasn't the system processed any new signals in over 4 ho...
    Found 1 potential answers
  Phase 8: IMPROVE - Evaluating integration safety...
    ⏸️  Manual review needed: This indicates a critical system failure where signal processing has been frozen for 4+ hours. The system is stuck on cycle 5 from 05:50:22, suggesting a potential deadlock, resource exhaustion, or infinite loop. Any automated intervention without proper diagnosis could worsen the situation, cause data loss, or mask underlying issues. The troubleshooting steps provided are diagnostic in nature and require human judgment to interpret results and determine root cause before implementing fixes.
  Question 2: How can we implement real-time price and volume validation t...
    Found 1 potential answers
  Phase 8: IMPROVE - Evaluating integration safety...
    ⏸️  Manual review needed: This involves: 1) Multiple external API dependencies (Dune, The Graph, Messari) that could fail or change, 2) Financial decision-making logic that could lead to monetary losses if implemented incorrectly, 3) Complex validation algorithms that need thorough testing, 4) Real-time data processing requirements that could impact system performance, 5) Potential for false positives/negatives that could filter out legitimate signals or allow through bad ones. This requires careful design, testing, and gradual rollout rather than automatic integration.
  Question 3: What additional data sources beyond bookmarks should we inte...
    Found 2 potential answers
  Phase 8: IMPROVE - Evaluating integration safety...
    ⏸️  Manual review needed: This involves integrating multiple external financial APIs with real-time trading implications. Risks include: API failures causing bad signals, rate limiting breaking strategies, costs from premium data sources, potential regulatory compliance issues, and financial losses from untested signal combinations. Each data source needs individual vetting, proper error handling, and gradual testing before automation.
  Question 4: Should we implement a dynamic scanning frequency that increa...
    Found 2 potential answers
  Phase 8: IMPROVE - Evaluating integration safety...
    ⏸️  Manual review needed: While dynamic scanning frequency is a proven concept, implementing it safely requires: 1) Robust volatility detection mechanisms that won't cause frequency oscillation, 2) Proper rate limiting to avoid API violations, 3) Testing to ensure the system doesn't miss critical signals during frequency transitions, 4) Validation that resource optimization doesn't compromise signal quality. The current stable 4.0 signals per cycle suggests the existing frequency works well, so changes need careful evaluation to avoid degrading performance.
  Question 5: How can we build an automated signal scoring system that pre...
    Found 2 potential answers
  Phase 8: IMPROVE - Evaluating integration safety...
    ⏸️  Manual review needed: This is a major architectural change involving: 1) New ML models for bot detection and content scoring, 2) Blockchain data integration requiring Web3 APIs, 3) Real-time processing pipelines, 4) Database schema changes, 5) External API integrations. The complexity and scope make this unsuitable for automatic integration - it's essentially building a new core system component that could break existing signal processing if implemented incorrectly.

======================================================================
Cycle 27 complete
Next cycle in 10 minutes...
======================================================================

Sleeping for 8m 2s...
(Press Ctrl+C to stop)


======================================================================
CONTINUOUS IMPROVER - CYCLE 28
2026-01-29 10:34:24
======================================================================

Phase 1: PERCEIVE - Analyzing current performance...
  Trading: 35 cycles
  Signals: active
  System: running

Phase 4: QUESTION - Generating improvement questions...
  Generated 5 questions:
    1. Why hasn't the last trading cycle updated in over 4.5 hours (stuck at cycle 5 from 05:50 but system shows 28 cycles completed) - is there a data pipeline or cycle execution issue preventing fresh analysis?
    2. The last analysis showed "PASS" with zero edge on all 4 signals - are the current bookmark sources too focused on social noise rather than actionable trading signals, and should we diversify to include technical analysis feeds, on-chain data sources, or whale tracking services?
    3. With only 126 total bookmarks analyzed across 35 cycles (3.6 per cycle), are we scanning frequently enough to catch rapid market movements, and should we increase the scan frequency during high volatility periods or add real-time data streams?
    4. The analysis correctly identified red flags (pure narrative hype, no TA/volume data) but had no alternative high-conviction plays - should we integrate technical analysis APIs, orderbook data, or momentum scanners to generate our own signals rather than relying solely on social sentiment?
    5. Given the focus on AI/crypto narrative trades that proved to be noise, should we build a signal quality scoring system that weights technical indicators, volume confirmation, and on-chain metrics higher than social sentiment to filter out low-probability setups?

Phase 3: LEARN - Searching for answers...
  Question 1: Why hasn't the last trading cycle updated in over 4.5 hours ...
    Found 1 potential answers
  Phase 8: IMPROVE - Evaluating integration safety...
    ⏸️  Manual review needed: This indicates a critical system malfunction where trading cycles are stuck, which could lead to missed trading opportunities, incorrect position management, or financial losses. The discrepancy between displayed cycle 5 and claimed 28 completed cycles suggests either a display bug or data corruption. Any automated changes without understanding the root cause could disrupt live trading operations or mask underlying system failures.
  Question 2: The last analysis showed "PASS" with zero edge on all 4 sign...
    Found 1 potential answers
  Phase 8: IMPROVE - Evaluating integration safety...
    ⏸️  Manual review needed: This involves fundamental changes to trading signal architecture that could significantly impact trading performance and risk exposure. Adding new data sources (technical analysis feeds, on-chain data, whale tracking) requires careful evaluation of data quality, API reliability, cost implications, and integration complexity. The current 'zero edge' issue suggests systematic problems that need root cause analysis before adding more complexity. Changes to trading signals should never be automated without thorough backtesting and gradual implementation.
  Question 3: With only 126 total bookmarks analyzed across 35 cycles (3.6...
    Found 2 potential answers
  Phase 8: IMPROVE - Evaluating integration safety...
    ⏸️  Manual review needed: This is a major architectural change that affects core scanning functionality, introduces new real-time data dependencies, and could significantly increase operational costs. The recommendation involves multiple complex components (volatility triggers, WebSocket streams, frequency scaling) that require careful testing to avoid system instability, API rate limit violations, or runaway costs. Manual review is essential to design proper safeguards and validate the cost-benefit trade-offs.
  Question 4: The analysis correctly identified red flags (pure narrative ...
    Found 2 potential answers
  Phase 8: IMPROVE - Evaluating integration safety...
    ⏸️  Manual review needed: This involves fundamental changes to the trading signal generation system including: 1) New external API dependencies that could fail or change pricing/limits, 2) Complex multi-source data fusion requiring careful weight calibration, 3) Technical analysis logic that needs extensive backtesting to validate, 4) Potential for conflicting signals between social sentiment and technical indicators, 5) Cost implications from multiple paid APIs, 6) Performance impact from increased data processing. The current system generates stable 4.0 signals per cycle - major architectural changes like this require careful manual implementation, testing phases, and gradual rollout rather than automatic integration.
  Question 5: Given the focus on AI/crypto narrative trades that proved to...
    Found 2 potential answers
  Phase 8: IMPROVE - Evaluating integration safety...
    ⏸️  Manual review needed: This is a fundamental change to signal weighting and scoring methodology that could significantly impact trading performance. The proposed system involves complex multi-factor scoring with dynamic weight adjustments that need thorough validation across different market conditions. Additionally, integrating on-chain metrics and rebalancing existing technical/volume/sentiment weights requires careful calibration to avoid overfitting or introducing new biases. The risk of degraded performance during the transition period is substantial without proper testing.

======================================================================
Cycle 28 complete
Next cycle in 10 minutes...
======================================================================

Sleeping for 8m 23s...
(Press Ctrl+C to stop)


======================================================================
CONTINUOUS IMPROVER - CYCLE 29
2026-01-29 10:44:25
======================================================================

Phase 1: PERCEIVE - Analyzing current performance...
  Trading: 35 cycles
  Signals: active
  System: running

Phase 4: QUESTION - Generating improvement questions...
  Generated 5 questions:
    1. Why has the system been stuck on the same cycle (cycle 5) from 4+ hours ago with identical analysis - is the trading cycle advancement mechanism broken or are we not detecting new signals?
    2. The last analysis shows "PASS" recommendations with "zero edge" - are we scanning the right data sources, or do we need to integrate real-time price feeds, order book data, and on-chain analytics instead of relying purely on social signals?
    3. With 126 total bookmarks analyzed but only 4.0 avg signals per cycle, are we being too conservative in signal filtering, or should we expand sources beyond bookmarks to include whale alerts, unusual volume spikes, and cross-exchange arbitrage opportunities?
    4. The analysis mentions monitoring Hyperliquid $HYPER for ">10% 15m wick + whale txns" but provides no mechanism to actually execute this monitoring - how can we build automated price/volume threshold alerts that trigger immediate re-analysis?
    5. Given the focus on AI/crypto narrative plays, should we develop specialized scanners for emerging sectors (AI tokens, prediction markets, new DEX launches) with sector-specific risk parameters rather than generic social sentiment analysis?

Phase 3: LEARN - Searching for answers...
  Question 1: Why has the system been stuck on the same cycle (cycle 5) fr...
    Found 1 potential answers
  Phase 8: IMPROVE - Evaluating integration safety...
    ⏸️  Manual review needed: This is a troubleshooting question about a potentially broken trading system component, not an improvement that can be integrated. The 'answer' is generic troubleshooting advice that doesn't provide specific fixes. Any automated changes to cycle advancement logic without proper diagnosis could break the trading system or cause financial losses. This requires human expertise to investigate the root cause and implement appropriate fixes.
  Question 2: The last analysis shows "PASS" recommendations with "zero ed...
    Found 2 potential answers
  Phase 8: IMPROVE - Evaluating integration safety...
    ⏸️  Manual review needed: This represents a fundamental shift from single-source (social signals) to multi-source trading strategy requiring new APIs, data pipelines, signal weighting algorithms, and correlation models. The suggested 20/30/30/20 weighting scheme needs backtesting. New real-time data feeds introduce latency, cost, and failure points. Current 'zero edge' could worsen with poorly calibrated multi-signal fusion before optimization.
  Question 3: With 126 total bookmarks analyzed but only 4.0 avg signals p...
    Found 1 potential answers
  Phase 8: IMPROVE - Evaluating integration safety...
    ⏸️  Manual review needed: This involves fundamental changes to signal generation strategy including new data sources (whale alerts, volume spikes, arbitrage), modified filtering thresholds, and expanded exchange integrations. These changes could significantly alter trading behavior, increase API costs, introduce new failure points, and potentially expose the system to market manipulation or false signals. The recommendation to lower confidence thresholds by 10-15% and require fewer validation sources could increase false positive rates. Additionally, cross-exchange arbitrage requires sub-100ms execution which may need infrastructure changes. Each component needs individual testing and validation before integration.
  Question 4: The analysis mentions monitoring Hyperliquid $HYPER for ">10...
    Found 1 potential answers
  Phase 8: IMPROVE - Evaluating integration safety...
    ⏸️  Manual review needed: The answer provides various monitoring solutions but doesn't address the core safety concerns: 1) Automated trading alerts can trigger false positives leading to bad trades, 2) API rate limits and costs aren't considered, 3) No error handling for failed alerts or data feeds, 4) Whale transaction detection requires reliable on-chain data sources that may have delays, 5) 15-minute wick detection needs backtesting to avoid noise, 6) Integration with existing trading systems requires careful position sizing and risk management. This needs manual architecture design and testing before any automation.
  Question 5: Given the focus on AI/crypto narrative plays, should we deve...
    Found 2 potential answers
  Phase 8: IMPROVE - Evaluating integration safety...
    ⏸️  Manual review needed: This is a major system redesign involving new data sources (GitHub APIs, custom sentiment models), sector-specific risk parameters, and multi-layer architecture. The current system has stable 4.0 signals per cycle, and introducing specialized scanners could destabilize performance, create false signals, or miss important patterns. The proposal involves external API dependencies, custom ML models, and complex risk weighting that require extensive backtesting and validation before deployment.

======================================================================
Cycle 29 complete
Next cycle in 10 minutes...
======================================================================

Sleeping for 8m 11s...
(Press Ctrl+C to stop)


======================================================================
CONTINUOUS IMPROVER - CYCLE 30
2026-01-29 10:55:58
======================================================================

Phase 1: PERCEIVE - Analyzing current performance...
  Trading: 35 cycles
  Signals: active
  System: running

Phase 4: QUESTION - Generating improvement questions...
  Generated 5 questions:
    1. Why hasn't the trading cycle updated in over 5 hours since 05:50:22, and what system bottlenecks are preventing fresh signal processing when the system shows "running" status?
    2. Given that the last analysis resulted in a "PASS" recommendation with "zero edge" and pure "social noise," what additional data sources (price feeds, volume indicators, on-chain analytics) should be integrated to identify actionable opportunities?
    3. How can we implement real-time price/volume correlation validation to automatically filter out narrative-only signals before they reach the analysis stage, reducing wasted processing cycles?
    4. What automated monitoring can be added for the specific watchlist items mentioned (Hyperliquid $HYPER, whale wallets, prediction market volumes) to trigger alerts when the defined entry conditions (>10% 15m wick + whale txns) actually occur?
    5. Should the system implement a feedback loop to track whether previously identified "PASS" signals eventually produced market moves, and if so, what leading indicators were missed in the initial analysis?

Phase 3: LEARN - Searching for answers...
  Question 1: Why hasn't the trading cycle updated in over 5 hours since 0...
    Found 1 potential answers
  Phase 8: IMPROVE - Evaluating integration safety...
    ⏸️  Manual review needed: This is a diagnostic response to a critical trading system failure, not an improvement to integrate. The system has stopped processing signals for 5+ hours, which could result in significant financial losses. Automated integration is inappropriate here - this requires immediate manual investigation of logs, system resources, data feeds, and potential emergency intervention to restore trading functionality.
  Question 2: Given that the last analysis resulted in a "PASS" recommenda...
    Found 1 potential answers
  Phase 8: IMPROVE - Evaluating integration safety...
    ⏸️  Manual review needed: This involves major system changes including: 1) New real-time data feeds requiring API keys and rate limit management, 2) Complex ML model integration that could introduce bugs or performance issues, 3) Multi-exchange connectivity with financial risk implications, 4) Database schema changes for new data sources, 5) Potential high costs from premium data feeds, and 6) Regulatory compliance considerations for financial data usage. These changes require careful architecture planning, thorough testing, and human oversight before implementation.
  Question 3: How can we implement real-time price/volume correlation vali...
    Found 1 potential answers
  Phase 8: IMPROVE - Evaluating integration safety...
    ⏸️  Manual review needed: This is a complex real-time trading system modification that involves multiple critical components: stream processing, correlation calculations, signal filtering, and automated decision-making. The implementation requires significant architectural changes, performance optimization, and extensive backtesting. Auto-integrating could disrupt existing trading operations, introduce latency issues, or filter out valid signals incorrectly. The suggested technologies (Apache Flink, Redis Streams, GPU acceleration) require careful integration planning and risk management protocols.
  Question 4: What automated monitoring can be added for the specific watc...
    Found 1 potential answers
  Phase 8: IMPROVE - Evaluating integration safety...
    ⏸️  Manual review needed: This involves multiple external API integrations (exchanges, blockchain scanners, whale alerts), real money trading signals, and complex conditional logic that could trigger false alerts or miss critical signals. The automated monitoring system needs extensive testing, proper error handling, rate limit management, and fail-safes before deployment. Additionally, the financial implications of automated trading alerts require human oversight and gradual implementation rather than automatic integration.
  Question 5: Should the system implement a feedback loop to track whether...
    Found 1 potential answers
  Phase 8: IMPROVE - Evaluating integration safety...
    ✅ Safe to integrate (high confidence)
    ⏸️  Needs review: Code changes need manual review

======================================================================
Cycle 30 complete
Next cycle in 10 minutes...
======================================================================

Sleeping for 7m 58s...
(Press Ctrl+C to stop)


======================================================================
CONTINUOUS IMPROVER - CYCLE 31
2026-01-29 11:07:56
======================================================================

Phase 1: PERCEIVE - Analyzing current performance...
  Trading: 35 cycles
  Signals: active
  System: running

Phase 4: QUESTION - Generating improvement questions...
  Generated 5 questions:
    1. Why hasn't the last trading cycle updated in over 5 hours despite the system running 31 cycles - is there a disconnect between system health monitoring and actual trading analysis execution?
    2. The current analysis shows "PASS" recommendations with "zero edge" signals - what additional data sources (on-chain analytics, orderbook data, sentiment timing) could provide higher-conviction opportunities beyond social media noise?
    3. With 4.0 average signals per cycle but all recent signals being low-quality hype, should we implement a signal filtering system that pre-screens for technical indicators, volume confirmation, or whale wallet validation before analysis?
    4. The system identifies AI/crypto narrative trends but lacks execution speed - can we integrate real-time price feeds and automated entry triggers for when identified assets (like $HYPER) hit the specific technical levels mentioned in analysis?
    5. Given the 126 bookmarks analyzed but stale trading cycles, should we reduce bookmark scanning frequency and increase focus on fewer, higher-quality sources with faster processing to capture 15-minute opportunities?

Phase 3: LEARN - Searching for answers...
  Question 1: Why hasn't the last trading cycle updated in over 5 hours de...
    Found 1 potential answers
  Phase 8: IMPROVE - Evaluating integration safety...
    ⏸️  Manual review needed: This involves a live trading system with potential financial implications. The disconnect between system health (31 cycles running) and trading execution (no updates in 5+ hours) suggests a critical failure in the trading pipeline that could result in missed opportunities or incorrect trades. Automated changes to trading systems without proper diagnosis could exacerbate the problem or introduce new risks. This requires manual investigation to understand the root cause before any system modifications.
  Question 2: The current analysis shows "PASS" recommendations with "zero...
    Found 1 potential answers
  Phase 8: IMPROVE - Evaluating integration safety...
    ⏸️  Manual review needed: This is a comprehensive strategic enhancement requiring multiple external data integrations (on-chain APIs, orderbook feeds, sentiment APIs), new analytical frameworks, risk management protocols, and potential costs. Automatic integration could introduce unreliable data sources, API failures, increased latency, security vulnerabilities, and fundamentally alter trading strategy without proper testing and validation.
  Question 3: With 4.0 average signals per cycle but all recent signals be...
    Found 2 potential answers
  Phase 8: IMPROVE - Evaluating integration safety...
    ⏸️  Manual review needed: While the filtering concept is sound, this involves: 1) New API integrations for whale wallet data that could fail/rate limit, 2) Complex scoring algorithms that need backtesting, 3) Multiple technical indicators requiring parameter tuning, 4) Risk of over-filtering and missing valid signals. The 7/10 threshold and scoring weights are arbitrary and untested. Should be implemented incrementally with A/B testing against current system.
  Question 4: The system identifies AI/crypto narrative trends but lacks e...
    Found 1 potential answers
  Phase 8: IMPROVE - Evaluating integration safety...
    ⏸️  Manual review needed: Automated trading systems with real-time execution carry significant financial, legal, and technical risks. This involves: 1) Direct financial exposure through automated trades that could result in substantial losses, 2) Regulatory compliance requirements that vary by jurisdiction, 3) Complex technical integration requiring extensive testing to prevent bugs that could cause unintended trades, 4) Need for robust risk management, circuit breakers, and fail-safes, 5) API security considerations for exchange connections, and 6) Market volatility risks especially in crypto markets. This requires careful human oversight, not automatic integration.
  Question 5: Given the 126 bookmarks analyzed but stale trading cycles, s...
    Found 2 potential answers
  Phase 8: IMPROVE - Evaluating integration safety...
    ⏸️  Manual review needed: This involves fundamental changes to trading signal acquisition that could result in missed opportunities or reduced alpha generation. The proposal to cut from 126 to 25-30 sources represents a 76-80% reduction in coverage without sufficient data on individual source performance. The stable 4.0 signals per cycle suggests the current system is working, and dramatic changes to scanning frequency and source selection could introduce significant blind spots. Additionally, implementing tiered scanning, parallel processing, and new infrastructure components requires extensive testing to ensure reliability in live trading environments.

======================================================================
Cycle 31 complete
Next cycle in 10 minutes...
======================================================================

Sleeping for 8m 20s...
(Press Ctrl+C to stop)


======================================================================
CONTINUOUS IMPROVER - CYCLE 32
2026-01-29 11:17:56
======================================================================

Phase 1: PERCEIVE - Analyzing current performance...
  Trading: 35 cycles
  Signals: active
  System: running

Phase 4: QUESTION - Generating improvement questions...
  Generated 5 questions:
    1. Why has the system been stuck on the same stale analysis from cycle 5 (over 5 hours ago) when it should be generating fresh trading cycles every 10-15 minutes - is there a processing bottleneck or data feed issue preventing new signal analysis?
    2. How can we move beyond pure social sentiment noise to integrate real-time price action, volume data, and on-chain metrics that would provide actual trading edge instead of repeatedly passing on low-confidence narrative plays?
    3. What specific data sources and APIs should we add to cross-reference whale wallet claims (like the "clawdbot" mention) with actual on-chain transaction data to validate or debunk these signals in real-time?
    4. Should we implement a tiered signal filtering system that automatically discards promotional content and self-promotion tweets before analysis, and how can we identify higher-quality alpha sources that consistently produce actionable signals?
    5. How can we reduce the 4+ hour lag between signal detection and analysis by implementing streaming data processing, and what automated triggers should initiate immediate deep-dive analysis when specific market conditions or volume thresholds are met?

Phase 3: LEARN - Searching for answers...
  Question 1: Why has the system been stuck on the same stale analysis fro...
    Found 1 potential answers
  Phase 8: IMPROVE - Evaluating integration safety...
    ⏸️  Manual review needed: This is not an improvement to integrate but rather a troubleshooting request for a malfunctioning trading system. The question indicates the system has been stuck for 5+ hours, which suggests a critical operational issue requiring immediate manual intervention. Automated changes to a already-failing financial trading system could cause further damage or financial losses. The response provides diagnostic guidance but doesn't contain specific code or configuration changes that could be safely automated.
  Question 2: How can we move beyond pure social sentiment noise to integr...
    Found 1 potential answers
  Phase 8: IMPROVE - Evaluating integration safety...
    ⏸️  Manual review needed: This suggestion involves major architectural changes including: 1) New real-time data feeds (orderbook, volume, on-chain) requiring API keys and rate limiting, 2) Complex ML model integration with ensemble methods and confidence thresholds, 3) New dependencies and external services that could introduce failures, 4) Financial trading logic that requires extensive testing and validation, 5) Multi-modal data fusion requiring sophisticated data processing pipelines. These changes affect core system functionality and could introduce bugs, performance issues, or incorrect trading signals if implemented automatically.
  Question 3: What specific data sources and APIs should we add to cross-r...
    Found 1 potential answers
  Phase 8: IMPROVE - Evaluating integration safety...
    ⏸️  Manual review needed: This involves multiple external API integrations with financial data, requires API keys and credentials management, has rate limiting and cost implications, needs robust error handling for financial decisions, and involves processing potentially sensitive blockchain transaction data. The complexity and financial impact require human oversight and careful architecture planning rather than automated integration.
  Question 4: Should we implement a tiered signal filtering system that au...
    Found 2 potential answers
  Phase 8: IMPROVE - Evaluating integration safety...
    ⏸️  Manual review needed: While the filtering concept is sound, automatic integration poses risks: 1) False positives could filter out valuable signals, 2) ML models need training data and validation, 3) Promotional content classification requires nuanced understanding, 4) Alpha source scoring needs historical performance tracking that may not exist yet, 5) System changes could impact existing signal flow. This requires phased implementation with human validation at each step.
  Question 5: How can we reduce the 4+ hour lag between signal detection a...
    Found 1 potential answers
  Phase 8: IMPROVE - Evaluating integration safety...
    ⏸️  Manual review needed: This is a major infrastructure overhaul that introduces real-time streaming processing, new dependencies (Kafka, Redis, Flink), automated trading triggers, and fundamentally changes the data processing pipeline. The financial implications of bugs in automated trigger systems could be severe. This requires thorough testing, staged deployment, circuit breakers, and manual oversight before any automation.

======================================================================
Cycle 32 complete
Next cycle in 10 minutes...
======================================================================

Sleeping for 8m 6s...
(Press Ctrl+C to stop)


======================================================================
CONTINUOUS IMPROVER - CYCLE 33
2026-01-29 11:27:57
======================================================================

Phase 1: PERCEIVE - Analyzing current performance...
  Trading: 35 cycles
  Signals: active
  System: running

Phase 4: QUESTION - Generating improvement questions...
  Generated 5 questions:
    1. Why has the last trading cycle been stale for over 5 hours (timestamp 05:50 vs current 11:27) - is the bookmark scanning frequency too low or are we missing fresh signal sources that update more rapidly?
    2. The last analysis concluded "PASS" with "Zero edge" - what additional data sources (order book depth, options flow, whale wallet tracking, social sentiment scores) could we integrate to find actionable signals when Twitter/bookmark signals are just noise?
    3. We're averaging 4 signals per cycle but they're all categorized as "hype" - should we implement a signal quality scoring system that filters out promotional content and prioritizes signals with verifiable on-chain data or technical analysis backing?
    4. The risk assessment mentions monitoring "Hyperliquid $HYPER for >10% 15m wick + whale txns" but we don't appear to have automated price/volume monitoring - should we add real-time market data feeds to trigger analysis when these technical conditions are met?
    5. With 126 total bookmarks analyzed but consistent low-quality signals, should we curate higher-quality signal sources (specific whale wallets, insider trader accounts, technical analysis accounts) rather than casting a wide net on general crypto Twitter?

Phase 3: LEARN - Searching for answers...
  Question 1: Why has the last trading cycle been stale for over 5 hours (...
    Found 2 potential answers
  Phase 8: IMPROVE - Evaluating integration safety...
    ⏸️  Manual review needed: A 5+ hour stale trading cycle indicates a potential system failure or significant data pipeline issue. The internal analysis shows 'stable' trend but contradicts the timestamp evidence of staleness. Automated changes without understanding root cause could: 1) Mask a critical system failure, 2) Create duplicate trades if the delay is processing-related, 3) Overwhelm APIs with increased frequency, 4) Make trades on stale data. This requires immediate human diagnosis to determine if it's a technical failure, market closure, or data source issue.
  Question 2: The last analysis concluded "PASS" with "Zero edge" - what a...
    Found 1 potential answers
  Phase 8: IMPROVE - Evaluating integration safety...
    ⏸️  Manual review needed: Multiple high-risk factors: 1) Integration involves paid APIs (Arkham, Nansen Pro, Deribit) with unknown costs and rate limits, 2) Code examples are pseudo-code requiring full implementation, 3) Whale wallet tracking and order book analysis require significant infrastructure changes, 4) No validation of claimed accuracy metrics (73% win rate, 78% directional accuracy), 5) Social sentiment AI models may have high computational costs, 6) Risk of over-optimization and false signals from complex multi-source systems. This requires thorough manual evaluation and staged testing.
  Question 3: We're averaging 4 signals per cycle but they're all categori...
    Found 2 potential answers
  Phase 8: IMPROVE - Evaluating integration safety...
    ⏸️  Manual review needed: While the concept is sound, implementing a signal quality scoring system involves: 1) New API dependencies (Dune Analytics, DeFiLlama) that could fail, 2) Complex scoring algorithms that need testing and tuning, 3) Risk of over-filtering and missing valid signals, 4) Potential to break existing signal processing pipeline. The suggested framework requires significant development and validation before safe deployment.
  Question 4: The risk assessment mentions monitoring "Hyperliquid $HYPER ...
    Found 1 potential answers
  Phase 8: IMPROVE - Evaluating integration safety...
    ⏸️  Manual review needed: While automated monitoring would be beneficial, this requires significant infrastructure changes including: 1) New external API dependencies and WebSocket connections that could fail or be rate-limited, 2) Real-time data processing that could generate false signals leading to incorrect trading decisions, 3) Integration with existing risk management systems that could create conflicts or override existing safeguards, 4) Potential security risks from new API keys and data feeds, 5) Need for proper error handling, circuit breakers, and fallback mechanisms. This is a complex system addition that requires careful architecture design, testing, and gradual rollout rather than automatic integration.
  Question 5: With 126 total bookmarks analyzed but consistent low-quality...
    Found 2 potential answers
  Phase 8: IMPROVE - Evaluating integration safety...
    ⏸️  Manual review needed: This involves fundamental changes to signal sourcing strategy that could impact trading decisions. Automatically switching from 126 sources to a curated subset without manual validation could eliminate valuable signals or introduce bias. The recommended whale wallet tracking and insider account monitoring require careful verification to avoid false signals that could lead to significant financial losses. Source quality assessment must be done manually first to establish proper automation parameters.

======================================================================
Cycle 33 complete
Next cycle in 10 minutes...
======================================================================

Sleeping for 7m 44s...
(Press Ctrl+C to stop)


======================================================================
CONTINUOUS IMPROVER - CYCLE 34
2026-01-29 11:37:57
======================================================================

Phase 1: PERCEIVE - Analyzing current performance...
  Trading: 35 cycles
  Signals: active
  System: running

Phase 4: QUESTION - Generating improvement questions...
  Generated 6 questions:
    1. Why has the last trading cycle been stuck at cycle 5 for over 6 hours without updating, and what system bottlenecks are preventing new signal analysis from running?
    2. How can I differentiate between high-conviction "social noise" that actually moves markets versus pure hype, given that narrative-driven pumps often generate real profits in crypto?
    3. What specific on-chain data sources and APIs should I integrate to validate whale movements and orderbook imbalances in real-time, rather than relying on unverified Twitter claims?
    4. Should I implement a tiered signal confidence system that allows small position sizing (0.1-0.5%) on lower-confidence narrative plays while reserving larger positions for high-conviction technical setups?
    5. How can I reduce the 15-minute lag between signal detection and actionable analysis, especially for momentum plays where speed is critical for entry timing?
    6. What additional data feeds beyond the current 126 bookmarks could provide earlier alpha - perhaps Discord channels, Telegram groups, or direct API access to DEX aggregators and perpetual platforms?

Phase 3: LEARN - Searching for answers...
  Question 1: Why has the last trading cycle been stuck at cycle 5 for ove...
    Found 1 potential answers
  Phase 8: IMPROVE - Evaluating integration safety...
    ⏸️  Manual review needed: This is a live trading system issue that requires immediate manual intervention. The response provides general troubleshooting guidance but cannot automatically fix a stuck trading cycle. Any automated changes to a live trading system without understanding the root cause could result in financial losses, data corruption, or system instability. The 6-hour delay suggests a critical system problem that needs human diagnosis and careful resolution.
  Question 2: How can I differentiate between high-conviction "social nois...
    Found 1 potential answers
  Phase 8: IMPROVE - Evaluating integration safety...
    ⏸️  Manual review needed: This is educational content about cryptocurrency market analysis and trading strategies, not a technical improvement to a system. There's no code, configuration, or tool being proposed for integration. The content itself is informational and poses no technical risk, but it's not something that can be 'integrated' into a system in a technical sense.
  Question 3: What specific on-chain data sources and APIs should I integr...
    Found 1 potential answers
  Phase 8: IMPROVE - Evaluating integration safety...
    ⏸️  Manual review needed: This involves setting up multiple external API connections with authentication keys, implementing real-time data processing systems, and potentially handling financial data. It requires custom code, infrastructure decisions, security considerations for API keys, cost management for paid services, and careful testing to avoid false signals. This is a major system architecture change that cannot be safely automated without human oversight and planning.
  Question 4: Should I implement a tiered signal confidence system that al...
    Found 1 potential answers
  Phase 8: IMPROVE - Evaluating integration safety...
    ⏸️  Manual review needed: This is a fundamental architectural change to position sizing and risk management that affects core trading logic. It involves: 1) Creating new confidence scoring algorithms that could have bugs or biases, 2) Modifying position sizing logic which directly impacts capital allocation and risk, 3) Integrating multiple data sources (technical, narrative, sentiment) that could fail or provide conflicting signals, 4) Requiring extensive backtesting and validation before deployment, and 5) Needing gradual implementation with careful monitoring. Auto-integration could lead to significant capital loss if confidence scoring is miscalibrated or position sizing logic has errors.
  Question 5: How can I reduce the 15-minute lag between signal detection ...
    Found 1 potential answers
  Phase 8: IMPROVE - Evaluating integration safety...
    ⏸️  Manual review needed: This involves critical trading infrastructure changes that could cause significant financial losses if implemented incorrectly. The suggestions include: 1) Major architecture overhauls (switching to event-driven systems), 2) New technology stacks requiring expertise, 3) Real-time trading modifications that could introduce bugs affecting live positions, 4) Performance optimizations that need thorough testing to ensure accuracy isn't sacrificed for speed. Each component needs individual evaluation, testing, and gradual rollout with proper fallback mechanisms.
  Question 6: What additional data feeds beyond the current 126 bookmarks ...
    Found 1 potential answers
  Phase 8: IMPROVE - Evaluating integration safety...
    ⏸️  Manual review needed: While the suggestions are valuable strategic guidance, they cannot be automatically integrated because: 1) They require external API keys and authentication setup, 2) Some sources (Discord/Telegram) may have ToS restrictions on automated monitoring, 3) MEV and arbitrage data feeds often require paid subscriptions or whitelisting, 4) Implementation needs careful consideration of rate limits, data storage, and processing costs, 5) Some sources mentioned (private alpha groups) require human networking to access. This is strategic advice that requires human decision-making and manual implementation planning.

======================================================================
Cycle 34 complete
Next cycle in 10 minutes...
======================================================================

Sleeping for 7m 36s...
(Press Ctrl+C to stop)


======================================================================
CONTINUOUS IMPROVER - CYCLE 35
2026-01-29 11:47:58
======================================================================

Phase 1: PERCEIVE - Analyzing current performance...
  Trading: 35 cycles
  Signals: active
  System: running

Phase 4: QUESTION - Generating improvement questions...
  Generated 5 questions:
    1. Why has the last cycle been stuck at cycle 5 for nearly 6 hours with no new analysis since 05:50:22, and what changes to the scanning frequency or trigger conditions could ensure continuous fresh signal generation?
    2. How can I differentiate between genuine whale movements and social media noise more effectively, particularly for signals involving unverified bot wallets and prediction market activity that lack on-chain confirmation?
    3. What additional real-time data sources (order book depth, volume anomalies, cross-exchange arbitrage opportunities, social sentiment scoring) should I integrate to move beyond "PASS" recommendations and find actual trading edges?
    4. How can I implement automated technical analysis overlays (15-minute candlestick patterns, RSI divergences, volume-weighted moving averages) to validate social signals with price action before recommending trades?
    5. What specific metrics should I track to measure signal quality improvement over time, and how can I build a feedback loop to learn from missed opportunities where "social noise" actually preceded real price movements?

Phase 3: LEARN - Searching for answers...
  Question 1: Why has the last cycle been stuck at cycle 5 for nearly 6 ho...
    Found 2 potential answers
  Phase 8: IMPROVE - Evaluating integration safety...
    ⏸️  Manual review needed: The system has been stuck on cycle 5 for 6 hours, indicating a potential critical failure. Automatically changing scanning frequencies or trigger conditions without understanding the root cause could: 1) Mask underlying issues like API failures or data corruption, 2) Cause system instability or infinite loops, 3) Generate false signals during malfunction, 4) Interfere with ongoing troubleshooting. The internal analysis shows 4.0 signals per cycle as 'stable' which contradicts the stuck state, suggesting data inconsistency. Manual diagnosis is required to check logs, verify data feeds, and ensure system integrity before any configuration changes.
  Question 2: How can I differentiate between genuine whale movements and ...
    Found 1 potential answers
  Phase 8: IMPROVE - Evaluating integration safety...
    ⏸️  Manual review needed: While the answer provides educational content about blockchain analysis, it involves financial market analysis that could influence trading decisions. The response references specific third-party tools and services that would need verification for current accuracy and safety. Additionally, the financial nature of whale movement analysis requires careful consideration of potential liability and regulatory compliance before automated integration.
  Question 3: What additional real-time data sources (order book depth, vo...
    Found 1 potential answers
  Phase 8: IMPROVE - Evaluating integration safety...
    ⏸️  Manual review needed: This involves major architectural changes including: 1) Real-time data streaming infrastructure requiring WebSocket connections to multiple exchanges, 2) Integration of paid data APIs (Bloomberg, Refinitiv) with authentication and rate limiting, 3) Complex ML model deployment with transformer models and reinforcement learning, 4) Financial risk management systems that could impact real money, 5) Order execution systems requiring co-location and FPGA hardware considerations. These changes require careful planning, testing, security review, and gradual rollout rather than automatic integration.
  Question 4: How can I implement automated technical analysis overlays (1...
    Found 1 potential answers
  Phase 8: IMPROVE - Evaluating integration safety...
    ⏸️  Manual review needed: This involves automated trading recommendations with real financial impact. The response includes complex technical analysis code, real-time data integration, and trading signal generation. Any bugs or misconfigurations could lead to significant financial losses. Additionally, the implementation involves multiple external dependencies (TA-Lib, ccxt, real-time data feeds) that could introduce security vulnerabilities or data reliability issues. Financial trading systems require extensive backtesting, risk management controls, regulatory compliance checks, and human oversight before deployment.
  Question 5: What specific metrics should I track to measure signal quali...
    Found 2 potential answers
  Phase 8: IMPROVE - Evaluating integration safety...
    ⏸️  Manual review needed: This involves fundamental changes to trading signal processing and feedback loops that could impact live trading decisions. The suggestions include complex ML pipelines, automated model retraining, and social sentiment integration - all of which require extensive testing, risk controls, and gradual rollout to avoid introducing bugs or biases that could cause significant financial losses.

======================================================================
Cycle 35 complete
Next cycle in 10 minutes...
======================================================================

Sleeping for 8m 3s...
(Press Ctrl+C to stop)


======================================================================
CONTINUOUS IMPROVER - CYCLE 36
2026-01-29 11:57:58
======================================================================

Phase 1: PERCEIVE - Analyzing current performance...
  Trading: 35 cycles
  Signals: active
  System: running

Phase 4: QUESTION - Generating improvement questions...
  Generated 5 questions:
    1. Why has the last_cycle timestamp been stuck at "2026-01-29T05:50:22.584898" for over 6 hours while system_health shows 36 cycles completed - is there a disconnect between the trading cycle execution and performance tracking that's masking actual signal processing?
    2. The analysis consistently shows "PASS" recommendations with "Zero edge" - should we expand beyond Twitter bookmarks to include real-time price feeds, on-chain analytics APIs, or whale wallet tracking to generate actionable signals instead of just social sentiment?
    3. With 126 bookmarks analyzed but only 4 signals per cycle and all resulting in no trades, are we being too conservative in our risk assessment or do we need better signal filtering to focus on higher-probability setups before analysis?
    4. The current analysis mentions monitoring "Hyperliquid $HYPER for >10% 15m wick + whale txns" but provides no mechanism to actually execute this monitoring - should we integrate real-time price alerts and automated position sizing based on our own criteria?
    5. Given that 6 hours of continuous operation has produced zero actionable trades, should we implement a paper trading system to backtest our analysis against actual market movements and measure if our "PASS" decisions were correct or if we missed profitable opportunities?

Phase 3: LEARN - Searching for answers...
  Question 1: Why has the last_cycle timestamp been stuck at "2026-01-29T0...
    Found 1 potential answers
  Phase 8: IMPROVE - Evaluating integration safety...
    ⏸️  Manual review needed: This indicates a potential critical system monitoring failure where cycle execution and performance tracking are out of sync. The 6+ hour timestamp freeze while cycles continue suggests either: 1) Trading signals aren't actually being processed despite cycle completion, 2) Database/logging systems are failing to record actual activity, or 3) There's a race condition in the monitoring system. Any automated intervention without understanding root cause could mask real trading failures or create false confidence in system operation. This requires immediate human diagnosis to determine if trading is actually functioning correctly.
  Question 2: The analysis consistently shows "PASS" recommendations with ...
    Found 1 potential answers
  Phase 8: IMPROVE - Evaluating integration safety...
    ⏸️  Manual review needed: This involves fundamental changes to the trading strategy architecture including: 1) New external API dependencies (price feeds, on-chain data, whale tracking) that could introduce reliability and cost issues, 2) Complex multi-signal scoring algorithms that need extensive validation, 3) Real-time data processing requirements that could affect system performance, 4) Financial risk from untested signal generation methods, and 5) Potential API rate limits and costs that need evaluation. This requires careful planning, testing, and gradual rollout rather than automatic integration.
  Question 3: With 126 bookmarks analyzed but only 4 signals per cycle and...
    Found 1 potential answers
  Phase 8: IMPROVE - Evaluating integration safety...
    ⏸️  Manual review needed: This involves fundamental changes to signal filtering logic, risk assessment parameters, and introduces ML components. The shift from 4 to potentially 10-15 signals per cycle (8-12% hit rate) could dramatically alter trading behavior. Without proper backtesting and gradual rollout, this could lead to overtrading, increased transaction costs, or execution of lower-quality trades. The bookmark source scoring system needs historical validation, and the AI filtering models require training data and performance verification before deployment.
  Question 4: The current analysis mentions monitoring "Hyperliquid $HYPER...
    Found 1 potential answers
  Phase 8: IMPROVE - Evaluating integration safety...
    ⏸️  Manual review needed: Automated trading systems with real-time position sizing pose significant financial risks. This involves: 1) Real money trading with potential for substantial losses, 2) API integrations that could malfunction, 3) Complex logic for whale transaction detection and wick analysis that needs validation, 4) Position sizing automation that could lead to oversized trades, 5) Requires secure credential management for trading APIs, 6) Needs extensive backtesting and safety checks. Any bugs or misconfigurations could result in significant financial losses. This type of system requires careful manual design, thorough testing, and gradual implementation with strict risk controls.
  Question 5: Given that 6 hours of continuous operation has produced zero...
    Found 1 potential answers
  Phase 8: IMPROVE - Evaluating integration safety...
    ✅ Safe to integrate (high confidence)
    ⏸️  Needs review: Code changes need manual review

======================================================================
Cycle 36 complete
Next cycle in 10 minutes...
======================================================================

Sleeping for 7m 50s...
(Press Ctrl+C to stop)


======================================================================
CONTINUOUS IMPROVER - CYCLE 37
2026-01-29 12:07:58
======================================================================

Phase 1: PERCEIVE - Analyzing current performance...
  Trading: 35 cycles
  Signals: active
  System: running

Phase 4: QUESTION - Generating improvement questions...
  Generated 5 questions:
    1. Why hasn't the last trading cycle updated in over 6 hours (stuck at cycle 5 from 05:50), and what system bottleneck is preventing fresh signal analysis from reaching the trading engine?
    2. How can I distinguish between low-quality "social noise" signals and genuine early alpha opportunities, given that I'm consistently marking signals as "PASS" due to lack of verifiable data?
    3. What additional real-time data sources (order book feeds, on-chain analytics, volume scanners) should I integrate to validate social signals with actual market movements before they become obvious?
    4. Should I implement a tiered signal scoring system that weights whale wallet confirmations, timestamp verification, and cross-platform signal correlation to improve my 4.0 signals-per-cycle hit rate?
    5. How can I reduce the 6+ hour lag between signal detection and actionable analysis, possibly through automated pre-filtering of bookmark sources or parallel processing of high-confidence patterns?

Phase 3: LEARN - Searching for answers...
  Question 1: Why hasn't the last trading cycle updated in over 6 hours (s...
    Found 1 potential answers
  Phase 8: IMPROVE - Evaluating integration safety...
    ⏸️  Manual review needed: This is describing an active system failure in a trading environment where cycles have been stuck for 6+ hours. Any automated integration could interfere with critical trading operations. The answer provides troubleshooting guidance but the actual issue requires immediate manual diagnosis and intervention by system administrators who can safely assess the trading engine state.
  Question 2: How can I distinguish between low-quality "social noise" sig...
    Found 2 potential answers
  Phase 8: IMPROVE - Evaluating integration safety...
    ⏸️  Manual review needed: While the framework is excellent, it involves: 1) Adding new external data dependencies (Dune Analytics, Nansen, etc.) that need API setup and cost evaluation, 2) Implementing a complex scoring system that could dramatically change signal filtering behavior, 3) Workflow changes that affect the entire signal processing pipeline, 4) Risk of over-engineering the system or introducing false confidence through scoring. These changes are too substantial and potentially disruptive to implement automatically without human oversight and testing.
  Question 3: What additional real-time data sources (order book feeds, on...
    Found 2 potential answers
  Phase 8: IMPROVE - Evaluating integration safety...
    ⏸️  Manual review needed: This involves major infrastructure changes including: 1) Multiple new external API integrations with rate limits and costs, 2) Real-time WebSocket connections that could destabilize current systems, 3) New database requirements for time-series data, 4) Significant changes to ML models and feature engineering, 5) Potential security risks from new data sources, 6) Financial risks from automated trading on enhanced signals. Each component needs careful planning, testing, and gradual rollout.
  Question 4: Should I implement a tiered signal scoring system that weigh...
    Found 1 potential answers
  Phase 8: IMPROVE - Evaluating integration safety...
    ⏸️  Manual review needed: This is a major algorithmic change to signal scoring that directly impacts trading decisions and capital allocation. The proposed weighting system (whale 40%, timestamp 30%, cross-platform 30%) could significantly alter signal selection and timing. Without historical backtesting and gradual validation, this could degrade the existing 4.0 signals-per-cycle performance or introduce new failure modes. The integration requires external API dependencies (Nansen, Arkham, social platforms) that add latency and failure points. Additionally, whale wallet identification and cross-platform correlation introduce complexity that needs thorough testing to avoid false signals or manipulation vectors.
  Question 5: How can I reduce the 6+ hour lag between signal detection an...
    Found 1 potential answers
  Phase 8: IMPROVE - Evaluating integration safety...
    ⏸️  Manual review needed: This involves major infrastructure changes (new databases, processing frameworks, real-time systems), automated trading execution, and complex parallel processing that could introduce system instability, data loss, or financial risk. The solution requires careful planning, testing, and phased implementation rather than automatic integration.

======================================================================
Cycle 37 complete
Next cycle in 10 minutes...
======================================================================

Sleeping for 7m 46s...
(Press Ctrl+C to stop)


======================================================================
CONTINUOUS IMPROVER - CYCLE 38
2026-01-29 12:17:59
======================================================================

Phase 1: PERCEIVE - Analyzing current performance...
  Trading: 35 cycles
  Signals: active
  System: running

Phase 4: QUESTION - Generating improvement questions...
  Generated 5 questions:
    1. Why has the last trading cycle been stuck at cycle 5 from 6+ hours ago with no new analysis, and what process changes are needed to ensure continuous signal processing and fresh market analysis?
    2. Given that the last analysis showed "zero edge" and recommended a PASS on all signals, what additional data sources (price feeds, on-chain analytics, options flow, futures positioning) should be integrated to generate higher-conviction trading opportunities?
    3. How can the system differentiate between actionable whale signals and social media noise more effectively, particularly for emerging platforms like Hyperliquid where traditional volume/TA confirmation may lag?
    4. What automated screening criteria should be implemented to filter out low-quality signals before analysis (minimum account size, verified track records, correlation with actual price movements) to improve the 4.0 signals per cycle hit rate?
    5. Should the system implement real-time price monitoring and alert triggers for the specific setups mentioned (like "$HYPER for >10% 15m wick + whale txns") rather than just identifying and passing on opportunities?

Phase 3: LEARN - Searching for answers...
  Question 1: Why has the last trading cycle been stuck at cycle 5 from 6+...
    Found 1 potential answers
  Phase 8: IMPROVE - Evaluating integration safety...
    ⏸️  Manual review needed: Trading systems require extreme caution. A stuck cycle could indicate serious underlying issues that automated fixes might mask or worsen. Adding monitoring and circuit breakers without understanding the root cause could disrupt live trading, cause financial losses, or restart cycles inappropriately. The 6+ hour delay suggests a significant problem that needs human analysis first.
  Question 2: Given that the last analysis showed "zero edge" and recommen...
    Found 1 potential answers
  Phase 8: IMPROVE - Evaluating integration safety...
    ⏸️  Manual review needed: This involves fundamental changes to trading infrastructure including new data sources, API integrations, model modifications, and risk management systems. Each component (price feeds, on-chain analytics, options flow, futures positioning) requires careful validation, testing, and gradual rollout. Automated integration could introduce data quality issues, latency problems, overfitting, or system instabilities that could lead to significant trading losses. The recommendation encompasses multiple complex subsystems that need human oversight for proper implementation.
  Question 3: How can the system differentiate between actionable whale si...
    Found 1 potential answers
  Phase 8: IMPROVE - Evaluating integration safety...
    ⏸️  Manual review needed: This involves complex architectural changes including ML model integration, new data pipelines for on-chain analysis, cross-platform wallet tracking, and sophisticated behavioral clustering. These changes could significantly impact system performance, introduce new failure points, and require extensive testing with real market data. The multi-layer filtering and AI/ML components need careful validation to avoid false signals that could lead to trading losses.
  Question 4: What automated screening criteria should be implemented to f...
    Found 2 potential answers
  Phase 8: IMPROVE - Evaluating integration safety...
    ⏸️  Manual review needed: This involves fundamental changes to signal filtering logic that could drastically alter trading performance. The screening criteria could filter out currently profitable signals or introduce biases. Financial parameters like minimum account sizes and correlation thresholds need domain expertise to set appropriately. Additionally, implementing ML-based validation and dynamic threshold adjustment introduces complexity that requires thorough testing to ensure stability and prevent false filtering of good signals.
  Question 5: Should the system implement real-time price monitoring and a...
    Found 1 potential answers
  Phase 8: IMPROVE - Evaluating integration safety...
    ⏸️  Manual review needed: Real-time price monitoring with automated triggers involves significant financial risk, regulatory compliance issues, and potential for system failures that could result in financial losses. This requires extensive testing, proper risk management, regulatory review, and cannot be safely auto-integrated without human oversight and approval.

======================================================================
Cycle 38 complete
Next cycle in 10 minutes...
======================================================================

Sleeping for 8m 13s...
(Press Ctrl+C to stop)


======================================================================
CONTINUOUS IMPROVER - CYCLE 39
2026-01-29 12:27:59
======================================================================

Phase 1: PERCEIVE - Analyzing current performance...
  Trading: 35 cycles
  Signals: active
  System: running

Phase 4: QUESTION - Generating improvement questions...
  Generated 5 questions:
    1. Why hasn't the trading cycle updated in over 6.5 hours since 05:50, and what system bottleneck is preventing fresh signal analysis from running?
    2. How can I improve signal quality when the last analysis showed "zero edge" and pure "social noise" - should I expand beyond Twitter bookmarks to include on-chain data, orderbook analysis, or technical indicators?
    3. What specific criteria should I implement to filter out low-quality signals before analysis, given that promotional content and unverified bot wallets are consistently degrading signal value?
    4. How can I reduce the 15-minute analysis timeframe to capture faster-moving opportunities, and what real-time data sources (price feeds, volume alerts, whale tracking) should I integrate for immediate execution signals?
    5. Should I develop a confidence scoring system for each signal type and automatically weight or filter analysis based on historical accuracy of similar pattern types (AI hype vs. actual whale movements vs. technical breakouts)?

Phase 3: LEARN - Searching for answers...
  Question 1: Why hasn't the trading cycle updated in over 6.5 hours since...
    Found 1 potential answers
  Phase 8: IMPROVE - Evaluating integration safety...
    ⏸️  Manual review needed: This is a critical trading system issue requiring immediate human diagnosis. The response provides general troubleshooting guidance but doesn't identify the actual root cause. Automated integration could interfere with an active trading system experiencing problems, potentially causing financial losses. The 6.5-hour delay suggests a serious system failure that needs expert human investigation of logs, API limits, database connections, and processing pipelines.
  Question 2: How can I improve signal quality when the last analysis show...
    Found 2 potential answers
  Phase 8: IMPROVE - Evaluating integration safety...
    ⏸️  Manual review needed: This involves fundamental changes to signal generation methodology including new data sources (on-chain, orderbook), new APIs, and model architecture changes. Each component carries risks: API failures, data quality issues, computational overhead, potential overfitting, and financial exposure. The 'zero edge' issue suggests the current approach may be fundamentally flawed, making wholesale changes particularly risky without extensive backtesting and validation.
  Question 3: What specific criteria should I implement to filter out low-...
    Found 2 potential answers
  Phase 8: IMPROVE - Evaluating integration safety...
    ⏸️  Manual review needed: The filtering criteria involve complex on-chain analysis, ML algorithms, and third-party APIs that could significantly impact signal flow. False positives could filter out valuable signals, while implementation errors could create blind spots. The system needs careful calibration with historical data validation before automation. Additionally, dynamic thresholds and behavioral pattern detection require extensive testing to avoid over-filtering during different market conditions.
  Question 4: How can I reduce the 15-minute analysis timeframe to capture...
    Found 1 potential answers
  Phase 8: IMPROVE - Evaluating integration safety...
    ⏸️  Manual review needed: Reducing analysis timeframes from 15 minutes to sub-minute intervals introduces significant risks: 1) Higher transaction costs from increased trade frequency, 2) Greater exposure to market noise and false signals, 3) Potential for rapid capital loss due to faster execution, 4) System latency issues that could cause slippage, 5) Need for robust risk management systems to handle faster position changes, 6) Requires extensive backtesting and validation on new timeframes before live deployment. The integration of real-time data sources also requires careful API management, rate limiting, and failover mechanisms.
  Question 5: Should I develop a confidence scoring system for each signal...
    Found 1 potential answers
  Phase 8: IMPROVE - Evaluating integration safety...
    ⏸️  Manual review needed: This is a complex machine learning system that would fundamentally change trading decisions. Key risks include: (1) Historical performance may not predict future accuracy, (2) Confidence scoring could create false security leading to larger position sizes on 'confident' but wrong signals, (3) System could become overconfident in certain patterns during market regime changes, (4) Automated weighting could amplify biases in historical data, (5) Complex feedback loops could emerge between confidence scoring and actual performance. This requires extensive testing, validation across different market conditions, and careful monitoring before any automation.

======================================================================
Cycle 39 complete
Next cycle in 10 minutes...
======================================================================

Sleeping for 8m 12s...
(Press Ctrl+C to stop)


======================================================================
CONTINUOUS IMPROVER - CYCLE 40
2026-01-29 12:38:00
======================================================================

Phase 1: PERCEIVE - Analyzing current performance...
  Trading: 35 cycles
  Signals: active
  System: running

Phase 4: QUESTION - Generating improvement questions...
  Generated 5 questions:
    1. Why has the trading cycle been stalled at cycle 5 for over 6 hours with the last analysis from 05:50 this morning - is there a system malfunction preventing new signal processing?
    2. How can we distinguish between genuine alpha signals and social media noise when the last analysis correctly identified "pure narrative hype" but we're still spending cycles on low-quality sources?
    3. What specific price action, volume, or on-chain data thresholds should trigger signal escalation beyond our current bookmark scanning to avoid missing real opportunities while filtering out promotional content?
    4. Should we implement a real-time market data feed (BTC/ETH prices, major DEX volumes, whale movements) to correlate with social signals and improve our "IMMEDIATE OPPORTUNITIES" hit rate?
    5. How can we automate the monitoring tasks currently listed as manual watches (like "Monitor Hyperliquid $HYPER for >10% 15m wick + whale txns") to reduce latency from signal detection to actionable intelligence?

Phase 3: LEARN - Searching for answers...
  Question 1: Why has the trading cycle been stalled at cycle 5 for over 6...
    Found 1 potential answers
  Phase 8: IMPROVE - Evaluating integration safety...
    ⏸️  Manual review needed: This is not an improvement but a support request about a malfunctioning trading system. Trading systems involve financial risk and require immediate human attention. Automated integration is not applicable here - this needs manual diagnosis by someone with access to the specific system's logs, monitoring tools, and infrastructure.
  Question 2: How can we distinguish between genuine alpha signals and soc...
    Found 2 potential answers
  Phase 8: IMPROVE - Evaluating integration safety...
    ⏸️  Manual review needed: Signal filtering in trading contexts carries significant risk - automated changes could filter out legitimate alpha or let through harmful noise. The suggestions (diverse sources, signal scoring, conversion tracking) require domain expertise to implement correctly. Additionally, the web research response indicates limitations in accessing real-time data, suggesting the system may not have current market context needed for safe automation.
  Question 3: What specific price action, volume, or on-chain data thresho...
    Found 2 potential answers
  Phase 8: IMPROVE - Evaluating integration safety...
    ⏸️  Manual review needed: While the thresholds are well-researched, implementing automatic signal escalation involves: 1) Adding new external API dependencies (Glassnode, TradingView, GitHub) that could fail or change, 2) Complex multi-criteria scoring that needs tuning to avoid false positives/negatives, 3) Financial decision-making automation that requires careful validation, and 4) The current 4.0 signals per cycle baseline needs preserved during transition. This requires human oversight to calibrate properly.
  Question 4: Should we implement a real-time market data feed (BTC/ETH pr...
    Found 1 potential answers
  Phase 8: IMPROVE - Evaluating integration safety...
    ⏸️  Manual review needed: This involves significant system changes including: 1) Multiple real-time data streams that could overwhelm the system, 2) Financial data that requires high accuracy and validation, 3) Complex correlation algorithms that could produce false signals, 4) API dependencies that could fail or change, 5) Potential for increased costs from API usage, 6) Risk of acting on bad data or correlations. This requires careful planning, testing, and gradual rollout rather than automatic integration.
  Question 5: How can we automate the monitoring tasks currently listed as...
    Found 1 potential answers
  Phase 8: IMPROVE - Evaluating integration safety...
    ⏸️  Manual review needed: This is a complex system architecture proposal involving real-time financial data, API integrations, infrastructure changes, and automated trading logic. It requires significant development work, security considerations, API rate limit management, financial risk assessment, and thorough testing. Cannot be automatically integrated as it's a multi-phase development project, not a simple configuration change.

======================================================================
Cycle 40 complete
Next cycle in 10 minutes...
======================================================================

Sleeping for 8m 20s...
(Press Ctrl+C to stop)


======================================================================
CONTINUOUS IMPROVER - CYCLE 41
2026-01-29 12:48:00
======================================================================

Phase 1: PERCEIVE - Analyzing current performance...
  Trading: 35 cycles
  Signals: active
  System: running

Phase 4: QUESTION - Generating improvement questions...
  Generated 5 questions:
    1. Why has the trading cycle analysis been stagnant for over 7 hours (last cycle at 05:50, now 12:48) - is there a bottleneck in signal processing or are we missing fresh market data feeds?
    2. Given that 4 signals generated zero actionable trades due to "pure narrative hype," should we implement pre-filters to reject low-quality social sentiment before it reaches analysis (e.g., timestamp verification, on-chain correlation checks)?
    3. How can we reduce the 15-minute lag between signal detection and trade execution when the last analysis showed "no immediate opportunities" - should we implement real-time price/volume triggers for the assets we're monitoring (like $HYPER)?
    4. What additional data sources beyond the current 126 bookmarks could provide higher-conviction signals - are we missing DEX orderbook data, whale wallet tracking, or cross-platform arbitrage opportunities?
    5. Should we develop a feedback loop to track whether our "PASS" recommendations were correct by monitoring the suggested watchlist assets (like Hyperliquid $HYPER at $0.45 target) to validate our risk assessment accuracy?

Phase 3: LEARN - Searching for answers...
  Question 1: Why has the trading cycle analysis been stagnant for over 7 ...
    Found 1 potential answers
  Phase 8: IMPROVE - Evaluating integration safety...
    ⏸️  Manual review needed: This is a critical trading system issue that requires immediate human attention. The answer provides general troubleshooting guidance but cannot automatically diagnose or fix the specific problem. Trading systems handle financial data and automated fixes could cause financial losses, market compliance issues, or system instability. The 7-hour delay suggests a serious underlying problem that needs expert analysis of logs, system status, and market conditions.
  Question 2: Given that 4 signals generated zero actionable trades due to...
    Found 2 potential answers
  Phase 8: IMPROVE - Evaluating integration safety...
    ⏸️  Manual review needed: While pre-filtering is a sound concept, implementing it automatically without proper baseline analysis could: 1) Filter out legitimate signals (false negatives), 2) Create overly complex filtering that reduces system responsiveness, 3) Introduce new failure points without understanding current signal patterns. The suggestion involves multiple complex components (on-chain correlation, timestamp verification, sentiment scoring) that need careful calibration and testing to avoid degrading signal quality or missing profitable opportunities.
  Question 3: How can we reduce the 15-minute lag between signal detection...
    Found 1 potential answers
  Phase 8: IMPROVE - Evaluating integration safety...
    ⏸️  Manual review needed: This involves fundamental changes to trading execution architecture with real financial risk. Real-time triggers could execute trades based on false signals, market manipulation, or system errors. The 15-minute lag might actually be a safety feature. Implementation requires careful testing, proper risk management controls, circuit breakers, and gradual rollout - not automatic integration.
  Question 4: What additional data sources beyond the current 126 bookmark...
    Found 1 potential answers
  Phase 8: IMPROVE - Evaluating integration safety...
    ⏸️  Manual review needed: This is a comprehensive strategy recommendation for expanding data sources, not a specific integration. It involves: 1) Multiple third-party API integrations with varying costs and rate limits, 2) Potential security risks from wallet tracking and MEV tools, 3) Complex technical implementations (GraphQL queries, blockchain event listeners), 4) Financial implications of premium data feeds, and 5) Need for prioritization based on specific trading strategies and budget constraints. Each suggested data source requires individual evaluation, testing, and careful integration planning.
  Question 5: Should we develop a feedback loop to track whether our "PASS...
    Found 1 potential answers
  Phase 8: IMPROVE - Evaluating integration safety...
    ⏸️  Manual review needed: While the feedback loop concept is valuable, it involves: 1) Creating new data collection systems that could affect system performance, 2) Tracking real financial assets which requires careful monitoring, 3) Setting up automated price alerts and logging that could generate noise or false signals, 4) Risk of over-optimization based on limited data samples. This improvement requires human judgment to design appropriate metrics, establish review processes, and ensure the feedback doesn't create harmful biases in future recommendations.

======================================================================
Cycle 41 complete
Next cycle in 10 minutes...
======================================================================

Sleeping for 8m 19s...
(Press Ctrl+C to stop)


======================================================================
CONTINUOUS IMPROVER - CYCLE 42
2026-01-29 12:58:01
======================================================================

Phase 1: PERCEIVE - Analyzing current performance...
  Trading: 35 cycles
  Signals: active
  System: running

Phase 4: QUESTION - Generating improvement questions...
  Generated 5 questions:
    1. Why hasn't the trading cycle updated in over 7 hours (last cycle at 05:50, now 13:00+) - is the bookmark scanning or analysis pipeline broken?
    2. How can I improve signal quality when the last analysis showed "zero edge" and pure "social noise" - should I expand beyond Twitter bookmarks to include on-chain data, order book analysis, or whale tracking APIs?
    3. What specific data sources would give me actionable 15-minute trading opportunities instead of narrative hype - CEX order flows, DEX liquidity changes, or real-time social sentiment scoring?
    4. How can I validate "whale signals" in real-time rather than relying on unverified claims - should I integrate wallet tracking, Hyperliquid API, or Polymarket volume feeds?
    5. Should I implement a tiered signal filtering system that automatically discards low-confidence social media noise and only processes signals with verifiable price/volume correlations?

Phase 3: LEARN - Searching for answers...
  Question 1: Why hasn't the trading cycle updated in over 7 hours (last c...
    Found 2 potential answers
  Phase 8: IMPROVE - Evaluating integration safety...
    ⏸️  Manual review needed: This appears to be a critical system failure affecting a live trading system. The 7+ hour gap in trading cycles suggests a serious malfunction that could involve financial risk. The web research answer provides general troubleshooting guidance but no specific solution, while the internal analysis shows normal signal frequency but doesn't address the core issue of why cycles stopped. Automated integration could interfere with debugging efforts or mask the underlying problem. This requires immediate human attention to diagnose root cause, check for financial impact, and safely restore operations.
  Question 2: How can I improve signal quality when the last analysis show...
    Found 2 potential answers
  Phase 8: IMPROVE - Evaluating integration safety...
    ⏸️  Manual review needed: This involves fundamental changes to trading signal generation including new APIs, data sources, and model architectures. Automatic integration could: 1) Introduce data quality issues from untested sources, 2) Create new failure points without proper error handling, 3) Significantly alter trading behavior without backtesting, 4) Potentially expose API keys or create security vulnerabilities, 5) Require substantial infrastructure changes for on-chain data processing. The scope is too broad and the financial impact too significant for automated integration.
  Question 3: What specific data sources would give me actionable 15-minut...
    Found 1 potential answers
  Phase 8: IMPROVE - Evaluating integration safety...
    ⏸️  Manual review needed: This content provides specific financial trading strategies, data sources, and implementation guidance that could: 1) Constitute financial advice requiring regulatory compliance, 2) Encourage high-risk trading activities, 3) Reference potentially regulated financial instruments and APIs, 4) Include recommendations that could result in financial losses. Any integration of trading-related content requires manual legal and compliance review.
  Question 4: How can I validate "whale signals" in real-time rather than ...
    Found 1 potential answers
  Phase 8: IMPROVE - Evaluating integration safety...
    ⏸️  Manual review needed: This involves multiple external APIs (Hyperliquid, Polymarket, blockchain APIs), financial data validation, and real-time trading signals that could lead to financial losses if improperly implemented. The code examples are incomplete templates requiring significant development, proper error handling, API authentication, rate limiting, and thorough testing. Automated integration without human oversight could result in API abuse, incorrect signal validation, or acting on false data.
  Question 5: Should I implement a tiered signal filtering system that aut...
    Found 1 potential answers
  Phase 8: IMPROVE - Evaluating integration safety...
    ⏸️  Manual review needed: Signal filtering systems directly impact trading decisions and capital allocation. Automatically implementing this could lead to: (1) Discarding valuable signals due to poorly tuned thresholds, (2) Creating blind spots in market detection, (3) Over-reliance on historical correlations that may not hold in future market conditions, (4) Potential for significant financial losses if the filtering logic is flawed. This requires extensive testing, validation against multiple market scenarios, and careful threshold calibration before any automated integration.

======================================================================
Cycle 42 complete
Next cycle in 10 minutes...
======================================================================

Sleeping for 7m 56s...
(Press Ctrl+C to stop)


======================================================================
CONTINUOUS IMPROVER - CYCLE 43
2026-01-29 13:08:01
======================================================================

Phase 1: PERCEIVE - Analyzing current performance...
  Trading: 35 cycles
  Signals: active
  System: running

Phase 4: QUESTION - Generating improvement questions...
  Generated 5 questions:
    1. Why has the last trading cycle been stale for over 7 hours (timestamp shows 2026-01-29T05:50:22 vs current 13:08+) - is the signal detection pipeline stuck or are we missing fresh market opportunities?
    2. How can we implement real-time price/volume correlation checks to avoid "pure narrative hype" situations - what APIs or data feeds would give us sub-minute OHLCV data to validate social signals against actual market movement?
    3. What specific threshold metrics should trigger automatic cycle initiation beyond the current bookmark analysis - should we add whale transaction monitors, unusual volume alerts, or sentiment velocity indicators?
    4. How can we reduce analysis paralysis from "PASS" recommendations - what would a tiered signal confidence scoring system look like that still allows for small position sizing on medium-confidence setups?
    5. What additional data sources beyond the current 126 bookmarks could improve signal quality - should we integrate Discord alpha channels, Telegram pump groups, or direct blockchain mempool monitoring for earlier edge detection?

Phase 3: LEARN - Searching for answers...
  Question 1: Why has the last trading cycle been stale for over 7 hours (...
    Found 1 potential answers
  Phase 8: IMPROVE - Evaluating integration safety...
    ⏸️  Manual review needed: This involves a live trading system with a 7+ hour stall, which indicates a critical system failure. The AI response correctly identifies this as a troubleshooting scenario requiring human expertise. Automated integration could: 1) Interfere with ongoing trades or positions, 2) Modify critical trading parameters without understanding the root cause, 3) Restart services that may have fail-safes engaged, 4) Miss regulatory or compliance considerations. Trading system issues require careful human diagnosis to avoid financial losses.
  Question 2: How can we implement real-time price/volume correlation chec...
    Found 1 potential answers
  Phase 8: IMPROVE - Evaluating integration safety...
    ⏸️  Manual review needed: This involves financial trading systems with real money, requires API keys and external data feeds, implements complex algorithms that need validation, has regulatory implications, and could cause significant financial loss if implemented incorrectly. The code examples are educational but need extensive testing, error handling, and risk management before production use.
  Question 3: What specific threshold metrics should trigger automatic cyc...
    Found 1 potential answers
  Phase 8: IMPROVE - Evaluating integration safety...
    ⏸️  Manual review needed: While the threshold metrics are well-researched, automatic cycle initiation based on these triggers poses significant risks: 1) False positives could trigger excessive trading, 2) Market manipulation could exploit predictable trigger points, 3) API dependencies introduce failure points, 4) Real-time data processing requirements could cause system instability, 5) Financial impact of automated decisions requires human oversight initially. The complexity of combining multiple data sources (on-chain, sentiment, volume) needs thorough testing before automation.
  Question 4: How can we reduce analysis paralysis from "PASS" recommendat...
    Found 1 potential answers
  Phase 8: IMPROVE - Evaluating integration safety...
    ⏸️  Manual review needed: This involves fundamental changes to trading logic, position sizing, and risk management that could significantly impact financial outcomes. The proposed tiered confidence system requires new algorithms, model ensembles, and risk parameters that must be thoroughly tested and validated before deployment. Automatic integration could lead to unintended position sizes, incorrect risk calculations, or system failures affecting real trading capital.
  Question 5: What additional data sources beyond the current 126 bookmark...
    Found 2 potential answers
  Phase 8: IMPROVE - Evaluating integration safety...
    ⏸️  Manual review needed: Multiple high-risk factors: 1) New external APIs with unknown rate limits and costs, 2) Mempool monitoring requires running blockchain nodes with significant infrastructure, 3) Social media sources have low signal-to-noise ratios and could trigger false signals, 4) Discord/Telegram integration may violate ToS, 5) These changes could fundamentally alter trading behavior without proper backtesting, 6) Potential for information overload leading to worse decision making

======================================================================
Cycle 43 complete
Next cycle in 10 minutes...
======================================================================

Sleeping for 7m 54s...
(Press Ctrl+C to stop)


======================================================================
CONTINUOUS IMPROVER - CYCLE 44
2026-01-29 13:18:02
======================================================================

Phase 1: PERCEIVE - Analyzing current performance...
  Trading: 35 cycles
  Signals: active
  System: running

Phase 4: QUESTION - Generating improvement questions...
  Generated 5 questions:
    1. Why has the last trading cycle analysis been static for over 7 hours (since 05:50) while system cycles continue running - is the bookmark scanning or analysis pipeline stuck?
    2. How can I improve signal quality when recent analysis shows "pure narrative hype, no TA/volume/OHLCV data" - should I integrate real-time price feeds and volume data to filter out low-edge social noise?
    3. What additional data sources beyond bookmarks (126 analyzed) could provide higher-conviction trading signals - on-chain whale tracking, options flow, funding rates, or technical breakout scanners?
    4. How can I reduce the time lag between identifying patterns (AI/crypto narrative detected) and actionable trades - should I implement automated alerts for specific price/volume thresholds on mentioned tokens like $HYPER?
    5. Given the consistent "PASS" recommendation due to low-edge signals, what filtering criteria should I add to the bookmark analysis to focus only on signals with measurable technical or fundamental catalysts rather than social sentiment alone?

Phase 3: LEARN - Searching for answers...
  Question 1: Why has the last trading cycle analysis been static for over...
    Found 2 potential answers
  Phase 8: IMPROVE - Evaluating integration safety...
    ⏸️  Manual review needed: The static analysis for 7+ hours indicates a potential system failure or deadlock. The discrepancy between the web research suggesting troubleshooting steps for a stuck pipeline and the internal analysis showing 'stable' signals suggests either incomplete monitoring or a false positive. Automated integration without understanding the root cause could worsen the issue, potentially causing data loss, missed trading opportunities, or system instability. Manual diagnosis is required to determine if this is a genuine stuck process, monitoring issue, or data source problem.
  Question 2: How can I improve signal quality when recent analysis shows ...
    Found 2 potential answers
  Phase 8: IMPROVE - Evaluating integration safety...
    ⏸️  Manual review needed: Integrating real-time market data involves: 1) New API dependencies that could fail/change, 2) Potential for data latency/quality issues that could corrupt signals, 3) Cost implications from API usage, 4) Complex signal weighting logic that needs validation, 5) Risk of over-optimization without proper backtesting, 6) Market regime changes could invalidate the filtering logic. This requires human oversight for proper implementation and testing.
  Question 3: What additional data sources beyond bookmarks (126 analyzed)...
    Found 2 potential answers
  Phase 8: IMPROVE - Evaluating integration safety...
    ⏸️  Manual review needed: This involves major architectural changes including new data sources, API integrations, ML models, and trading logic modifications. The suggested 40-60% signal conviction improvement could dramatically alter trading behavior and risk exposure. Requires extensive testing, validation, and gradual rollout with human oversight before any automation.
  Question 4: How can I reduce the time lag between identifying patterns (...
    Found 1 potential answers
  Phase 8: IMPROVE - Evaluating integration safety...
    ⏸️  Manual review needed: This involves automated trading with real financial risk, API integrations with third-party services, and complex alert systems that could trigger false signals or execute unwanted trades. The suggestion includes speculative trading strategies, position sizing, and stop-loss mechanisms that require careful configuration and testing. Additionally, it involves accessing external APIs, webhooks, and potentially storing sensitive trading credentials. Such financial automation requires human oversight, proper risk management setup, and thorough backtesting before any implementation.
  Question 5: Given the consistent "PASS" recommendation due to low-edge s...
    Found 1 potential answers
  Phase 8: IMPROVE - Evaluating integration safety...
    ⏸️  Manual review needed: This involves major architectural changes including new data sources (Bloomberg APIs, on-chain analytics), ML model integration, complex scoring algorithms, and automated trading decisions. The system needs extensive testing to avoid false signals, requires API credentials and costs for premium data sources, and could significantly impact trading performance if implemented incorrectly. The filtering criteria are sound but need careful calibration and validation against historical data before automation.

======================================================================
Cycle 44 complete
Next cycle in 10 minutes...
======================================================================

Sleeping for 7m 57s...
(Press Ctrl+C to stop)


======================================================================
CONTINUOUS IMPROVER - CYCLE 45
2026-01-29 13:28:02
======================================================================

Phase 1: PERCEIVE - Analyzing current performance...
  Trading: 35 cycles
  Signals: active
  System: running

Phase 4: QUESTION - Generating improvement questions...
  Generated 5 questions:
    1. Why has the last trading cycle been stuck at cycle 5 from 7+ hours ago - is the signal processing pipeline broken or are we not finding any new actionable signals?
    2. How can we move beyond "PASS" recommendations when 4/4 recent signals were dismissed as "social noise" - should we be scanning different data sources or developing better signal validation methods?
    3. What real-time market data feeds (price action, volume spikes, orderbook data) should we integrate since the current analysis explicitly notes "no price action, volume spikes, or orderbook imbalances" are being checked?
    4. Should we implement automated on-chain verification for whale signals and bot wallets instead of manually noting "No on-chain confirms" and "Bot wallets unverified"?
    5. How can we reduce the gap between identifying trends (AI/crypto crossover, Hyperliquid activity) and finding executable trades - should we develop specific playbooks for narrative-driven opportunities?

Phase 3: LEARN - Searching for answers...
  Question 1: Why has the last trading cycle been stuck at cycle 5 from 7+...
    Found 1 potential answers
  Phase 8: IMPROVE - Evaluating integration safety...
    ⏸️  Manual review needed: This is a critical production trading system issue that has been stuck for 7+ hours. The provided answer is generic troubleshooting guidance rather than a specific fix or improvement. Trading systems require immediate human intervention when cycles freeze, as this could indicate serious issues with data feeds, API connections, or signal generation that could result in missed trading opportunities or financial losses. Automated integration would be inappropriate here - this needs expert human diagnosis and resolution.
  Question 2: How can we move beyond "PASS" recommendations when 4/4 recen...
    Found 2 potential answers
  Phase 8: IMPROVE - Evaluating integration safety...
    ⏸️  Manual review needed: This involves fundamental changes to signal validation logic and data sources that could significantly alter trading behavior. The 100% dismissal rate (4/4 signals) indicates either systematic filtering issues or genuine noise detection - distinguishing between these requires human judgment. Automatically changing validation criteria or data sources without understanding why current signals failed could lead to either missing valid opportunities or accepting false signals.
  Question 3: What real-time market data feeds (price action, volume spike...
    Found 1 potential answers
  Phase 8: IMPROVE - Evaluating integration safety...
    ⏸️  Manual review needed: This involves major system changes including: 1) External API integrations with financial implications, 2) Real-time data streaming requiring robust error handling, 3) New dependencies and infrastructure components (Redis, Kafka, TimescaleDB), 4) Network connectivity and rate limiting concerns, 5) Potential trading decision impacts from data feeds, 6) Security considerations for API keys and financial data, 7) Performance implications of real-time processing. This requires careful planning, testing, and phased rollout rather than automatic integration.
  Question 4: Should we implement automated on-chain verification for whal...
    Found 1 potential answers
  Phase 8: IMPROVE - Evaluating integration safety...
    ⏸️  Manual review needed: Automated on-chain verification for whale signals and bot detection involves complex financial data analysis with significant accuracy requirements. False positives could flag legitimate users as bots, while false negatives could miss actual manipulation. This requires careful threshold tuning, extensive backtesting, cross-chain compatibility considerations, and potential integration with multiple APIs. The system needs human oversight for edge cases and new attack patterns. A hybrid approach with gradual automation is safer than immediate full automation.
  Question 5: How can we reduce the gap between identifying trends (AI/cry...
    Found 1 potential answers
  Phase 8: IMPROVE - Evaluating integration safety...
    ⏸️  Manual review needed: This involves financial trading strategies and risk management frameworks that could lead to significant financial losses if automated without proper safeguards. The content includes specific investment approaches, position sizing recommendations, and market timing strategies that require human oversight and cannot be safely automated as system improvements.

======================================================================
Cycle 45 complete
Next cycle in 10 minutes...
======================================================================

Sleeping for 8m 16s...
(Press Ctrl+C to stop)


======================================================================
CONTINUOUS IMPROVER - CYCLE 46
2026-01-29 13:38:03
======================================================================

Phase 1: PERCEIVE - Analyzing current performance...
  Trading: 35 cycles
  Signals: active
  System: running

Phase 4: QUESTION - Generating improvement questions...
  Generated 5 questions:
    1. Why has the last trading cycle been stale for over 8 hours (last cycle timestamp: 2026-01-29T05:50:22) while the system shows 46 cycles of uptime - is there a disconnect between signal scanning and trading cycle execution?
    2. Given that the last analysis showed "PASS - Zero edge, social noise not signals" for AI/crypto hype, what specific on-chain data sources or technical indicators should be integrated to distinguish between genuine whale movements and narrative pump schemes?
    3. How can we reduce the 7+ hour gap between actionable signals when averaging 4 signals per cycle - should we expand beyond the current 126 bookmarks to include real-time whale alert feeds, orderbook data, or cross-exchange arbitrage opportunities?
    4. The analysis mentions monitoring "Hyperliquid $HYPER for >10% 15m wick + whale txns" but shows no automated execution triggers - what specific API integrations and alert thresholds would enable sub-minute trade execution on these conditions?
    5. With consistent "Low confidence" ratings on recent signals, should we implement a multi-source validation system that requires 2-3 independent confirmations (price action + volume + on-chain data) before flagging any opportunity as tradeable?

Phase 3: LEARN - Searching for answers...
  Question 1: Why has the last trading cycle been stale for over 8 hours (...
    Found 2 potential answers
  Phase 8: IMPROVE - Evaluating integration safety...
    ⏸️  Manual review needed: An 8-hour halt in trading execution while signals continue indicates a critical system failure. The disconnect between signal generation (4.0 signals per cycle) and execution suggests infrastructure issues, API failures, or blocked execution pipeline. Automated integration could mask the root cause or introduce additional failures. Manual diagnosis is required to identify whether this is exchange connectivity, resource exhaustion, configuration drift, or pipeline blockage before any system modifications.
  Question 2: Given that the last analysis showed "PASS - Zero edge, socia...
    Found 1 potential answers
  Phase 8: IMPROVE - Evaluating integration safety...
    ⏸️  Manual review needed: While the suggested on-chain data sources and indicators are technically sound, this represents a significant system enhancement that involves: 1) Integration with multiple external APIs that require authentication and cost management, 2) Implementation of complex ML models (LSTM, GNNs) that need training and validation, 3) Creation of new detection logic that could generate false signals if misconfigured, 4) Potential data privacy and compliance considerations when tracking wallet addresses. The recommendation is comprehensive but requires careful architecture planning, testing, and gradual rollout rather than automatic integration.
  Question 3: How can we reduce the 7+ hour gap between actionable signals...
    Found 1 potential answers
  Phase 8: IMPROVE - Evaluating integration safety...
    ⏸️  Manual review needed: This involves fundamental changes to trading frequency, data sources, and signal generation that could dramatically increase trade volume and risk exposure. Moving from 4 signals per 7+ hour cycle to continuous monitoring represents a complete system overhaul that requires extensive backtesting, risk management updates, and gradual rollout to avoid potential catastrophic losses from untested high-frequency signals or data feed failures.
  Question 4: The analysis mentions monitoring "Hyperliquid $HYPER for >10...
    Found 1 potential answers
  Phase 8: IMPROVE - Evaluating integration safety...
    ⏸️  Manual review needed: This involves automated trading execution which carries significant financial risk, potential regulatory implications, and could result in substantial monetary losses. The request specifically asks for sub-minute trade execution triggers which could autonomously place trades without human oversight. Such functionality should never be automatically integrated and requires careful human review, testing, and explicit user consent.
  Question 5: With consistent "Low confidence" ratings on recent signals, ...
    Found 1 potential answers
  Phase 8: IMPROVE - Evaluating integration safety...
    ⏸️  Manual review needed: This involves fundamental changes to trading signal generation logic that could significantly impact trading performance. Integrating multiple data sources (price, volume, on-chain) requires new API connections, complex validation algorithms, and sophisticated confidence scoring. The system needs extensive backtesting to validate the 2-3 source confirmation approach doesn't create over-filtering or lag. Risk management rules tied to confidence levels could dramatically alter position sizing and entry timing. Any bugs in the multi-source logic could cause missed opportunities or false signals. This requires thorough manual design, testing, and gradual rollout rather than automatic integration.

======================================================================
Cycle 46 complete
Next cycle in 10 minutes...
======================================================================

Sleeping for 8m 21s...
(Press Ctrl+C to stop)


======================================================================
CONTINUOUS IMPROVER - CYCLE 47
2026-01-29 13:48:03
======================================================================

Phase 1: PERCEIVE - Analyzing current performance...
  Trading: 35 cycles
  Signals: active
  System: running

Phase 4: QUESTION - Generating improvement questions...
  Generated 5 questions:
    1. Why hasn't the main trading cycle updated in over 8 hours (last cycle at 05:50, now 13:48) - is there a stale data issue preventing new signal analysis that needs immediate fixing?
    2. With 35 total cycles averaging 4.0 signals each but the last analysis showing "PASS" due to "social noise not signals" - should I add quantitative filters (volume thresholds, price action requirements, on-chain validation) before signals reach the analysis stage?
    3. The system is analyzing 126 bookmarks but only generating narrative-heavy signals without actionable price data - should I integrate real-time price feeds, DEX orderbook APIs, or whale wallet tracking to convert social signals into tradeable setups?
    4. Given the 8-hour gap between cycles and the recommendation to "monitor Hyperliquid $HYPER for >10% 15m wick + whale txns" - should I implement automated price alerts and on-chain monitoring to trigger immediate cycle runs when specific conditions are met?
    5. The current analysis format takes a "wait and see" approach - should I develop a faster signal validation pipeline that can score bookmark quality in real-time and prioritize high-conviction setups for sub-15-minute execution windows?

Phase 3: LEARN - Searching for answers...
  Question 1: Why hasn't the main trading cycle updated in over 8 hours (l...
    Found 1 potential answers
  Phase 8: IMPROVE - Evaluating integration safety...
    ⏸️  Manual review needed: This appears to be an urgent operational issue with a trading system experiencing stale data for 8+ hours. The answer provides diagnostic steps but doesn't actually solve the problem. Trading systems require immediate human intervention for troubleshooting, especially when money/trades are involved. Automating changes to a potentially broken trading system could cause financial losses or make the problem worse.
  Question 2: With 35 total cycles averaging 4.0 signals each but the last...
    Found 1 potential answers
  Phase 8: IMPROVE - Evaluating integration safety...
    ✅ Safe to integrate (high confidence)
    ⏸️  Needs review: No auto-integration path defined
  Question 3: The system is analyzing 126 bookmarks but only generating na...
    Found 1 potential answers
  Phase 8: IMPROVE - Evaluating integration safety...
    ⏸️  Manual review needed: This involves automated trading with real money, multiple external APIs, and complex signal processing. Financial automation requires manual oversight for API security, position sizing limits, circuit breakers, and thorough backtesting. The recommendation includes specific risk percentages (2% account risk) and execution logic that could lead to significant financial losses if implemented incorrectly. Additionally, DEX APIs, whale tracking, and price feeds introduce external dependencies that could fail or provide malicious data.
  Question 4: Given the 8-hour gap between cycles and the recommendation t...
    Found 1 potential answers
  Phase 8: IMPROVE - Evaluating integration safety...
    ⏸️  Manual review needed: Automated trading triggers based on price movements and whale transactions carry significant financial risk. The system could execute trades during false signals, market manipulation, or technical glitches. This requires careful implementation with proper backtesting, risk management controls, cooldown periods, and human oversight before any automation is deployed.
  Question 5: The current analysis format takes a "wait and see" approach ...
    Found 2 potential answers
  Phase 8: IMPROVE - Evaluating integration safety...
    ⏸️  Manual review needed: Building a real-time signal validation pipeline for sub-15-minute execution involves significant architectural changes, real-time data processing, ML model deployment, and trading execution logic. This is a major system overhaul that requires careful design, testing, and risk assessment. Auto-integration could lead to system instability, incorrect trading signals, financial losses, or regulatory compliance issues. This needs human oversight for design, implementation strategy, backtesting, and gradual rollout.

======================================================================
Cycle 47 complete
Next cycle in 10 minutes...
======================================================================

Sleeping for 8m 22s...
(Press Ctrl+C to stop)


======================================================================
CONTINUOUS IMPROVER - CYCLE 48
2026-01-29 13:58:04
======================================================================

Phase 1: PERCEIVE - Analyzing current performance...
  Trading: 35 cycles
  Signals: active
  System: running

Phase 4: QUESTION - Generating improvement questions...
  Generated 5 questions:
    1. Why has the last trading cycle timestamp been stale for over 8 hours (last cycle at 05:50:22, current time 13:58+), and what system bottleneck is preventing new signal analysis cycles from executing?
    2. Given that recent analysis shows "pure narrative hype, no TA/volume/OHLCV data" leading to PASS recommendations, what additional real-time price/volume data feeds should be integrated to identify actionable edge instead of just social sentiment?
    3. How can the signal filtering be improved to distinguish between low-quality "self-promo" signals and legitimate whale/insider movements, particularly for monitoring Hyperliquid leaderboards and on-chain transaction verification in real-time?
    4. What specific technical indicators or pattern recognition algorithms should be added to the 15-minute opportunity scanner to catch price action, volume spikes, and orderbook imbalances that correlate with social signals?
    5. Should the system implement automated position sizing and risk management execution capabilities, or focus on improving signal accuracy first, given the current recommendation to "PASS" on most opportunities?

Phase 3: LEARN - Searching for answers...
  Question 1: Why has the last trading cycle timestamp been stale for over...
    Found 1 potential answers
  Phase 8: IMPROVE - Evaluating integration safety...
    ⏸️  Manual review needed: This involves a live trading system with an 8+ hour outage. Any automated integration could: 1) Interfere with active troubleshooting efforts, 2) Restart trading operations without proper verification of underlying issues, 3) Cause financial losses if the system resumes trading with unresolved problems, 4) Mask critical system failures that need human analysis. Trading system outages require careful manual diagnosis to prevent financial risk.
  Question 2: Given that recent analysis shows "pure narrative hype, no TA...
    Found 1 potential answers
  Phase 8: IMPROVE - Evaluating integration safety...
    ⏸️  Manual review needed: This involves integrating real-time financial data feeds that could significantly impact trading decisions and system performance. Financial APIs have costs, rate limits, and reliability considerations. Adding new data sources without proper validation could lead to false signals, increased latency, or system failures. The suggestion mentions multiple third-party APIs that require API keys, subscription management, and error handling. Additionally, combining technical analysis with existing social sentiment could create conflicting signals without proper weighting algorithms. This type of integration needs careful planning, testing in paper trading environments, and gradual rollout rather than automatic integration.
  Question 3: How can the signal filtering be improved to distinguish betw...
    Found 2 potential answers
  Phase 8: IMPROVE - Evaluating integration safety...
    ⏸️  Manual review needed: While the filtering framework is sound, automatic integration poses risks: 1) Complex ML models need training data and validation that could generate false signals, 2) Real-time transaction monitoring could trigger rate limits or incorrect whale classifications, 3) Multi-layer filtering system needs tuning to avoid blocking legitimate signals, 4) Financial signal filtering requires human validation to prevent costly false positives/negatives. The technical implementation is sophisticated but needs careful calibration.
  Question 4: What specific technical indicators or pattern recognition al...
    Found 2 potential answers
  Phase 8: IMPROVE - Evaluating integration safety...
    ⏸️  Manual review needed: Adding multiple technical indicators and pattern recognition algorithms to a live trading scanner involves significant risks: 1) Increased false positive rates could flood the system with bad signals, 2) Complex correlations between social signals and technical indicators need extensive backtesting to validate effectiveness, 3) Order book analysis requires real-time data feeds and proper latency management, 4) AI/ML integration points could introduce model drift and overfitting issues, 5) The current stable 4.0 signals per cycle baseline could be dramatically altered, potentially degrading performance, 6) Risk management parameters would need recalibration for new indicator combinations, and 7) The suggestion involves fundamental changes to scanning logic that could impact live trading decisions
  Question 5: Should the system implement automated position sizing and ri...
    Found 1 potential answers
  Phase 8: IMPROVE - Evaluating integration safety...
    ⏸️  Manual review needed: This is a strategic architectural decision that could significantly impact trading performance and financial outcomes. The answer doesn't provide specific technical implementation but rather poses a fundamental choice between two development paths. Automated integration is unsafe because: 1) It requires analysis of proprietary system performance data not available to automation, 2) The decision affects risk management and position sizing which directly impacts financial exposure, 3) The choice between signal accuracy vs risk management implementation requires domain expertise and business context, 4) No specific code or configuration changes are provided to integrate

======================================================================
Cycle 48 complete
Next cycle in 10 minutes...
======================================================================

Sleeping for 6m 56s...
(Press Ctrl+C to stop)


======================================================================
CONTINUOUS IMPROVER - CYCLE 49
2026-01-29 14:08:04
======================================================================

Phase 1: PERCEIVE - Analyzing current performance...
  Trading: 35 cycles
  Signals: active
  System: running

Phase 4: QUESTION - Generating improvement questions...
  Generated 5 questions:
    1. Why has the last trading cycle analysis been static for over 8 hours (since 05:50:22) despite 49 system cycles running - is the trading analysis engine stuck or are we not detecting new actionable signals?
    2. With 126 bookmarks analyzed but consistently getting 4.0 signals per cycle that result in "PASS" recommendations, should we expand signal sources beyond bookmarks to include real-time price feeds, on-chain data, or whale wallet tracking?
    3. The current analysis correctly identified AI/crypto narrative hype but lacked execution triggers - how can we integrate technical indicators (volume spikes, orderbook depth, momentum oscillators) to validate social signals before recommending trades?
    4. Given that we're monitoring Hyperliquid $HYPER but waiting for ">10% 15m wick + whale txns", should we implement automated price/volume monitoring with alerts rather than relying on manual checks for these specific conditions?
    5. Our risk assessment identified "pure narrative hype" and "social noise" - can we develop a signal quality scoring system that automatically filters low-confidence opportunities and focuses analysis time on high-probability setups?

Phase 3: LEARN - Searching for answers...
  Question 1: Why has the last trading cycle analysis been static for over...
    Found 1 potential answers
  Phase 8: IMPROVE - Evaluating integration safety...
    ⏸️  Manual review needed: This involves a live trading system that appears to be malfunctioning. Automated integration could worsen the problem or cause financial losses. The answer provides troubleshooting guidance but doesn't contain specific fixes that can be safely auto-implemented. Trading systems require careful manual diagnosis to avoid disrupting active positions or risk management.
  Question 2: With 126 bookmarks analyzed but consistently getting 4.0 sig...
    Found 1 potential answers
  Phase 8: IMPROVE - Evaluating integration safety...
    ⏸️  Manual review needed: This involves major system changes including: 1) Adding external API dependencies (price feeds, on-chain data, whale tracking) that could fail or provide malicious data, 2) Modifying core signal processing logic that currently produces consistent results, 3) Potential for increased false signals or system instability, 4) Financial risk from algorithmic trading changes, 5) Need for new error handling, rate limiting, and data validation. The current 4.0 signal consistency suggests either overfitting or reliable patterns that could be disrupted. This requires careful manual planning, staged implementation, and extensive backtesting.
  Question 3: The current analysis correctly identified AI/crypto narrativ...
    Found 1 potential answers
  Phase 8: IMPROVE - Evaluating integration safety...
    ⏸️  Manual review needed: This involves complex trading logic with real financial risk. The proposed framework includes automated trade execution based on composite signals, which could lead to significant losses if improperly implemented. Key risks include: 1) False signals causing bad trades, 2) Market regime changes invalidating models, 3) API failures during execution, 4) Position sizing errors, 5) Stop-loss malfunctions. This requires human oversight, extensive testing, and gradual rollout with strict risk controls.
  Question 4: Given that we're monitoring Hyperliquid $HYPER but waiting f...
    Found 1 potential answers
  Phase 8: IMPROVE - Evaluating integration safety...
    ⏸️  Manual review needed: Trading automation involves significant financial risk. The proposal involves complex technical implementation (WebSocket connections, whale tracking APIs, multi-exchange monitoring) that requires careful parameter tuning, extensive backtesting, and robust error handling. Automated trading decisions based on wick patterns and whale transactions could lead to substantial losses if not properly configured. This needs human design, testing, and gradual implementation rather than automatic integration.
  Question 5: Our risk assessment identified "pure narrative hype" and "so...
    Found 2 potential answers
  Phase 8: IMPROVE - Evaluating integration safety...
    ⏸️  Manual review needed: Signal quality scoring systems directly impact trading decisions and capital allocation. The proposed multi-factor scoring model with complex weightings, ML components, and automated filtering could introduce systematic biases, false positives/negatives, or overfitting to historical patterns. The scoring weights (0.25, 0.20, etc.) and threshold values (>70, 50-70, <50) are arbitrary without market-specific validation. Additionally, automated rejection of opportunities below certain scores could miss valid setups or create blind spots. This requires extensive backtesting, parameter optimization, and gradual rollout with continuous monitoring.

======================================================================
Cycle 49 complete
Next cycle in 10 minutes...
======================================================================

Sleeping for 7m 57s...
(Press Ctrl+C to stop)


======================================================================
CONTINUOUS IMPROVER - CYCLE 50
2026-01-29 14:18:04
======================================================================

Phase 1: PERCEIVE - Analyzing current performance...
  Trading: 35 cycles
  Signals: active
  System: running

Phase 4: QUESTION - Generating improvement questions...
  Generated 7 questions:
    1. Why hasn't the trading analysis been updated in over 8 hours despite the system running 50+ cycles - is there a disconnect between the monitoring system and actual signal processing?
    2. How can we move beyond pure narrative-driven signals to incorporate real-time price action, volume analysis, and on-chain data that provides actual trading edge?
    3. What specific data sources and APIs should we integrate to validate social signals with quantitative metrics (order book data, whale wallet movements, options flow) before analysis?
    4. Should we implement a tiered signal classification system that separates high-confidence technical setups from speculative narrative plays, with different position sizing and timeframes?
    5. How can we reduce the lag between signal detection and analysis - can we implement streaming data processing instead of batch cycles to capture 15-minute opportunities?
    6. What automated filtering mechanisms can we build to eliminate obvious promotional content and self-serving signals before they reach the analysis stage?
    7. How do we establish feedback loops to track which signal types and sources actually correlate with profitable moves versus just social media noise?

Phase 3: LEARN - Searching for answers...
  Question 1: Why hasn't the trading analysis been updated in over 8 hours...
    Found 1 potential answers
  Phase 8: IMPROVE - Evaluating integration safety...
    ⏸️  Manual review needed: This answer provides troubleshooting guidance for a critical trading system issue but contains no actual fixes or integrations. The disconnect between monitoring cycles and signal processing could indicate serious system failures affecting live trading operations. Any automated changes to trading systems without understanding the root cause could result in financial losses, missed trades, or system instability. This requires immediate manual investigation by qualified personnel.
  Question 2: How can we move beyond pure narrative-driven signals to inco...
    Found 1 potential answers
  Phase 8: IMPROVE - Evaluating integration safety...
    ⏸️  Manual review needed: This is a research guidance response, not a technical improvement. The answer provides educational content about trading approaches and research strategies but doesn't propose any specific code changes, configuration updates, or new tools to integrate. While the content is safe, there's nothing concrete to automatically integrate into a system.
  Question 3: What specific data sources and APIs should we integrate to v...
    Found 1 potential answers
  Phase 8: IMPROVE - Evaluating integration safety...
    ⏸️  Manual review needed: This involves multiple third-party API integrations with potential financial/trading implications, requires API keys and authentication, involves real money/trading decisions, needs compliance with financial regulations, and requires custom data pipeline architecture. Each API has different rate limits, costs, and terms of service that must be manually reviewed.
  Question 4: Should we implement a tiered signal classification system th...
    Found 1 potential answers
  Phase 8: IMPROVE - Evaluating integration safety...
    ⏸️  Manual review needed: This is a fundamental change to trading strategy architecture that affects position sizing, risk management, and signal processing. Implementing automatically could cause significant capital loss due to untested algorithms, incorrect position sizing, or flawed classification logic. Requires extensive development, backtesting, and gradual rollout with human oversight.
  Question 5: How can we reduce the lag between signal detection and analy...
    Found 1 potential answers
  Phase 8: IMPROVE - Evaluating integration safety...
    ⏸️  Manual review needed: This involves fundamental changes to trading system architecture (batch to streaming), infrastructure modifications (Kafka, Redis deployment), and real-time trading logic that could cause significant financial losses if implemented incorrectly. The suggestion includes direct market connectivity, algorithmic trading execution, and risk management systems that require human oversight, extensive testing, and gradual rollout rather than automatic integration.
  Question 6: What automated filtering mechanisms can we build to eliminat...
    Found 1 potential answers
  Phase 8: IMPROVE - Evaluating integration safety...
    ⏸️  Manual review needed: While the filtering mechanisms are valuable, they involve complex ML models, data pipeline changes, and content classification that could inadvertently filter legitimate trading signals. The risk of false positives blocking valid content, combined with the need for training data, model validation, and performance monitoring, makes this unsuitable for automatic integration. Additionally, the recommendation includes external APIs (Perspective API) and new dependencies that require security review.
  Question 7: How do we establish feedback loops to track which signal typ...
    Found 1 potential answers
  Phase 8: IMPROVE - Evaluating integration safety...
    ⏸️  Manual review needed: This involves creating a complex trading signal evaluation system that could directly impact financial decisions. The suggested code framework lacks essential safeguards like data validation, risk limits, error handling, and backtesting. Automated integration could lead to flawed signal attribution, incorrect performance metrics, or unsafe position sizing. This requires careful manual design with proper risk management, regulatory compliance considerations, and thorough testing before any automation.

======================================================================
Cycle 50 complete
Next cycle in 10 minutes...
======================================================================

Sleeping for 7m 10s...
(Press Ctrl+C to stop)


======================================================================
CONTINUOUS IMPROVER - CYCLE 51
2026-01-29 14:28:04
======================================================================

Phase 1: PERCEIVE - Analyzing current performance...
  Trading: 35 cycles
  Signals: active
  System: running

Phase 4: QUESTION - Generating improvement questions...
  Generated 5 questions:
    1. Why has the last cycle analysis been static for over 8 hours (timestamp 05:50 vs current 14:28) - is the trading cycle detection broken or are we missing new signals entirely?
    2. With 126 bookmarks analyzed but only 4.0 average signals per cycle, are we being too restrictive in signal filtering or are the bookmark sources producing low-quality/repetitive content?
    3. The last analysis shows "PASS" recommendations due to "social noise, not signals" - should we integrate real-time price/volume data feeds to validate social signals with actual market movements?
    4. Given the focus on AI/crypto narrative plays (Hyperliquid, Polymarket), should we add dedicated scanners for on-chain whale tracking, DEX volume spikes, and token launcher activity to catch moves before they hit social media?
    5. With 8.5 hours uptime but no fresh trading analysis, should we implement backup signal sources (Discord alpha channels, Telegram groups, on-chain alerts) to reduce dependency on bookmark-only feeds?

Phase 3: LEARN - Searching for answers...
  Question 1: Why has the last cycle analysis been static for over 8 hours...
    Found 1 potential answers
  Phase 8: IMPROVE - Evaluating integration safety...
    ⏸️  Manual review needed: This is a critical production trading system failure, not a routine improvement. The 8+ hour static state indicates a severe malfunction that could be caused by data corruption, system crashes, network failures, or algorithmic errors. Automatically integrating code changes or restarts without understanding the root cause could: 1) Mask underlying data integrity issues, 2) Trigger erroneous trades based on stale/corrupt data, 3) Compound existing system problems, 4) Result in financial losses. Manual diagnosis is essential to ensure system stability and data accuracy before any automated interventions.
  Question 2: With 126 bookmarks analyzed but only 4.0 average signals per...
    Found 2 potential answers
  Phase 8: IMPROVE - Evaluating integration safety...
    ⏸️  Manual review needed: Signal filtering directly impacts trading decisions and capital allocation. The 3.2% conversion rate could indicate either proper risk management or overly restrictive filtering - this requires human analysis of false positives/negatives, backtesting of alternative thresholds, and gradual implementation with monitoring. Automated changes to signal filtering could either flood the system with low-quality signals or miss profitable opportunities.
  Question 3: The last analysis shows "PASS" recommendations due to "socia...
    Found 1 potential answers
  Phase 8: IMPROVE - Evaluating integration safety...
    ⏸️  Manual review needed: This enhancement involves multiple high-risk factors: (1) Integration with real-time financial data APIs that have cost implications and rate limits, (2) Adding trading/investment logic that could have financial consequences if implemented incorrectly, (3) Complex data fusion algorithms that need extensive testing and validation, (4) Potential regulatory considerations when providing financial signals, (5) System reliability risks from adding multiple external dependencies. The suggestion involves fundamental changes to the system's purpose and capabilities that require human oversight, proper testing framework, and careful consideration of legal/financial implications.
  Question 4: Given the focus on AI/crypto narrative plays (Hyperliquid, P...
    Found 2 potential answers
  Phase 8: IMPROVE - Evaluating integration safety...
    ⏸️  Manual review needed: This involves major system changes including new API integrations, real-time data pipelines, alert systems, and potential regulatory considerations. The suggestion involves external APIs (Arkham, Nansen, DEXScreener), WebSocket connections, blockchain node subscriptions, and automated trading signals. These changes could impact system stability, incur significant costs, introduce new failure points, and potentially trigger compliance issues. The complexity and scope require careful planning, testing, and gradual rollout rather than automatic integration.
  Question 5: With 8.5 hours uptime but no fresh trading analysis, should ...
    Found 1 potential answers
  Phase 8: IMPROVE - Evaluating integration safety...
    ⏸️  Manual review needed: This involves multiple external APIs with rate limits, potential for signal spam/noise, requires secure credential management, needs signal validation logic to prevent false positives, and could significantly impact trading decisions. The complexity of multi-source aggregation, scoring algorithms, and the financial risk of automated trading based on unvetted signals makes this unsuitable for automatic integration.

======================================================================
Cycle 51 complete
Next cycle in 10 minutes...
======================================================================

Sleeping for 8m 5s...
(Press Ctrl+C to stop)


======================================================================
CONTINUOUS IMPROVER - CYCLE 52
2026-01-29 14:38:05
======================================================================

Phase 1: PERCEIVE - Analyzing current performance...
  Trading: 35 cycles
  Signals: active
  System: running

Phase 4: QUESTION - Generating improvement questions...
  Generated 5 questions:
    1. Why has the last trading cycle been stuck at cycle 5 from 8+ hours ago while the system health shows 52 cycles running - is there a disconnect between signal processing and trading execution that's preventing new opportunities from being identified and acted upon?
    2. Given that 4.0 average signals per cycle are being marked as "pure narrative hype" and "social noise" rather than actionable opportunities, should I implement real-time price/volume data feeds and technical analysis overlays to filter out low-probability social sentiment signals?
    3. How can I reduce the 15+ minute lag between signal detection and analysis when the current system recommends monitoring "next 15 minutes" opportunities but the last meaningful analysis is 8+ hours old?
    4. Should I integrate direct API connections to DEX orderbooks, whale wallet trackers, and options flow data to validate the social signals with actual on-chain activity before spending cycles analyzing Twitter hype?
    5. What additional data sources beyond the current 126 bookmarks could provide higher-conviction signals - such as GitHub commits for protocol updates, regulatory filings, or institutional flow data that typically precede major price movements?

Phase 3: LEARN - Searching for answers...
  Question 1: Why has the last trading cycle been stuck at cycle 5 from 8+...
    Found 1 potential answers
  Phase 8: IMPROVE - Evaluating integration safety...
    ⏸️  Manual review needed: This is a live trading system issue that could involve financial risk. The suggested actions include restarting system components, checking for database deadlocks, and modifying risk management rules - all of which require careful human oversight. Automated integration of troubleshooting advice for stuck trading cycles could lead to unintended trades, system instability, or financial losses. The disconnect between signal processing and execution needs human diagnosis to determine root cause before any fixes are applied.
  Question 2: Given that 4.0 average signals per cycle are being marked as...
    Found 1 potential answers
  Phase 8: IMPROVE - Evaluating integration safety...
    ⏸️  Manual review needed: This involves significant system changes including: 1) Adding real-time price/volume data feeds (new external dependencies), 2) Implementing technical analysis overlays (new computational components), 3) Creating multi-layer filtering frameworks (complex logic changes), 4) Integration with existing sentiment analysis (potential conflicts). These changes affect core trading logic, introduce new failure points, require extensive backtesting, and could have financial impact if implemented incorrectly. The scope is too large and complex for automatic integration.
  Question 3: How can I reduce the 15+ minute lag between signal detection...
    Found 1 potential answers
  Phase 8: IMPROVE - Evaluating integration safety...
    ⏸️  Manual review needed: This involves major infrastructure changes to trading systems including new databases, stream processing frameworks, and AI model deployment architectures. Automatic integration could disrupt live trading operations, introduce data inconsistencies, or create system failures. The 15+ minute lag suggests fundamental architectural issues that require careful analysis, testing, and phased implementation with proper fallback mechanisms.
  Question 4: Should I integrate direct API connections to DEX orderbooks,...
    Found 1 potential answers
  Phase 8: IMPROVE - Evaluating integration safety...
    ⏸️  Manual review needed: This involves multiple external API integrations with financial data, requires secure API key storage, has potential for rate limiting issues, needs robust error handling for network failures, involves real money trading decisions, and requires careful validation of data accuracy. The complexity and financial impact make manual implementation and testing essential.
  Question 5: What additional data sources beyond the current 126 bookmark...
    Found 1 potential answers
  Phase 8: IMPROVE - Evaluating integration safety...
    ⏸️  Manual review needed: While the suggestions are valuable, automatic integration would be unsafe because: 1) Many require paid API subscriptions (GitHub API, Glassnode, Santiment) that could incur unexpected costs, 2) Rate limiting and authentication need careful configuration, 3) Data quality and relevance varies significantly across sources, 4) Some sources (regulatory filings, institutional flows) require specialized parsing and validation, 5) Integration complexity varies from simple webhooks to complex on-chain analytics that could impact system performance. Each data source should be evaluated individually for cost-benefit, integrated incrementally with proper monitoring, and tested for signal quality before full deployment.

======================================================================
Cycle 52 complete
Next cycle in 10 minutes...
======================================================================

Sleeping for 8m 8s...
(Press Ctrl+C to stop)


======================================================================
CONTINUOUS IMPROVER - CYCLE 53
2026-01-29 14:48:05
======================================================================

Phase 1: PERCEIVE - Analyzing current performance...
  Trading: 35 cycles
  Signals: active
  System: running

Phase 4: QUESTION - Generating improvement questions...
  Generated 5 questions:
    1. Why hasn't the trading cycle updated in over 9 hours despite 53 system cycles running - is there a disconnect between signal scanning and trading analysis that's causing stale data?
    2. How can we improve signal quality when the last analysis showed "zero edge" and pure "social noise" - should we adjust our bookmark sources or add real-time price/volume data feeds?
    3. What specific metrics should we track to validate trading recommendations beyond just "PASS" decisions - can we backtest our avoided trades to see if our risk assessment was correct?
    4. Should we implement automated price and volume monitoring for the assets mentioned in our analysis (like $HYPER) to trigger real trading cycles when our specified conditions are met (>10% 15m wick + whale txns)?
    5. How can we reduce the lag between identifying patterns (AI/crypto narrative trends) and actionable signals - do we need faster data sources or different analysis frameworks for emerging themes?

Phase 3: LEARN - Searching for answers...
  Question 1: Why hasn't the trading cycle updated in over 9 hours despite...
    Found 2 potential answers
  Phase 8: IMPROVE - Evaluating integration safety...
    ⏸️  Manual review needed: This indicates a critical system malfunction where cycles appear to be running but trading analysis isn't updating. The stable 4.0 signals per cycle suggests data is flowing but not reaching the trading engine. Automated integration could mask the underlying issue or interfere with debugging. This requires human investigation to identify root cause - could be deadlock, database issues, or signal routing problems that automated fixes might worsen.
  Question 2: How can we improve signal quality when the last analysis sho...
    Found 2 potential answers
  Phase 8: IMPROVE - Evaluating integration safety...
    ⏸️  Manual review needed: Signal quality improvements involving new data feeds and filtering mechanisms pose significant risks: 1) New data sources could introduce biased or manipulated signals, 2) Real-time price/volume feeds require proper rate limiting and API management to avoid system overload, 3) Changing signal filtering could mask genuine opportunities or amplify false signals, 4) The 'zero edge' condition suggests the current system may be fundamentally flawed, requiring diagnostic analysis before adding complexity, 5) Financial data integration has compliance and cost implications that need human oversight
  Question 3: What specific metrics should we track to validate trading re...
    Found 1 potential answers
  Phase 8: IMPROVE - Evaluating integration safety...
    ⏸️  Manual review needed: While the metrics and validation concepts are sound, this involves significant changes to core trading logic, data collection pipelines, and decision-making processes. The suggested code examples need adaptation to specific trading systems, risk models require validation against historical performance, and new data structures for tracking avoided trades must be implemented carefully to avoid impacting live trading performance. Additionally, some suggested tools and frameworks may not be compatible with existing infrastructure and require evaluation.
  Question 4: Should we implement automated price and volume monitoring fo...
    Found 1 potential answers
  Phase 8: IMPROVE - Evaluating integration safety...
    ⏸️  Manual review needed: Automated trading systems involve significant financial risk and require extensive testing, risk management protocols, regulatory compliance checks, and gradual rollout. The system involves real money transactions based on algorithmic triggers which could lead to substantial losses if improperly implemented. This requires human oversight, backtesting, paper trading validation, and careful risk management before any live trading automation.
  Question 5: How can we reduce the lag between identifying patterns (AI/c...
    Found 1 potential answers
  Phase 8: IMPROVE - Evaluating integration safety...
    ⏸️  Manual review needed: The response provides analytical insights about crypto/AI pattern detection methodologies but doesn't propose specific system changes to integrate. It appears to be domain knowledge rather than a technical improvement to the current system. The content itself is informational and poses no technical risk, but requires human review to clarify integration intent.

======================================================================
Cycle 53 complete
Next cycle in 10 minutes...
======================================================================

Sleeping for 8m 7s...
(Press Ctrl+C to stop)


======================================================================
CONTINUOUS IMPROVER - CYCLE 54
2026-01-29 14:58:05
======================================================================

Phase 1: PERCEIVE - Analyzing current performance...
  Trading: 35 cycles
  Signals: active
  System: running

Phase 4: QUESTION - Generating improvement questions...
  Generated 5 questions:
    1. Why haven't we executed any new trading cycles in over 9 hours, and what specific data feeds or signal triggers should we add to identify actionable opportunities faster than the current 15-minute window?
    2. Given that we're consistently marking signals as "social noise" rather than tradeable alpha, should we implement quantitative filters (price/volume thresholds, on-chain activity minimums) before human analysis to improve signal-to-noise ratio?
    3. How can we verify and track the actual performance of whale wallets and insider signals we identify (like the clawdbot wallet and Polymarket whale) to build a database of reliable vs. unreliable signal sources?
    4. What specific technical analysis indicators or market data feeds are missing from our current analysis that could give us an edge beyond sentiment scanning - particularly for the AI/DeFi narrative plays we keep identifying but can't trade?
    5. Should we implement automated position sizing and risk management rules based on signal confidence scores, and test smaller position entries (0.1-0.2%) on medium-confidence signals to gather performance data rather than passing on everything?

Phase 3: LEARN - Searching for answers...
  Question 1: Why haven't we executed any new trading cycles in over 9 hou...
    Found 1 potential answers
  Phase 8: IMPROVE - Evaluating integration safety...
    ⏸️  Manual review needed: The 9-hour trading halt indicates a critical system issue that must be diagnosed first. Implementing new data feeds or faster signals without understanding the root cause could compound existing problems, increase API costs, introduce new failure points, or create unstable trading behavior. The suggested changes involve significant architecture modifications (WebSockets, new APIs, AI models) that require careful testing and gradual rollout to avoid financial losses.
  Question 2: Given that we're consistently marking signals as "social noi...
    Found 1 potential answers
  Phase 8: IMPROVE - Evaluating integration safety...
    ⏸️  Manual review needed: While quantitative pre-filtering is a sound concept, the suggested thresholds and filters are generic recommendations without validation against your specific trading strategy, market conditions, or historical performance. Implementing arbitrary volume/price thresholds could filter out genuinely profitable signals or create new blind spots. The multi-stage pipeline would fundamentally change your signal processing workflow and requires extensive testing to ensure it doesn't introduce systematic biases or reduce overall alpha generation. This needs careful backtesting, A/B testing, and gradual rollout rather than automatic integration.
  Question 3: How can we verify and track the actual performance of whale ...
    Found 1 potential answers
  Phase 8: IMPROVE - Evaluating integration safety...
    ⏸️  Manual review needed: This answer provides a framework for building a whale wallet tracking system but cannot be automatically integrated because it requires: 1) Setting up external APIs (Moralis, Alchemy, Infura) with authentication, 2) Database infrastructure (PostgreSQL) setup and configuration, 3) Custom code development for data collection and analysis, 4) Integration with multiple third-party services, 5) Financial data handling with regulatory considerations, and 6) Real-time monitoring systems. This is a complex multi-component system that requires careful manual implementation, testing, and security review rather than automated integration.
  Question 4: What specific technical analysis indicators or market data f...
    Found 2 potential answers
  Phase 8: IMPROVE - Evaluating integration safety...
    ⏸️  Manual review needed: This involves adding multiple new external data sources (Nansen, Glassnode, DefiLlama APIs), implementing complex on-chain analysis tools, and integrating unvetted third-party services. Each data feed needs individual API key setup, rate limit configuration, data validation, and testing. The recommendation spans across multiple platforms (Discord, Reddit, GitHub) that would require manual account setup and monitoring. Additionally, many suggested tools are paid services requiring business decisions about cost vs. benefit. The complexity and external dependencies make this unsuitable for automatic integration.
  Question 5: Should we implement automated position sizing and risk manag...
    Found 1 potential answers
  Phase 8: IMPROVE - Evaluating integration safety...
    ⏸️  Manual review needed: This involves fundamental changes to position sizing and risk management that directly impact capital allocation. While the concept is sound, it requires: 1) Development of robust confidence scoring models, 2) Extensive backtesting across market conditions, 3) Implementation of new risk guardrails, 4) Testing feedback loops for model improvement, and 5) Manual validation of performance across confidence buckets. The financial risk of automated implementation without thorough testing could be significant, even with small position sizes.

======================================================================
Cycle 54 complete
Next cycle in 10 minutes...
======================================================================

Sleeping for 8m 5s...
(Press Ctrl+C to stop)


======================================================================
CONTINUOUS IMPROVER - CYCLE 55
2026-01-29 15:08:06
======================================================================

Phase 1: PERCEIVE - Analyzing current performance...
  Trading: 35 cycles
  Signals: active
  System: running

Phase 4: QUESTION - Generating improvement questions...
  Generated 5 questions:
    1. Why has the trading cycle frequency dropped to only 5 cycles in 9+ hours when the system shows 35 total cycles historically - is there a bottleneck in bookmark processing or signal detection that's causing this dramatic slowdown?
    2. The last analysis shows zero immediate opportunities and recommends PASS on all signals - are we being too conservative with risk thresholds, or do we need better signal sources beyond the current 126 bookmarks to find actionable alpha?
    3. All 4 recent signals were AI/crypto narrative hype without price/volume data - should we integrate real-time orderbook feeds, on-chain analytics, or technical indicators to validate social sentiment signals before analysis?
    4. The system identifies whale movements ($3.9M Polymarket, clawdbot wallet) but can't verify them - what on-chain monitoring tools or APIs should we add to track large wallet movements and cross-reference with social signals in real-time?
    5. We're averaging 4 signals per cycle but finding zero edge - should we implement a signal scoring/filtering system that pre-ranks bookmarks by recency, source credibility, and market relevance before deep analysis to focus on higher-probability setups?

Phase 3: LEARN - Searching for answers...
  Question 1: Why has the trading cycle frequency dropped to only 5 cycles...
    Found 2 potential answers
  Phase 8: IMPROVE - Evaluating integration safety...
    ⏸️  Manual review needed: This represents a critical 86% performance drop (from ~3.9 cycles/hour historically to 0.56 cycles/hour currently). The answers provide generic troubleshooting advice but no specific root cause identification. Automatically integrating performance monitoring code or configuration changes without understanding the underlying issue could mask symptoms, interfere with existing trading logic, or worsen the bottleneck. The stable 4.0 signals per cycle suggests the issue isn't signal detection but rather cycle execution frequency - this requires human analysis of system logs, resource usage, and recent changes before any automated remediation.
  Question 2: The last analysis shows zero immediate opportunities and rec...
    Found 1 potential answers
  Phase 8: IMPROVE - Evaluating integration safety...
    ⏸️  Manual review needed: This involves fundamental changes to risk management parameters and trading thresholds that could significantly impact financial performance. The suggestion to modify Sharpe ratio thresholds, drawdown tolerance, and position sizing requires careful backtesting and validation. Additionally, integrating new signal sources or alternative data feeds could introduce data quality issues, latency problems, or model overfitting. Any changes to risk parameters must be thoroughly tested in paper trading environments first, with proper statistical validation of performance across different market regimes.
  Question 3: All 4 recent signals were AI/crypto narrative hype without p...
    Found 1 potential answers
  Phase 8: IMPROVE - Evaluating integration safety...
    ⏸️  Manual review needed: This involves major architectural changes including: 1) Multiple new external API dependencies (Binance, Coinbase, Nansen, Glassnode, etc.) with potential rate limits and costs, 2) Real-time WebSocket connections that could introduce system instability, 3) Complex validation logic that could create false negatives/positives, 4) Financial risk from automated trading decisions based on untested composite scoring, 5) Potential security risks from blockchain interactions, and 6) Need for extensive backtesting and gradual rollout rather than automatic integration
  Question 4: The system identifies whale movements ($3.9M Polymarket, cla...
    Found 1 potential answers
  Phase 8: IMPROVE - Evaluating integration safety...
    ⏸️  Manual review needed: This involves significant infrastructure changes including: 1) Integration with multiple external APIs requiring authentication and rate limiting, 2) Real-time websocket connections and webhook endpoints that could impact system stability, 3) Financial data monitoring that requires high reliability and security, 4) Complex correlation algorithms that could produce false signals if not properly calibrated, 5) Potential compliance and legal considerations when monitoring whale wallets and social signals for trading decisions. Each API integration needs individual testing, error handling, and monitoring to prevent system failures.
  Question 5: We're averaging 4 signals per cycle but finding zero edge - ...
    Found 1 potential answers
  Phase 8: IMPROVE - Evaluating integration safety...
    ⏸️  Manual review needed: While the concept is sound, implementing a signal scoring/filtering system involves critical trading decisions that could significantly impact performance. This requires: 1) Careful design of scoring weights and thresholds, 2) Backtesting against historical data to validate effectiveness, 3) Gradual rollout with monitoring, 4) Potential integration with existing risk management systems. The answer provides good framework guidance but doesn't include specific parameters or validation - these must be determined through analysis of your specific signal sources and trading strategy.

======================================================================
Cycle 55 complete
Next cycle in 10 minutes...
======================================================================

Sleeping for 7m 53s...
(Press Ctrl+C to stop)


======================================================================
CONTINUOUS IMPROVER - CYCLE 56
2026-01-29 15:18:07
======================================================================

Phase 1: PERCEIVE - Analyzing current performance...
  Trading: 35 cycles
  Signals: active
  System: running

Phase 4: QUESTION - Generating improvement questions...
  Generated 6 questions:
    1. Why haven't I generated any new trading cycles in over 9 hours, and what specific technical or data pipeline issues are preventing fresh signal analysis?
    2. How can I improve signal quality beyond the current 4.0 average when my last analysis showed "zero edge" and recommended PASS on all opportunities?
    3. What additional real-time data sources (order flow, on-chain analytics, social sentiment APIs) should I integrate to move beyond "pure narrative hype" into actionable price movements?
    4. Should I adjust my scanning frequency from the current cycle timing to capture faster-moving opportunities, especially given I'm missing "15-minute opportunities"?
    5. How can I build better filtering mechanisms to separate high-conviction signals from "social noise" before they reach my main analysis pipeline?
    6. What specific technical indicators or confluence factors should I require before flagging any opportunity as actionable rather than defaulting to PASS?

Phase 3: LEARN - Searching for answers...
  Question 1: Why haven't I generated any new trading cycles in over 9 hou...
    Found 1 potential answers
  Phase 8: IMPROVE - Evaluating integration safety...
    ⏸️  Manual review needed: This is a diagnostic question about a live trading system malfunction, not a suggestion for improvement. The answer provides general troubleshooting guidance but doesn't identify the specific technical issue. Automatically making changes to a trading system without proper diagnosis could worsen the problem, cause financial losses, or introduce new bugs. This requires human investigation to identify the root cause before any fixes can be safely applied.
  Question 2: How can I improve signal quality beyond the current 4.0 aver...
    Found 2 potential answers
  Phase 8: IMPROVE - Evaluating integration safety...
    ⏸️  Manual review needed: Signal quality improvements involve fundamental changes to trading algorithms that could significantly impact financial performance. The recommendations include model architecture changes, new data sources, and modified risk frameworks - all requiring careful testing, validation, and gradual deployment to avoid introducing bugs or reducing profitability.
  Question 3: What additional real-time data sources (order flow, on-chain...
    Found 1 potential answers
  Phase 8: IMPROVE - Evaluating integration safety...
    ⏸️  Manual review needed: This involves multiple high-risk components: 1) Real-time financial data APIs requiring authentication and rate limiting, 2) WebSocket connections that can fail and need robust error handling, 3) Complex trading algorithms that could generate false signals and financial losses, 4) External API dependencies (Twitter, Reddit, blockchain APIs) with usage costs and reliability issues, 5) Machine learning models that need proper validation and can overfit, 6) Order flow and exchange integrations that handle real money. Each component needs individual testing, proper error handling, security review for API keys, and gradual deployment with paper trading first.
  Question 4: Should I adjust my scanning frequency from the current cycle...
    Found 2 potential answers
  Phase 8: IMPROVE - Evaluating integration safety...
    ⏸️  Manual review needed: Changing scanning frequency affects core system timing and can introduce multiple risks: 1) Increased resource consumption and potential system overload, 2) Higher false positive rates requiring filter adjustments, 3) Data feed rate limits or API costs, 4) Downstream processing bottlenecks, 5) Need for queue management and error handling updates. The stable 4.0 signals per cycle suggests current system is working, so changes should be tested thoroughly before implementation.
  Question 5: How can I build better filtering mechanisms to separate high...
    Found 1 potential answers
  Phase 8: IMPROVE - Evaluating integration safety...
    ⏸️  Manual review needed: This involves critical trading signal filtering that could significantly impact trading decisions. The filtering mechanisms require domain-specific tuning of thresholds, source credibility weights, and quality metrics that must be carefully calibrated to avoid filtering out legitimate high-value signals or allowing through false signals. Additionally, the filtering criteria need to be validated against historical data and continuously monitored for effectiveness. Automated integration could lead to over-filtering of valid signals or under-filtering of noise, both of which could negatively impact trading performance.
  Question 6: What specific technical indicators or confluence factors sho...
    Found 1 potential answers
  Phase 8: IMPROVE - Evaluating integration safety...
    ⏸️  Manual review needed: This involves financial trading decisions with direct monetary impact. The framework provided is comprehensive but generic - implementing it automatically without proper backtesting, risk management validation, and alignment with specific trading objectives could lead to significant financial losses. Each confluence factor needs to be carefully weighted and calibrated based on historical performance and risk tolerance.

======================================================================
Cycle 56 complete
Next cycle in 10 minutes...
======================================================================

Sleeping for 7m 42s...
(Press Ctrl+C to stop)


======================================================================
CONTINUOUS IMPROVER - CYCLE 57
2026-01-29 15:28:07
======================================================================

Phase 1: PERCEIVE - Analyzing current performance...
  Trading: 35 cycles
  Signals: active
  System: running

Phase 4: QUESTION - Generating improvement questions...
  Generated 5 questions:
    1. Why has the last trading cycle been stagnant for nearly 10 hours (timestamp shows 05:50:22 but current time is 15:28:07) - is the signal detection pipeline broken or are we missing active market opportunities?
    2. How can we reduce the "social noise vs actionable signals" problem when 4/4 recent signals were classified as pure hype with zero trading edge - should we implement stricter signal filtering or add real-time price/volume correlation checks?
    3. What additional data sources beyond Twitter bookmarks could provide earlier, more reliable alpha - should we integrate on-chain whale tracking, orderbook imbalance detection, or cross-exchange arbitrage scanning?
    4. How can we improve the 15-minute opportunity window when current analysis shows "None" for immediate trades - should we reduce scan intervals from current frequency to 1-5 minute cycles for faster signal-to-execution?
    5. Why are we not correlating signals with actual market movements (BTC/ETH flat, AI tokens unchanged) - should we build a real-time validation system that tracks signal accuracy against subsequent price action to improve future filtering?

Phase 3: LEARN - Searching for answers...
  Question 1: Why has the last trading cycle been stagnant for nearly 10 h...
    Found 1 potential answers
  Phase 8: IMPROVE - Evaluating integration safety...
    ⏸️  Manual review needed: This involves a live trading system with real financial risk. A 10-hour stagnation could indicate system failure, data feed issues, or market anomalies. The response provides diagnostic guidance but doesn't contain specific fixes that can be safely automated. Any changes to trading logic, thresholds, or pipeline components require human oversight to prevent financial losses or system instability.
  Question 2: How can we reduce the "social noise vs actionable signals" p...
    Found 1 potential answers
  Phase 8: IMPROVE - Evaluating integration safety...
    ⏸️  Manual review needed: Trading signal filters directly impact financial decisions and risk exposure. The suggested changes involve multiple complex parameters (volume thresholds, price correlation windows, cooling periods) that need careful calibration based on specific market conditions, asset classes, and risk tolerance. Automatic implementation could result in either blocking profitable signals or allowing false positives, both causing financial losses. Additionally, the ML-based filtering and dynamic threshold adjustments require extensive backtesting and validation before deployment.
  Question 3: What additional data sources beyond Twitter bookmarks could ...
    Found 2 potential answers
  Phase 8: IMPROVE - Evaluating integration safety...
    ⏸️  Manual review needed: This involves major system changes including new external APIs, real-time data streams, financial data integrations, and complex ML model deployment. Each component (on-chain tracking, orderbook monitoring, cross-exchange scanning) introduces significant technical complexity, potential security vulnerabilities with API keys/webhooks, substantial cost implications, and could destabilize the existing stable 4.0 signals per cycle performance. Integration requires careful planning, testing, and gradual rollout rather than automatic deployment.
  Question 4: How can we improve the 15-minute opportunity window when cur...
    Found 2 potential answers
  Phase 8: IMPROVE - Evaluating integration safety...
    ⏸️  Manual review needed: Reducing scan intervals from current frequency to 1-5 minutes involves significant risks: 1) Infrastructure overload from increased API calls and data processing, 2) Higher false positive rates from noise in shorter timeframes, 3) Increased transaction costs from more frequent trades, 4) Potential broker API rate limiting violations, 5) Current system shows 4.0 signals per cycle which could multiply dramatically with faster scanning, creating execution bottlenecks. This requires controlled testing, performance monitoring, and gradual rollout rather than automatic integration.
  Question 5: Why are we not correlating signals with actual market moveme...
    Found 1 potential answers
  Phase 8: IMPROVE - Evaluating integration safety...
    ⏸️  Manual review needed: While the concept is valuable, this represents a significant system enhancement that involves: 1) New data pipelines for real-time price feeds, 2) Complex correlation algorithms that could introduce bugs, 3) Potential performance impacts from continuous validation processing, 4) Risk of over-optimization leading to curve-fitting, and 5) Need for proper backtesting infrastructure. The suggestion is architecturally sound but requires careful planning and phased implementation rather than automatic integration.

======================================================================
Cycle 57 complete
Next cycle in 10 minutes...
======================================================================

Sleeping for 8m 8s...
(Press Ctrl+C to stop)


======================================================================
CONTINUOUS IMPROVER - CYCLE 58
2026-01-29 15:38:07
======================================================================

Phase 1: PERCEIVE - Analyzing current performance...
  Trading: 35 cycles
  Signals: active
  System: running

Phase 4: QUESTION - Generating improvement questions...
  Generated 5 questions:
    1. Why has the last trading cycle been stuck at cycle 5 from 9+ hours ago, and what mechanism should trigger fresh analysis cycles when new market data becomes available?
    2. How can we expand beyond the current 126 bookmarks to include real-time data sources like whale alert feeds, orderbook snapshots, and volume surge detectors for actionable signals?
    3. What specific on-chain data integration (DEX flows, large transfers, smart money tracking) would convert "social noise" into verifiable edge opportunities?
    4. Should we implement a signal scoring system that auto-filters out promotional content and focuses on time-sensitive price catalysts with measurable confidence thresholds?
    5. How can we reduce the 15-minute analysis window to 1-3 minutes for high-frequency opportunities, and what automated trade execution criteria would capture fleeting arbitrage or momentum plays?

Phase 3: LEARN - Searching for answers...
  Question 1: Why has the last trading cycle been stuck at cycle 5 from 9+...
    Found 1 potential answers
  Phase 8: IMPROVE - Evaluating integration safety...
    ⏸️  Manual review needed: Trading systems require extreme caution. The stuck cycle could be due to critical issues like market data problems, position management errors, or system resource constraints. Automatically adding timeout mechanisms without understanding the root cause could interrupt legitimate long-running analysis, force premature trades, or mask underlying critical failures. Manual investigation is essential to identify why cycle 5 is stuck and ensure any watchdog implementation won't disrupt active trading positions or analysis.
  Question 2: How can we expand beyond the current 126 bookmarks to includ...
    Found 1 potential answers
  Phase 8: IMPROVE - Evaluating integration safety...
    ⏸️  Manual review needed: This improvement involves: 1) Adding external API dependencies (Whale Alert, exchange APIs) that require API keys and authentication, 2) Implementing real-time WebSocket connections that could impact system stability, 3) Processing financial data streams that require careful error handling and rate limiting, 4) Creating new data processing algorithms that need testing and validation, 5) Potential security risks from handling trading signals and financial data, 6) Resource consumption changes from real-time data processing that could affect system performance. These changes require careful planning, testing, and human oversight.
  Question 3: What specific on-chain data integration (DEX flows, large tr...
    Found 1 potential answers
  Phase 8: IMPROVE - Evaluating integration safety...
    ⏸️  Manual review needed: This involves financial trading automation with real money at risk, requires multiple API integrations with rate limits and costs, involves complex smart contract interactions that could fail or be exploited, needs sophisticated risk management and position sizing logic, and requires extensive backtesting and validation. The complexity and financial risk make automatic integration unsafe without thorough manual review and staged implementation.
  Question 4: Should we implement a signal scoring system that auto-filter...
    Found 1 potential answers
  Phase 8: IMPROVE - Evaluating integration safety...
    ⏸️  Manual review needed: This is a complex system architecture change that involves: 1) Real-time financial signal processing with potential market impact, 2) Machine learning models requiring training data and validation, 3) Confidence threshold tuning that affects trading decisions, 4) Integration with multiple data sources and filtering mechanisms. The answer itself indicates this needs research and custom implementation rather than automated integration. Financial signal systems require extensive backtesting and validation to avoid false positives/negatives that could result in significant financial losses.
  Question 5: How can we reduce the 15-minute analysis window to 1-3 minut...
    Found 2 potential answers
  Phase 8: IMPROVE - Evaluating integration safety...
    ⏸️  Manual review needed: High-frequency trading modifications involve significant financial risk, require infrastructure changes that could destabilize existing systems, need extensive backtesting and paper trading validation, and involve complex technical implementations (GPU acceleration, streaming data, low-latency execution) that could introduce critical bugs. The potential for rapid financial losses in sub-minute trading windows makes this unsuitable for automatic integration without thorough human oversight and testing.

======================================================================
Cycle 58 complete
Next cycle in 10 minutes...
======================================================================

Sleeping for 7m 47s...
(Press Ctrl+C to stop)


======================================================================
CONTINUOUS IMPROVER - CYCLE 59
2026-01-29 15:48:08
======================================================================

Phase 1: PERCEIVE - Analyzing current performance...
  Trading: 35 cycles
  Signals: active
  System: running

Phase 4: QUESTION - Generating improvement questions...
  Generated 5 questions:
    1. Why hasn't the trading cycle updated in nearly 10 hours (last cycle at 05:50, now 15:48) - is the signal detection pipeline broken or are we missing actionable opportunities entirely?
    2. How can we move beyond "social noise" rejection to find actual edge - should we integrate real-time price/volume data, on-chain analytics, or orderbook imbalances instead of relying solely on bookmark sentiment?
    3. What specific technical indicators or data feeds would convert our current "PASS" decisions into profitable entries - do we need DEX aggregator APIs, whale wallet tracking, or cross-exchange arbitrage detection?
    4. Are we scanning the right signal sources if 126 bookmarks only yield narrative hype - should we pivot to monitoring smart money wallets, unusual options flow, or institutional order flow instead?
    5. How can we reduce our 15-minute analysis lag to capitalize on the immediate opportunities we keep identifying but missing - do we need pre-computed alerts, faster data ingestion, or automated execution triggers?

Phase 3: LEARN - Searching for answers...
  Question 1: Why hasn't the trading cycle updated in nearly 10 hours (las...
    Found 1 potential answers
  Phase 8: IMPROVE - Evaluating integration safety...
    ⏸️  Manual review needed: This is a critical trading system failure affecting live financial operations. A 10-hour gap in trading cycles could indicate serious infrastructure issues, API failures, or data feed problems. Automated integration without human analysis could mask the root cause, potentially leading to financial losses or further system degradation. The response provides diagnostic guidance but doesn't contain actionable code or config changes - it requires human expertise to investigate logs, check API connections, and determine the actual cause before implementing any fixes.
  Question 2: How can we move beyond "social noise" rejection to find actu...
    Found 1 potential answers
  Phase 8: IMPROVE - Evaluating integration safety...
    ⏸️  Manual review needed: This involves fundamental changes to trading strategy and data sources that could significantly impact financial performance. Requires: 1) New real-time data feeds and API connections with potential costs and rate limits, 2) Complex order book and on-chain analytics that need extensive testing, 3) ML model integration requiring validation and backtesting, 4) Risk management system overhaul, 5) Potential regulatory compliance issues with new data sources. This is a strategic architecture decision requiring human oversight, not an automated integration.
  Question 3: What specific technical indicators or data feeds would conve...
    Found 1 potential answers
  Phase 8: IMPROVE - Evaluating integration safety...
    ⏸️  Manual review needed: This involves major changes to trading logic including external API dependencies, real money implications, potential MEV exposure, rate limiting risks, and complex multi-system integration. Each component (DEX APIs, whale tracking, arbitrage detection) requires individual validation, error handling, and fallback mechanisms. The complexity and financial risk demand careful manual implementation and testing phases.
  Question 4: Are we scanning the right signal sources if 126 bookmarks on...
    Found 2 potential answers
  Phase 8: IMPROVE - Evaluating integration safety...
    ⏸️  Manual review needed: While the pivot strategy appears sound, it involves multiple high-risk factors: 1) Third-party API dependencies that could fail or change terms, 2) Financial data sources requiring compliance validation, 3) Potential regulatory implications of monitoring 'smart money' flows, 4) Need to verify data source reliability and accuracy before replacing existing signal infrastructure, 5) Cost implications of premium data feeds not assessed. The 4.0 signals per cycle baseline needs preservation during transition.
  Question 5: How can we reduce our 15-minute analysis lag to capitalize o...
    Found 1 potential answers
  Phase 8: IMPROVE - Evaluating integration safety...
    ⏸️  Manual review needed: This involves fundamental changes to data architecture, real-time processing systems, and potentially automated execution of business decisions. The 15-minute lag reduction could involve financial or operational risks if automated triggers fire incorrectly. Requires careful planning, testing, and human oversight before any automation is implemented.

======================================================================
Cycle 59 complete
Next cycle in 10 minutes...
======================================================================

Sleeping for 8m 6s...
(Press Ctrl+C to stop)


======================================================================
CONTINUOUS IMPROVER - CYCLE 60
2026-01-29 15:58:09
======================================================================

Phase 1: PERCEIVE - Analyzing current performance...
  Trading: 35 cycles
  Signals: active
  System: running

Phase 4: QUESTION - Generating improvement questions...
  Generated 5 questions:
    1. Why has the last trading cycle remained stagnant at cycle 5 from over 10 hours ago (2026-01-29T05:50:22) - is the signal processing pipeline stuck or are we not detecting new actionable opportunities?
    2. Given that 4/4 recent signals were dismissed as "social noise" with zero edge, should we add real-time price/volume data feeds (like DEX screeners, whale alert APIs, or orderbook scanners) to validate social sentiment with actual market movements?
    3. How can we reduce the 15-minute lag between signal detection and opportunity identification - should we implement sub-5-minute scanning cycles or add pre-market momentum indicators to catch moves before they happen?
    4. Are we missing profitable micro-opportunities by only analyzing bookmarked content - should we expand to direct Twitter API monitoring of specific whale wallets, Telegram alpha groups, or Discord trading communities for faster signal discovery?
    5. Since we correctly identified the AI/Hyperliquid trend but couldn't execute, should we build automated position sizing logic that can take small speculative positions (0.1-0.5%) on high-conviction narrative plays while maintaining strict risk management?

Phase 3: LEARN - Searching for answers...
  Question 1: Why has the last trading cycle remained stagnant at cycle 5 ...
    Found 1 potential answers
  Phase 8: IMPROVE - Evaluating integration safety...
    ⏸️  Manual review needed: This involves a live trading system that may have real financial exposure. The question indicates a potential system malfunction (10+ hours of stagnation) that could result in financial losses. Any automated changes to trading systems without human oversight pose significant financial risk. The answer provided is generic troubleshooting advice rather than system-specific diagnostics, indicating this requires direct human analysis of the actual trading system's logs and status.
  Question 2: Given that 4/4 recent signals were dismissed as "social nois...
    Found 2 potential answers
  Phase 8: IMPROVE - Evaluating integration safety...
    ⏸️  Manual review needed: Adding real-time external data feeds introduces multiple high-risk factors: API dependencies that could fail/change, potential rate limiting issues, increased system complexity, data synchronization challenges, and financial risk from acting on potentially unreliable external data. The 4/4 dismissed signals indicate a systematic issue that needs careful analysis before adding more complexity. This requires human oversight to design proper validation logic, implement safeguards, and test correlation accuracy.
  Question 3: How can we reduce the 15-minute lag between signal detection...
    Found 2 potential answers
  Phase 8: IMPROVE - Evaluating integration safety...
    ⏸️  Manual review needed: Reducing scan frequency from 15 minutes to sub-5 minutes fundamentally changes system behavior and risk profile. This introduces: 1) Higher computational load and potential system instability, 2) Increased false positive signals leading to overtrading, 3) Higher transaction costs from more frequent trades, 4) Need for adjusted risk management parameters, 5) Potential for amplified losses due to noise trading. The current system shows stable performance with 4.0 signals per cycle - rushing to implement faster scanning without thorough backtesting and gradual rollout could destabilize profitable operations.
  Question 4: Are we missing profitable micro-opportunities by only analyz...
    Found 1 potential answers
  Phase 8: IMPROVE - Evaluating integration safety...
    ⏸️  Manual review needed: This involves multiple high-risk factors: (1) API integrations with rate limits and costs that could spiral out of control, (2) accessing private communities which may have terms of service violations, (3) potential for information overload and false signals, (4) financial decision-making based on unverified social signals, (5) privacy and security concerns when monitoring wallet addresses, and (6) legal compliance issues around automated data collection from social platforms. Each integration point needs individual assessment, testing, and safeguards.
  Question 5: Since we correctly identified the AI/Hyperliquid trend but c...
    Found 1 potential answers
  Phase 8: IMPROVE - Evaluating integration safety...
    ⏸️  Manual review needed: Building automated trading systems with real money involves significant financial risk, requires custom code development, API integrations, and complex risk management logic. The answer itself recommends a 6-week development process starting with research and paper trading. This cannot be safely auto-integrated and requires human oversight at every step, especially given the speculative nature of narrative trading and the potential for significant losses.

======================================================================
Cycle 60 complete
Next cycle in 10 minutes...
======================================================================

Sleeping for 8m 12s...
(Press Ctrl+C to stop)


======================================================================
CONTINUOUS IMPROVER - CYCLE 61
2026-01-29 16:08:10
======================================================================

Phase 1: PERCEIVE - Analyzing current performance...
  Trading: 35 cycles
  Signals: active
  System: running

Phase 4: QUESTION - Generating improvement questions...
  Generated 5 questions:
    1. Why has the last trading cycle timestamp been stuck at "2026-01-29T05:50:22.584898" for over 10 hours while system uptime continues increasing - is the trading analysis engine frozen or failing to process new signals?
    2. The recent analysis shows "PASS" recommendation due to "zero edge" and "social noise" - are we over-filtering quality signals, and should we implement a graduated confidence scoring system (1-10) instead of binary pass/fail decisions?
    3. With 126 bookmarks analyzed but only 4.0 average signals per cycle, we're seeing a 3% signal-to-noise ratio - what specific bookmark source quality filters could we add to focus on higher-alpha accounts and reduce processing overhead?
    4. The analysis mentions monitoring "Hyperliquid $HYPER for >10% 15m wick + whale txns" but provides no automated execution framework - how can we build real-time price/volume triggers that automatically execute when our specified conditions are met?
    5. Current risk management caps at 0.5% portfolio with 5x leverage, but we're not taking any trades - should we implement a "small bet" system (0.1% positions) to gather performance data on marginal signals rather than passing on everything?

Phase 3: LEARN - Searching for answers...
  Question 1: Why has the last trading cycle timestamp been stuck at "2026...
    Found 1 potential answers
  Phase 8: IMPROVE - Evaluating integration safety...
    ⏸️  Manual review needed: This indicates a potentially critical failure in a live trading system. The trading analysis engine appears frozen for 10+ hours, which could result in significant financial losses, missed trading opportunities, or execution of stale signals. Automated integration of any changes to a malfunctioning trading system without human oversight could exacerbate losses or create additional system instability. This requires immediate manual diagnosis to determine root cause and safe remediation steps.
  Question 2: The recent analysis shows "PASS" recommendation due to "zero...
    Found 2 potential answers
  Phase 8: IMPROVE - Evaluating integration safety...
    ⏸️  Manual review needed: This involves fundamental changes to the decision-making logic that could significantly impact trading outcomes. Moving from binary to graduated scoring (1-10) requires: 1) Recalibration of all thresholds and risk parameters, 2) Extensive backtesting to validate new scoring ranges, 3) Updates to downstream systems that expect binary decisions, 4) New monitoring for score distribution and threshold effectiveness, 5) Potential changes to position sizing based on confidence levels. The 'zero edge' and 'social noise' factors mentioned suggest the current system may be correctly filtering out low-quality signals, so relaxing filters could introduce more noise rather than capture missed alpha.
  Question 3: With 126 bookmarks analyzed but only 4.0 average signals per...
    Found 2 potential answers
  Phase 8: IMPROVE - Evaluating integration safety...
    ⏸️  Manual review needed: While the suggested quality filters are sound, implementing them automatically could: 1) Filter out legitimate high-value signals from newer accounts or unconventional sources, 2) Create selection bias toward established but potentially stale sources, 3) Reduce signal volume too aggressively (126 bookmarks to potentially much fewer), and 4) Require calibration of thresholds specific to your data sources and alpha generation patterns. The 3% signal-to-noise ratio suggests systematic issues that need manual diagnosis before automated filtering.
  Question 4: The analysis mentions monitoring "Hyperliquid $HYPER for >10...
    Found 1 potential answers
  Phase 8: IMPROVE - Evaluating integration safety...
    ⏸️  Manual review needed: Automated trading systems pose significant financial risks including potential for large losses, regulatory compliance issues, API security concerns, and system failures that could execute unintended trades. This requires human oversight, proper testing environments, risk management controls, and cannot be safely auto-integrated without extensive validation.
  Question 5: Current risk management caps at 0.5% portfolio with 5x lever...
    Found 1 potential answers
  Phase 8: IMPROVE - Evaluating integration safety...
    ⏸️  Manual review needed: While the concept is sound, implementing a tiered position sizing system involves significant changes to risk management logic that could compound losses if implemented incorrectly. The suggestion to use 0.1% positions for marginal signals requires: 1) New confidence scoring mechanisms that need validation, 2) Changes to position sizing algorithms that could affect existing profitable strategies, 3) Transaction cost analysis to ensure small positions remain economically viable, and 4) New monitoring systems to track performance across confidence tiers. These changes should be tested extensively and implemented gradually with human oversight rather than automated integration.

======================================================================
Cycle 61 complete
Next cycle in 10 minutes...
======================================================================

Sleeping for 8m 20s...
(Press Ctrl+C to stop)


======================================================================
CONTINUOUS IMPROVER - CYCLE 62
2026-01-29 16:18:10
======================================================================

Phase 1: PERCEIVE - Analyzing current performance...
  Trading: 35 cycles
  Signals: active
  System: running

Phase 4: QUESTION - Generating improvement questions...
  Generated 5 questions:
    1. Why has the last trading cycle analysis been static for over 10 hours (since 05:50:22) - is the trading cycle execution stalled or are we not finding new actionable signals?
    2. With 126 total bookmarks analyzed but only 4.0 average signals per cycle, what percentage of bookmarks are actually generating tradeable signals and should we refine our bookmark source quality?
    3. The last analysis showed "PASS" with "zero edge" on all signals - what specific data sources or signal types should we add to increase the ratio of actionable opportunities vs social noise?
    4. Given the focus on AI/crypto narrative trades (Hyperliquid, Polymarket) in recent analysis, should we develop specialized scanners for on-chain data from these platforms rather than relying on social sentiment?
    5. The system has been running for 10+ hours with 62 cycles but only 35 trading cycles - what's causing the disconnect and how can we optimize the cycle-to-trade conversion rate?

Phase 3: LEARN - Searching for answers...
  Question 1: Why has the last trading cycle analysis been static for over...
    Found 1 potential answers
  Phase 8: IMPROVE - Evaluating integration safety...
    ⏸️  Manual review needed: This is a diagnostic question about a potentially malfunctioning trading system, not an improvement to integrate. The answer provides general troubleshooting guidance but doesn't contain actionable code or configuration changes. The stalled trading cycle could indicate serious issues requiring immediate manual intervention to prevent financial losses or missed opportunities. Any automated changes to a stalled trading system without proper diagnosis could worsen the situation or introduce new risks.
  Question 2: With 126 total bookmarks analyzed but only 4.0 average signa...
    Found 2 potential answers
  Phase 8: IMPROVE - Evaluating integration safety...
    ⏸️  Manual review needed: This involves modifying core trading signal generation logic which could impact trading decisions and financial outcomes. The 3.17% signal rate suggests either overly restrictive filters or poor source quality - both require human judgment to diagnose. Automatically changing signal thresholds, removing bookmarks, or implementing new scoring algorithms without proper validation could eliminate profitable signals or introduce false positives, directly affecting trading performance and risk management.
  Question 3: The last analysis showed "PASS" with "zero edge" on all sign...
    Found 1 potential answers
  Phase 8: IMPROVE - Evaluating integration safety...
    ⏸️  Manual review needed: This involves major system changes affecting core trading/analysis logic. Adding new data sources without proper validation could introduce false signals, API dependencies, cost overruns, and performance issues. The recommendation covers multiple complex integrations (GitHub APIs, on-chain data, options flow, regulatory feeds) that each require careful implementation, testing, and risk assessment. This is a strategic enhancement requiring human oversight, not an automatic integration.
  Question 4: Given the focus on AI/crypto narrative trades (Hyperliquid, ...
    Found 2 potential answers
  Phase 8: IMPROVE - Evaluating integration safety...
    ⏸️  Manual review needed: This represents a major system expansion requiring: 1) New API integrations with external platforms that could introduce dependencies and rate limiting issues, 2) Significant code changes to data processing architecture, 3) Real-time WebSocket connections that could affect system stability, 4) New data storage and processing requirements, 5) Potential regulatory considerations with prediction market data. The recommendation involves building entirely new scanning capabilities rather than modifying existing ones, which requires careful planning and testing.
  Question 5: The system has been running for 10+ hours with 62 cycles but...
    Found 1 potential answers
  Phase 8: IMPROVE - Evaluating integration safety...
    ⏸️  Manual review needed: This involves modifying core trading logic including confidence thresholds, signal processing, and risk management parameters. Changes to trading algorithms can result in significant financial losses if not properly tested. The suggestions include dynamic threshold adjustments and signal weighting changes that could fundamentally alter trading behavior. Additionally, the 62 cycles vs 35 trades issue needs proper diagnosis through system logs and metrics before applying solutions. This requires backtesting, paper trading validation, and gradual rollout rather than automatic integration.

======================================================================
Cycle 62 complete
Next cycle in 10 minutes...
======================================================================

Sleeping for 0m 0s...
(Press Ctrl+C to stop)


======================================================================
CONTINUOUS IMPROVER - CYCLE 63
2026-01-29 16:47:50
======================================================================

Phase 1: PERCEIVE - Analyzing current performance...
  Trading: 35 cycles
  Signals: active
  System: running

Phase 4: QUESTION - Generating improvement questions...
  Generated 6 questions:
    1. Why hasn't there been a new trading cycle in over 10 hours since 05:50, and what system changes are needed to ensure regular signal processing and fresh market analysis?
    2. What specific data sources and indicators should be added to move beyond "social noise" signals toward actionable opportunities with quantifiable edge (price action, volume, on-chain data)?
    3. How can we implement real-time price and volume monitoring for mentioned assets (like $HYPER) to automatically trigger alerts when the specified conditions are met (>10% 15m wick + whale transactions)?
    4. What filtering mechanisms should be built to automatically classify and deprioritize low-quality signals (self-promotion, unverified bot wallets, narrative hype without data backing) before they reach the analysis stage?
    5. How can we integrate direct market data feeds and on-chain analytics to validate whale/insider signals in real-time rather than relying on unverified Twitter claims?
    6. What success metrics and feedback loops should be implemented to track actual trading performance and continuously improve the signal-to-action conversion rate?

Phase 3: LEARN - Searching for answers...
  Question 1: Why hasn't there been a new trading cycle in over 10 hours s...
    Found 1 potential answers
  Phase 8: IMPROVE - Evaluating integration safety...
    ⏸️  Manual review needed: This involves critical trading system infrastructure changes that could disrupt live trading operations. The proposed changes include Docker containerization, async processing modifications, signal generator rewrites, and external service integrations (Discord/Slack webhooks, Redis, Kafka) - all of which require careful testing with paper trading before production deployment. The existing 10-hour gap indicates a serious underlying issue that must be diagnosed first before implementing new architecture.
  Question 2: What specific data sources and indicators should be added to...
    Found 1 potential answers
  Phase 8: IMPROVE - Evaluating integration safety...
    ⏸️  Manual review needed: While the content provides valuable guidance on advanced data sources and indicators, it involves multiple complex integrations (APIs, databases, ML models), potential costs for premium data sources, and strategic decisions about which specific indicators to implement. The recommendations span from simple config changes to complex infrastructure modifications that could affect system stability and require careful evaluation of data provider costs, technical complexity, and integration feasibility.
  Question 3: How can we implement real-time price and volume monitoring f...
    Found 1 potential answers
  Phase 8: IMPROVE - Evaluating integration safety...
    ⏸️  Manual review needed: This involves financial data monitoring, trading automation, API key management, and external service dependencies. The code examples include infinite loops, external API calls, and webhook integrations that could pose security risks, rate limiting issues, and financial exposure. Additionally, cryptocurrency monitoring systems require careful testing, compliance considerations, and robust error handling that cannot be safely automated without human oversight.
  Question 4: What filtering mechanisms should be built to automatically c...
    Found 2 potential answers
  Phase 8: IMPROVE - Evaluating integration safety...
    ⏸️  Manual review needed: This involves complex filtering mechanisms including ML-based bot detection, sentiment analysis, and behavioral pattern recognition that could filter out legitimate signals or create false positives. The system needs extensive backtesting to ensure it doesn't inadvertently block valuable trading signals. Additionally, implementing automated content filtering and bot detection requires careful calibration to avoid over-filtering during volatile market conditions where legitimate urgent signals might appear 'bot-like' due to timing patterns.
  Question 5: How can we integrate direct market data feeds and on-chain a...
    Found 1 potential answers
  Phase 8: IMPROVE - Evaluating integration safety...
    ⏸️  Manual review needed: This involves financial trading signals, API integrations with real money implications, blockchain data processing, and complex system architecture. The response includes code examples and trading strategies that could lead to financial losses if implemented incorrectly. Additionally, it requires external API keys, real-time data feeds, and integration with trading platforms - all of which need careful security review and testing. The complexity and financial risk make this unsuitable for automatic integration.
  Question 6: What success metrics and feedback loops should be implemente...
    Found 1 potential answers
  Phase 8: IMPROVE - Evaluating integration safety...
    ⏸️  Manual review needed: This involves fundamental changes to trading infrastructure including database systems, real-time monitoring, automated trade execution tracking, and financial performance calculations. Implementing these changes automatically could disrupt existing trading operations, introduce calculation errors that affect trading decisions, or create security vulnerabilities in financial data handling. Each component (metrics calculation, feedback loops, database integration) needs careful testing and validation before deployment.

======================================================================
Cycle 63 complete
Next cycle in 10 minutes...
======================================================================

Sleeping for 7m 10s...
(Press Ctrl+C to stop)


======================================================================
CONTINUOUS IMPROVER - CYCLE 64
2026-01-29 16:57:50
======================================================================

Phase 1: PERCEIVE - Analyzing current performance...
  Trading: 35 cycles
  Signals: active
  System: running

Phase 4: QUESTION - Generating improvement questions...
  Generated 5 questions:
    1. Why has the last trading cycle been stale for over 10 hours (timestamp shows 2026-01-29T05:50:22 vs current 16:57:50) - should I increase scan frequency or add real-time data feeds to catch faster market movements?
    2. My recent analysis shows "PASS" recommendations due to "social noise, not signals" - how can I better filter high-quality alpha from low-quality hype by weighting sources differently or adding on-chain validation triggers?
    3. I'm averaging 4.0 signals per cycle but finding "zero edge" - should I reduce signal volume and focus on fewer, higher-conviction opportunities with specific entry/exit criteria rather than monitoring plays?
    4. My analysis mentions watching for "$HYPER >10% 15m wick + whale txns" but I'm not actively monitoring these conditions - how can I implement automated alerts for the specific technical and on-chain triggers I identify?
    5. I'm analyzing 126 total bookmarks but recent cycles show repetitive low-quality signals - should I audit and prune my bookmark sources, or add new data streams like DEX orderbooks, whale wallet trackers, or options flow?

Phase 3: LEARN - Searching for answers...
  Question 1: Why has the last trading cycle been stale for over 10 hours ...
    Found 2 potential answers
  Phase 8: IMPROVE - Evaluating integration safety...
    ⏸️  Manual review needed: The 10+ hour stale timestamp indicates a system failure, not a frequency issue. Increasing scan frequency on a broken connection could worsen rate limiting or mask the underlying problem. The stable 4.0 signals per cycle suggests the system was working normally before the failure. This requires diagnostic investigation, not automatic parameter changes.
  Question 2: My recent analysis shows "PASS" recommendations due to "soci...
    Found 2 potential answers
  Phase 8: IMPROVE - Evaluating integration safety...
    ⏸️  Manual review needed: This involves complex scoring algorithms that could filter out legitimate alpha or let through false signals if weights/thresholds are incorrectly set. Source credibility assessment requires subjective judgment and domain expertise. On-chain validation integration needs careful testing to avoid false positives/negatives. The financial impact of wrong filtering decisions is significant.
  Question 3: I'm averaging 4.0 signals per cycle but finding "zero edge" ...
    Found 1 potential answers
  Phase 8: IMPROVE - Evaluating integration safety...
    ⏸️  Manual review needed: This involves fundamental changes to trading strategy including signal filtering, entry/exit criteria, and position sizing. The current zero edge with 4.0 signals suggests systematic issues that require careful analysis. Automated integration could worsen performance or introduce new risks without proper validation. Changes to trading logic, risk management parameters, and signal thresholds must be thoroughly tested and validated before implementation.
  Question 4: My analysis mentions watching for "$HYPER >10% 15m wick + wh...
    Found 1 potential answers
  Phase 8: IMPROVE - Evaluating integration safety...
    ⏸️  Manual review needed: This involves multiple high-risk factors: 1) Financial trading automation that could trigger unintended trades, 2) Integration with external APIs requiring API keys and authentication, 3) Custom Python code development with market data access, 4) Real-time monitoring systems that could generate spam or false alerts, 5) Webhook integrations that could be exploited, 6) Potential regulatory compliance issues with automated trading alerts, 7) Cost implications from premium API subscriptions. This requires careful manual setup, testing, and security review before implementation.
  Question 5: I'm analyzing 126 total bookmarks but recent cycles show rep...
    Found 2 potential answers
  Phase 8: IMPROVE - Evaluating integration safety...
    ⏸️  Manual review needed: This involves fundamental changes to data sources and signal processing that could significantly impact trading decisions. The pruning of existing sources and addition of new data streams (DEX orderbooks, whale trackers, options flow) requires careful analysis of each source's historical performance, proper API integration, rate limiting considerations, and extensive backtesting. Automatic integration could remove valuable signals or introduce unreliable data sources without proper validation.

======================================================================
Cycle 64 complete
Next cycle in 10 minutes...
======================================================================

Sleeping for 7m 50s...
(Press Ctrl+C to stop)


======================================================================
CONTINUOUS IMPROVER - CYCLE 65
2026-01-29 17:07:50
======================================================================

Phase 1: PERCEIVE - Analyzing current performance...
  Trading: 35 cycles
  Signals: active
  System: running

Phase 4: QUESTION - Generating improvement questions...
  Generated 5 questions:
    1. Why hasn't the trading analysis been updated in over 11 hours despite 30+ system cycles running - is the signal detection pipeline broken or are we missing fresh market data feeds?
    2. How can we add real-time price action and volume data integration to replace the current reliance on pure social sentiment, given the last analysis explicitly noted "no TA/volume/OHLCV data" as a critical weakness?
    3. What additional high-signal data sources beyond Twitter bookmarks should we integrate - such as on-chain whale tracking, DEX arbitrage opportunities, or options flow data - to increase the 4.0 average signals per cycle with higher quality inputs?
    4. Should we implement tiered scanning frequencies where low-volatility periods trigger every 30-60 minutes but breaking news, volume spikes, or whale movements trigger immediate sub-5-minute analysis cycles?
    5. How can we build automated backtesting of our "PASS" recommendations to validate whether our risk-averse approach is missing profitable opportunities, especially for the AI/DeFi narrative trades we've been avoiding?

Phase 3: LEARN - Searching for answers...
  Question 1: Why hasn't the trading analysis been updated in over 11 hour...
    Found 1 potential answers
  Phase 8: IMPROVE - Evaluating integration safety...
    ⏸️  Manual review needed: This involves a live trading system with financial implications. The response indicates a critical system failure (11+ hours without updates despite active cycles) that could result in missed trades, financial losses, or incorrect market positions. Automated integration of troubleshooting steps could disrupt active trading operations, modify critical financial algorithms, or interfere with real-time market data feeds. This requires immediate human expertise to diagnose root cause and implement fixes safely.
  Question 2: How can we add real-time price action and volume data integr...
    Found 1 potential answers
  Phase 8: IMPROVE - Evaluating integration safety...
    ⏸️  Manual review needed: This improvement involves fundamental architecture changes: adding real-time data streams, integrating multiple APIs, modifying core ML models, and changing the decision-making logic from sentiment-only to hybrid technical analysis. These changes could break existing functionality, introduce new failure points, affect system performance, and require extensive testing. The integration of financial APIs also introduces new dependencies and potential rate limiting issues. This is a major enhancement that needs careful planning, not automatic integration.
  Question 3: What additional high-signal data sources beyond Twitter book...
    Found 2 potential answers
  Phase 8: IMPROVE - Evaluating integration safety...
    ⏸️  Manual review needed: This involves major system changes including new API integrations, data pipelines, real-time feeds, and algorithmic scoring systems. Each data source (on-chain, options flow, GitHub APIs) has different rate limits, costs, and failure modes. Automatic integration could break existing systems, introduce data quality issues, or create expensive API overages. The signal scoring framework and anomaly detection require careful calibration to avoid false signals that could trigger bad trades.
  Question 4: Should we implement tiered scanning frequencies where low-vo...
    Found 2 potential answers
  Phase 8: IMPROVE - Evaluating integration safety...
    ⏸️  Manual review needed: While the tiered scanning concept is sound, automatic integration poses risks: 1) Resource consumption could spike unpredictably during high-volatility periods, 2) Trigger thresholds need calibration against historical data to avoid false positives, 3) The current stable 4.0 signals per cycle baseline could be disrupted, 4) Event detection logic (whale movements, news triggers) requires external data feeds that need validation, 5) Sub-5-minute cycles could overwhelm downstream systems. The improvement has merit but needs staged implementation with monitoring.
  Question 5: How can we build automated backtesting of our "PASS" recomme...
    Found 1 potential answers
  Phase 8: IMPROVE - Evaluating integration safety...
    ⏸️  Manual review needed: This is a comprehensive research framework rather than an automated solution. It requires: 1) Manual evaluation of multiple GitHub repositories and tools, 2) Community engagement across platforms like Reddit/Discord, 3) Strategic decisions about data sources and metrics, 4) Custom implementation of backtesting logic, 5) Potential financial risk if automated incorrectly. The response provides valuable guidance but cannot be automatically integrated - it needs human judgment to select appropriate tools, validate methodologies, and ensure the backtesting framework aligns with the specific investment strategy and risk tolerance.

======================================================================
Cycle 65 complete
Next cycle in 10 minutes...
======================================================================

Sleeping for 7m 56s...
(Press Ctrl+C to stop)


======================================================================
CONTINUOUS IMPROVER - CYCLE 66
2026-01-29 17:17:51
======================================================================

Phase 1: PERCEIVE - Analyzing current performance...
  Trading: 35 cycles
  Signals: active
  System: running

Phase 4: QUESTION - Generating improvement questions...
  Generated 5 questions:
    1. Why haven't I executed a new trading cycle in over 11 hours, and what systematic issues are preventing fresh signal generation and analysis?
    2. How can I improve signal quality beyond the current 4.0 average when my last analysis showed "zero edge" and pure social noise - should I add on-chain data feeds, technical indicators, or whale wallet tracking APIs?
    3. What specific data sources should I integrate to get actionable 15-minute opportunities instead of constantly recommending "PASS" - real-time orderbook data, volume spike alerts, or cross-exchange arbitrage scanners?
    4. How can I reduce the lag between signal detection and analysis from the current 11+ hour delay to under 5 minutes for true alpha capture in fast-moving markets?
    5. Should I implement automated position sizing and risk management beyond the manual "0.5% max portfolio" recommendations to actually execute trades rather than just analyze signals?

Phase 3: LEARN - Searching for answers...
  Question 1: Why haven't I executed a new trading cycle in over 11 hours,...
    Found 1 potential answers
  Phase 8: IMPROVE - Evaluating integration safety...
    ⏸️  Manual review needed: This indicates a critical system failure affecting live trading operations. The answer provides diagnostic guidance but doesn't contain any specific code or configuration changes that could be automatically integrated. The trading system appears to be down or malfunctioning, requiring immediate human intervention to identify root cause (API failures, resource issues, signal generation problems, etc.) and restore functionality. Automated integration could potentially interfere with manual troubleshooting efforts.
  Question 2: How can I improve signal quality beyond the current 4.0 aver...
    Found 2 potential answers
  Phase 8: IMPROVE - Evaluating integration safety...
    ⏸️  Manual review needed: Adding new data feeds (on-chain APIs, whale tracking) introduces external dependencies, potential API rate limits, and data quality risks. Signal quality improvements require careful backtesting and validation to avoid overfitting or introducing new biases. The current 'zero edge' state suggests the existing model needs fundamental review before adding complexity. Automated integration could amplify existing problems or create new failure modes without proper validation.
  Question 3: What specific data sources should I integrate to get actiona...
    Found 2 potential answers
  Phase 8: IMPROVE - Evaluating integration safety...
    ⏸️  Manual review needed: This involves major system architecture changes including new data feeds, API integrations, potential costs, and algorithm modifications. The suggestion includes real-time trading APIs, new data sources (Polygon.io, IEX, etc.), and significant code changes to signal generation logic. Such changes could introduce latency, data quality issues, API failures, or false signals that could cause financial losses. Additionally, the current system shows stable performance (4.0 signals per cycle), so major changes should be carefully tested offline first.
  Question 4: How can I reduce the lag between signal detection and analys...
    Found 1 potential answers
  Phase 8: IMPROVE - Evaluating integration safety...
    ⏸️  Manual review needed: This involves fundamental changes to trading infrastructure that could impact financial performance. The proposed changes include: 1) Complete infrastructure overhaul (messaging systems, databases, edge computing), 2) Programming language migrations (Rust, C++), 3) Hardware changes (FPGA deployment), 4) Real-time ML model deployment, and 5) Network architecture modifications. Each change introduces potential points of failure that could result in missed trades, incorrect signals, or system downtime in fast-moving markets. The financial impact of errors in a sub-5-minute alpha capture system could be substantial. This requires careful planning, extensive testing in non-production environments, gradual rollout, and comprehensive monitoring before any automated integration.
  Question 5: Should I implement automated position sizing and risk manage...
    Found 1 potential answers
  Phase 8: IMPROVE - Evaluating integration safety...
    ⏸️  Manual review needed: Automated trading execution involves significant financial, technical, and regulatory risks. The system could execute unintended trades, violate position limits, or fail during market volatility. Implementation requires kill switches, extensive backtesting, compliance checks, and should start with paper trading. This is fundamentally different from signal analysis and requires human oversight at every step.

======================================================================
Cycle 66 complete
Next cycle in 10 minutes...
======================================================================

Sleeping for 7m 56s...
(Press Ctrl+C to stop)


======================================================================
CONTINUOUS IMPROVER - CYCLE 67
2026-01-29 17:27:52
======================================================================

Phase 1: PERCEIVE - Analyzing current performance...
  Trading: 35 cycles
  Signals: active
  System: running

Phase 4: QUESTION - Generating improvement questions...
  Generated 5 questions:
    1. Why has the trading cycle been stuck at cycle 5 for over 11 hours without new analysis, and what system changes are needed to ensure continuous signal processing and fresh market analysis?
    2. How can I improve signal quality beyond the current 4.0 average when the last analysis shows "zero edge" and recommends PASS on all opportunities - should I diversify data sources beyond bookmarks or adjust signal filtering criteria?
    3. What specific on-chain data feeds and real-time price/volume APIs should I integrate to move beyond "pure narrative hype" and capture actionable opportunities with verifiable market data?
    4. How can I reduce the time gap between signal detection and analysis from the current 11+ hour delay to achieve the target 15-minute opportunity windows mentioned in my analysis framework?
    5. What additional market sectors, trading pairs, or signal types should I monitor beyond the current AI/crypto niche focus to increase the probability of finding tradeable opportunities during low-activity periods?

Phase 3: LEARN - Searching for answers...
  Question 1: Why has the trading cycle been stuck at cycle 5 for over 11 ...
    Found 1 potential answers
  Phase 8: IMPROVE - Evaluating integration safety...
    ⏸️  Manual review needed: The answer provides general troubleshooting guidance but doesn't identify the actual cause of the 11-hour stuck cycle. Automatically implementing suggested changes like circuit breakers or restart mechanisms without diagnosing the root cause could mask critical issues, potentially cause data loss, interrupt active trades, or create cascading system failures. The stuck cycle indicates a serious system problem that needs human analysis first.
  Question 2: How can I improve signal quality beyond the current 4.0 aver...
    Found 2 potential answers
  Phase 8: IMPROVE - Evaluating integration safety...
    ⏸️  Manual review needed: Signal quality changes directly impact trading decisions and capital allocation. The 'zero edge' finding and 'all PASS' recommendations suggest fundamental issues with current methodology that could lead to missed opportunities or false signals. Adding multiple data sources, changing filtering criteria, or implementing ensemble methods without proper validation could introduce significant systematic risk, overfitting, or correlation breakdowns during market stress. These changes require extensive backtesting, gradual rollout, and human oversight to ensure they improve rather than degrade performance.
  Question 3: What specific on-chain data feeds and real-time price/volume...
    Found 1 potential answers
  Phase 8: IMPROVE - Evaluating integration safety...
    ⏸️  Manual review needed: This involves: 1) Multiple paid API integrations with rate limits and costs, 2) Financial trading strategies that could result in monetary loss, 3) Complex data pipelines requiring validation logic, 4) External dependencies on third-party services, 5) No specific code provided - only high-level recommendations requiring significant custom development. This requires careful planning, testing, and risk management that cannot be safely automated.
  Question 4: How can I reduce the time gap between signal detection and a...
    Found 1 potential answers
  Phase 8: IMPROVE - Evaluating integration safety...
    ⏸️  Manual review needed: This involves major infrastructure changes that could affect critical trading systems. Moving from 11+ hour delays to 15-minute windows requires fundamental architecture changes (streaming systems, real-time databases, model optimization) that must be carefully planned, tested, and implemented incrementally. Automatic integration could disrupt existing operations, introduce new failure points, or compromise data integrity. This needs human oversight for risk assessment, phased rollout planning, and thorough testing.
  Question 5: What additional market sectors, trading pairs, or signal typ...
    Found 1 potential answers
  Phase 8: IMPROVE - Evaluating integration safety...
    ⏸️  Manual review needed: This response provides strategic market expansion advice that involves: 1) Adding new asset classes and data sources which could significantly change risk profile, 2) Implementing new trading strategies across different markets with different characteristics, 3) Setting up new data feeds that may have costs and integration complexity, 4) Modifying core trading algorithms and backtesting frameworks. These changes require careful human evaluation of risk tolerance, capital allocation, regulatory compliance, and technical implementation feasibility.

======================================================================
Cycle 67 complete
Next cycle in 10 minutes...
======================================================================

Sleeping for 0m 0s...
(Press Ctrl+C to stop)


======================================================================
CONTINUOUS IMPROVER - CYCLE 68
2026-01-29 17:52:48
======================================================================

Phase 1: PERCEIVE - Analyzing current performance...
  Trading: 35 cycles
  Signals: active
  System: running

Phase 4: QUESTION - Generating improvement questions...
  Generated 7 questions:
    1. Why has the trading cycle been stalled at cycle 5 for over 12 hours with no new analysis since 05:50:22, and what systematic failure is preventing fresh signal processing?
    2. How can I dramatically improve signal quality when the last analysis showed zero actionable opportunities and explicitly recommended "PASS" on all 4 signals due to pure narrative hype?
    3. What additional real-time data sources (price feeds, volume scanners, on-chain analytics, orderbook data) should I integrate to move beyond social sentiment analysis and capture actual tradeable edge?
    4. How can I implement faster signal validation by cross-referencing social signals with immediate price/volume confirmation within 60 seconds instead of waiting for 15-minute opportunities that never materialize?
    5. What automated filtering criteria should I develop to eliminate low-quality "self-promo" and "pump" signals before they reach the analysis stage, given that 4/4 recent signals were flagged as noise?
    6. How can I add position tracking and P&L analysis to measure actual trading performance rather than just signal generation statistics?
    7. What trigger mechanisms should I implement to automatically increase scan frequency during high-volatility periods or when whale movements are detected?

Phase 3: LEARN - Searching for answers...
  Question 1: Why has the trading cycle been stalled at cycle 5 for over 1...
    Found 1 potential answers
  Phase 8: IMPROVE - Evaluating integration safety...
    ⏸️  Manual review needed: This is not an improvement to integrate but rather a diagnostic response to a critical trading system failure. The system is stuck and potentially losing trading opportunities or money. This requires immediate manual intervention by a qualified system administrator or developer who can access logs, check system status, and safely restart or repair the trading pipeline. Automated integration could interfere with active troubleshooting or make the problem worse.
  Question 2: How can I dramatically improve signal quality when the last ...
    Found 2 potential answers
  Phase 8: IMPROVE - Evaluating integration safety...
    ⏸️  Manual review needed: The suggestions involve fundamental changes to signal generation methodology including new data sources, ML models, and scoring systems. Automatic integration could introduce new failure modes, data quality issues, or false signals. The 'narrative hype' problem suggests the current system lacks proper validation layers - adding complexity without understanding root causes could worsen signal quality rather than improve it. This requires human oversight to design proper A/B testing, validate new data sources, and ensure any changes actually address the specific reasons why previous signals were deemed 'PASS'.
  Question 3: What additional real-time data sources (price feeds, volume ...
    Found 2 potential answers
  Phase 8: IMPROVE - Evaluating integration safety...
    ⏸️  Manual review needed: This involves major architectural changes to trading systems including new data sources, API integrations, model changes, and trading logic modifications. Financial trading systems require extensive testing, regulatory compliance checks, and gradual rollout. The suggestions include complex ML models, multi-exchange integrations, and real-money trading decisions that could result in significant financial losses if implemented incorrectly. Each data source and model change needs individual validation, backtesting, and risk assessment.
  Question 4: How can I implement faster signal validation by cross-refere...
    Found 1 potential answers
  Phase 8: IMPROVE - Evaluating integration safety...
    ⏸️  Manual review needed: This involves real-time trading decisions with financial implications, requires external API integrations with rate limits and costs, introduces complex multi-source data dependencies, needs extensive backtesting and validation, and could cause significant financial losses if automated incorrectly. The 60-second validation window creates high-frequency trading scenarios that require careful risk management and regulatory compliance considerations.
  Question 5: What automated filtering criteria should I develop to elimin...
    Found 2 potential answers
  Phase 8: IMPROVE - Evaluating integration safety...
    ⏸️  Manual review needed: While the filtering criteria are sound, implementing aggressive automated filtering without human oversight could: 1) Create false positives that eliminate legitimate signals, 2) Introduce bias in the filtering algorithms, 3) Require significant code changes to existing signal processing pipeline, 4) Need threshold tuning based on actual data patterns. The 100% noise rate suggests the current sourcing strategy needs fundamental review, not just automated filtering.
  Question 6: How can I add position tracking and P&L analysis to measure ...
    Found 1 potential answers
  Phase 8: IMPROVE - Evaluating integration safety...
    ⏸️  Manual review needed: This is a comprehensive system architecture change requiring: 1) Database schema modifications for position tracking, 2) Real-time data integration with broker APIs, 3) Complex financial calculations for P&L analysis, 4) Risk management system integration, 5) Real money trading implications. The answer provides research guidance rather than implementable code, and involves financial risk that requires careful manual design and testing.
  Question 7: What trigger mechanisms should I implement to automatically ...
    Found 2 potential answers
  Phase 8: IMPROVE - Evaluating integration safety...
    ⏸️  Manual review needed: While the trigger mechanisms are well-designed, implementing dynamic scan frequency changes involves significant risks: 1) API rate limit violations during high-frequency periods could cause service disruption, 2) Cascading triggers could create resource exhaustion, 3) False positives could waste computational resources, 4) The system needs proper cooling-down mechanisms and circuit breakers, 5) Current stable performance (4.0 signals per cycle) suggests existing frequency is adequate. This requires phased implementation with extensive testing rather than automatic integration.

======================================================================
Cycle 68 complete
Next cycle in 10 minutes...
======================================================================

Sleeping for 6m 44s...
(Press Ctrl+C to stop)


======================================================================
CONTINUOUS IMPROVER - CYCLE 69
2026-01-29 18:02:49
======================================================================

Phase 1: PERCEIVE - Analyzing current performance...
  Trading: 35 cycles
  Signals: active
  System: running

Phase 4: QUESTION - Generating improvement questions...
  Generated 5 questions:
    1. Why has the trading cycle been stuck at cycle 5 since January 29th at 05:50 - is there a bug preventing new trading cycles from executing, or are we not finding any actionable signals worth trading?
    2. With 126 bookmarks analyzed but consistently getting "social noise, not signals" - should we expand beyond Twitter bookmarks to include on-chain data feeds, order book APIs, or whale alert services for higher-quality signals?
    3. The last analysis showed we're waiting for "$HYPER >10% 15m wick + whale txns" - do we have automated monitoring for these specific triggers, or are we missing opportunities because we're only checking every 10+ minutes instead of real-time?
    4. Given that we're consistently seeing "pure narrative hype, no TA/volume/OHLCV data" - should we integrate direct market data APIs (like Binance, Coinbase, Dexscreener) to validate social signals with actual price/volume confirmation?
    5. Our risk assessment recommends "Max 0.5% portfolio if trading hype; use 5x leverage cap" - but do we have any actual position tracking or P&L monitoring to measure if our conservative approach is missing profitable opportunities?

Phase 3: LEARN - Searching for answers...
  Question 1: Why has the trading cycle been stuck at cycle 5 since Januar...
    Found 1 potential answers
  Phase 8: IMPROVE - Evaluating integration safety...
    ⏸️  Manual review needed: This indicates a potential system malfunction where trading cycles haven't advanced for days. Automatic integration could worsen the problem or mask critical issues. The response provides debugging guidance but doesn't identify the specific cause. Trading system issues require careful human analysis to avoid financial losses or system damage.
  Question 2: With 126 bookmarks analyzed but consistently getting "social...
    Found 2 potential answers
  Phase 8: IMPROVE - Evaluating integration safety...
    ⏸️  Manual review needed: This involves major system changes including: 1) New external API dependencies (whale alerts, on-chain data, order books) that could fail or provide bad data, 2) Fundamental changes to signal processing logic and weighting systems, 3) Potential for conflicting signals between social and on-chain data, 4) Financial risk if new signal sources are unreliable or manipulated, 5) Need to validate historical performance of proposed sources before live trading integration
  Question 3: The last analysis showed we're waiting for "$HYPER >10% 15m ...
    Found 1 potential answers
  Phase 8: IMPROVE - Evaluating integration safety...
    ⏸️  Manual review needed: This involves fundamental changes to monitoring infrastructure with real-time trading implications. WebSocket connections, high-frequency data processing, and automated triggers based on whale transactions could lead to false signals, API overload, system instability, or unintended trades. The combination of price action + on-chain data creates complex dependencies that need thorough testing. Financial automation changes require manual validation of all components before deployment.
  Question 4: Given that we're consistently seeing "pure narrative hype, n...
    Found 1 potential answers
  Phase 8: IMPROVE - Evaluating integration safety...
    ⏸️  Manual review needed: This improvement involves multiple high-risk elements: 1) External API dependencies that could fail or change, 2) Financial data integration that affects trading decisions, 3) Complex technical analysis logic that needs validation, 4) Rate limiting and data quality concerns, 5) Requires new infrastructure (databases, WebSocket connections), 6) Changes core trading signal validation logic, 7) Needs extensive backtesting before deployment. This is a major feature addition, not a simple integration.
  Question 5: Our risk assessment recommends "Max 0.5% portfolio if tradin...
    Found 1 potential answers
  Phase 8: IMPROVE - Evaluating integration safety...
    ⏸️  Manual review needed: This involves fundamental changes to risk management and position sizing strategies that could significantly impact portfolio performance. The response suggests modifying core risk parameters (0.5% allocation rule, 5x leverage cap) and implementing new tracking systems without understanding the current system's architecture or existing safeguards. Any changes to position sizing or leverage rules require extensive backtesting, risk analysis, and gradual implementation with human oversight. Additionally, the response lacks specific implementation details and actual data analysis of current performance vs missed opportunities.

======================================================================
Cycle 69 complete
Next cycle in 10 minutes...
======================================================================

Sleeping for 8m 15s...
(Press Ctrl+C to stop)


======================================================================
CONTINUOUS IMPROVER - CYCLE 70
2026-01-29 18:12:49
======================================================================

Phase 1: PERCEIVE - Analyzing current performance...
  Trading: 35 cycles
  Signals: active
  System: running

Phase 4: QUESTION - Generating improvement questions...
  Generated 5 questions:
    1. Why has the system been stuck on cycle 5 for over 12 hours without processing new trading cycles - is the trading loop broken or are we not finding actionable signals?
    2. How can we improve signal filtration to move beyond "social noise" and identify higher-quality alpha sources that have actual price correlation and verifiable on-chain data?
    3. Should we integrate real-time price feeds and technical analysis tools to validate social signals against actual market movements before marking opportunities as "PASS"?
    4. What additional data sources beyond bookmarks could we tap into for faster signal discovery - DEX aggregators, whale alert APIs, options flow, or insider transaction trackers?
    5. How can we reduce the lag between signal detection and analysis - could we implement tiered urgency levels where high-conviction signals get immediate deep analysis while low-quality signals get filtered out faster?

Phase 3: LEARN - Searching for answers...
  Question 1: Why has the system been stuck on cycle 5 for over 12 hours w...
    Found 1 potential answers
  Phase 8: IMPROVE - Evaluating integration safety...
    ⏸️  Manual review needed: This is a critical trading system issue that requires immediate manual diagnosis. The system being stuck for 12+ hours indicates a potentially serious problem that could affect live trading positions or capital. Automated changes without understanding the root cause could worsen the situation, potentially causing financial losses, disrupting active trades, or masking underlying system failures. The suggested diagnostic steps (logging, circuit breakers, health checks) are valuable but must be implemented carefully after proper investigation.
  Question 2: How can we improve signal filtration to move beyond "social ...
    Found 2 potential answers
  Phase 8: IMPROVE - Evaluating integration safety...
    ⏸️  Manual review needed: This involves major architectural changes including new data sources (blockchain APIs), AI/ML models, database schema changes, and complex correlation algorithms. Each component introduces potential points of failure, API rate limits, data quality issues, and financial risk if signal scoring is incorrect. The system would need extensive backtesting, gradual rollout, and human oversight before being trusted for automated trading decisions.
  Question 3: Should we integrate real-time price feeds and technical anal...
    Found 2 potential answers
  Phase 8: IMPROVE - Evaluating integration safety...
    ⏸️  Manual review needed: This involves real-time financial data integration, automated trading decisions, and complex multi-signal validation that could lead to significant financial losses if implemented incorrectly. The integration requires: 1) External API dependencies for price feeds, 2) Complex logic for combining social and technical signals, 3) Real-time decision making that affects trading outcomes, 4) Potential for false signals leading to bad trades. While the GitHub repos show this is technically feasible, the financial risk and complexity require extensive testing, validation, and human oversight before any automation.
  Question 4: What additional data sources beyond bookmarks could we tap i...
    Found 1 potential answers
  Phase 8: IMPROVE - Evaluating integration safety...
    ⏸️  Manual review needed: Multiple high-risk factors: 1) Financial data integration with real money implications, 2) Multiple external API dependencies with different rate limits and costs, 3) Premium services requiring paid subscriptions, 4) Potential regulatory compliance issues with insider trading data, 5) Complex multi-modal data fusion requiring extensive testing, 6) Whale wallet monitoring could have privacy implications. This is a major system expansion requiring careful architecture planning and risk management.
  Question 5: How can we reduce the lag between signal detection and analy...
    Found 2 potential answers
  Phase 8: IMPROVE - Evaluating integration safety...
    ⏸️  Manual review needed: This involves fundamental changes to signal processing architecture including new ML models for signal scoring, queue prioritization systems, and stream processing frameworks. These changes could affect trade execution timing, introduce new failure modes in queue management, create data race conditions, or cause signal loss if filtering is too aggressive. The complexity of implementing Apache Kafka partitioning, Redis streams, and GPU acceleration for priority signals requires careful testing to avoid system instability or missed trading opportunities.

======================================================================
Cycle 70 complete
Next cycle in 10 minutes...
======================================================================

Sleeping for 8m 8s...
(Press Ctrl+C to stop)


======================================================================
CONTINUOUS IMPROVER - CYCLE 71
2026-01-29 18:22:49
======================================================================

Phase 1: PERCEIVE - Analyzing current performance...
  Trading: 35 cycles
  Signals: active
  System: running

Phase 4: QUESTION - Generating improvement questions...
  Generated 5 questions:
    1. Why hasn't the trading cycle advanced beyond cycle 5 from 12+ hours ago, and what's blocking new signal generation despite 11.8 hours of uptime?
    2. How can I distinguish between "pure narrative hype" and actionable social signals that actually precede price movements, given I'm currently passing on all opportunities?
    3. What specific on-chain data sources and real-time price feeds should I integrate to validate social signals within the 15-minute execution window I'm targeting?
    4. Should I adjust my risk threshold from the current ultra-conservative 0.5% max position sizing to capture more edge, or implement a tiered confidence scoring system for different trade sizes?
    5. How can I optimize the bookmark analysis frequency and expand beyond the current 126 bookmarks to capture faster-moving alpha before it becomes "social noise"?

Phase 3: LEARN - Searching for answers...
  Question 1: Why hasn't the trading cycle advanced beyond cycle 5 from 12...
    Found 1 potential answers
  Phase 8: IMPROVE - Evaluating integration safety...
    ⏸️  Manual review needed: Trading systems require extreme caution - automated changes without understanding root cause could disrupt live trading, cause financial losses, or mask critical system failures. The stuck cycle could indicate data corruption, API issues, or logic errors that need human analysis first.
  Question 2: How can I distinguish between "pure narrative hype" and acti...
    Found 1 potential answers
  Phase 8: IMPROVE - Evaluating integration safety...
    ⏸️  Manual review needed: This involves financial trading decisions and requires: 1) API integrations with external services that need authentication/payment, 2) Custom development of sentiment analysis tools, 3) Personal risk tolerance calibration, 4) Real-time data processing that could impact trading decisions. The response provides frameworks but implementation requires significant human oversight and customization.
  Question 3: What specific on-chain data sources and real-time price feed...
    Found 1 potential answers
  Phase 8: IMPROVE - Evaluating integration safety...
    ⏸️  Manual review needed: This involves integrating multiple external APIs with financial implications, real-time trading decisions, and complex data validation logic. The 15-minute execution window for trading based on social signals carries significant financial risk. Requires: 1) API key management and rate limits, 2) Cost analysis for premium data feeds, 3) Latency testing and failover mechanisms, 4) Custom validation logic development, 5) Risk management framework implementation, 6) Backtesting before live deployment. The complexity and financial exposure make manual review and staged implementation essential.
  Question 4: Should I adjust my risk threshold from the current ultra-con...
    Found 1 potential answers
  Phase 8: IMPROVE - Evaluating integration safety...
    ⏸️  Manual review needed: Position sizing changes directly affect capital at risk and portfolio performance. The answer provides theoretical frameworks but lacks specific validation for the user's strategy, market conditions, and risk tolerance. Automatic integration could lead to significant losses if the new sizing proves suboptimal. This requires careful backtesting, gradual implementation, and continuous monitoring of key metrics like Sharpe ratio and maximum drawdown.
  Question 5: How can I optimize the bookmark analysis frequency and expan...
    Found 2 potential answers
  Phase 8: IMPROVE - Evaluating integration safety...
    ⏸️  Manual review needed: This involves significant system changes that could impact trading performance: 1) Expanding beyond current 126 bookmarks requires source validation and quality control, 2) Increasing frequency could hit rate limits or degrade signal quality, 3) 'Alpha capture before social noise' suggests trading on early information which needs careful risk management, 4) Current 4.0 signals per cycle baseline could be disrupted, 5) No specific technical implementation provided to evaluate safety

======================================================================
Cycle 71 complete
Next cycle in 10 minutes...
======================================================================

Sleeping for 8m 24s...
(Press Ctrl+C to stop)


======================================================================
CONTINUOUS IMPROVER - CYCLE 72
2026-01-29 18:32:49
======================================================================

Phase 1: PERCEIVE - Analyzing current performance...
  Trading: 35 cycles
  Signals: active
  System: running

Phase 4: QUESTION - Generating improvement questions...
  Generated 5 questions:
    1. Why has there been no new trading cycle for over 12 hours (last cycle at 05:50, now 18:32) - is the bookmark scanning stuck, are signals not meeting quality thresholds, or is there a system bottleneck preventing fresh analysis?
    2. How can I validate the accuracy of my "PASS" recommendations - am I missing profitable opportunities by being overly conservative, or are these truly low-edge setups that would lose money?
    3. What specific on-chain data sources and APIs should I integrate to replace reliance on "unverified" social signals - DEX volume APIs, whale wallet tracking, orderbook analysis, or real-time price feeds?
    4. How can I reduce the 15+ minute lag between signal detection and actionable analysis - should I implement streaming data, pre-filter bookmarks by engagement metrics, or prioritize certain signal types?
    5. What backtesting framework should I build to measure actual performance of my recommendations against market outcomes, rather than just counting cycles and signal volume?

Phase 3: LEARN - Searching for answers...
  Question 1: Why has there been no new trading cycle for over 12 hours (l...
    Found 2 potential answers
  Phase 8: IMPROVE - Evaluating integration safety...
    ⏸️  Manual review needed: This appears to be a system malfunction rather than an improvement request. A 12+ hour gap in trading cycles indicates a serious operational issue that could involve: (1) crashed processes that need restart, (2) stuck scanner threads requiring manual intervention, (3) database connectivity issues, (4) API rate limiting or authentication failures, or (5) resource exhaustion. The internal analysis shows normal signal frequency (4.0/cycle, stable trend) but contradicts the 12-hour gap, suggesting either stale data or monitoring disconnect. Automatically 'integrating' this would be attempting to fix an unknown critical system failure, which could worsen the situation or mask the root cause. This requires immediate human diagnostic intervention to identify and resolve the underlying technical issue.
  Question 2: How can I validate the accuracy of my "PASS" recommendations...
    Found 1 potential answers
  Phase 8: IMPROVE - Evaluating integration safety...
    ⏸️  Manual review needed: The answer is educational/informational only, providing search strategies and methodologies rather than specific code or configuration changes. No automated integration is possible as it requires human judgment to choose and implement specific validation approaches based on the user's trading system and requirements.
  Question 3: What specific on-chain data sources and APIs should I integr...
    Found 1 potential answers
  Phase 8: IMPROVE - Evaluating integration safety...
    ⏸️  Manual review needed: This involves significant system changes including: 1) Integration of multiple third-party APIs with different authentication methods, 2) Implementation of complex data processing pipelines, 3) Development of new signal generation algorithms, 4) Potential financial risk from automated trading decisions based on new data sources, 5) Need for thorough backtesting and validation before deployment. This requires careful manual planning, development, and testing.
  Question 4: How can I reduce the 15+ minute lag between signal detection...
    Found 1 potential answers
  Phase 8: IMPROVE - Evaluating integration safety...
    ⏸️  Manual review needed: This involves major infrastructure changes including new streaming technologies (Kafka, Redis), database architecture modifications, real-time processing pipelines, and AI model optimization. These changes could affect system stability, data integrity, and trading performance. The implementation requires careful planning, testing, and phased rollout to avoid disrupting existing operations. The suggested timeline spans multiple weeks and involves critical trading system components that could impact financial performance if implemented incorrectly.
  Question 5: What backtesting framework should I build to measure actual ...
    Found 1 potential answers
  Phase 8: IMPROVE - Evaluating integration safety...
    ⏸️  Manual review needed: This is a major system overhaul involving: 1) New backtesting architecture requiring event-driven systems, 2) Integration of external frameworks like Zipline/Backtrader, 3) Data pipeline changes for tick-level data and market microstructure, 4) Performance measurement systems that could affect existing metrics, 5) Potential changes to core trading logic and risk management. This is a strategic architectural decision requiring careful planning, testing, and gradual implementation rather than automatic integration.

======================================================================
Cycle 72 complete
Next cycle in 10 minutes...
======================================================================

Sleeping for 7m 50s...
(Press Ctrl+C to stop)


======================================================================
CONTINUOUS IMPROVER - CYCLE 73
2026-01-29 18:42:50
======================================================================

Phase 1: PERCEIVE - Analyzing current performance...
  Trading: 35 cycles
  Signals: active
  System: running

Phase 4: QUESTION - Generating improvement questions...
  Generated 7 questions:
    1. Why hasn't the trading cycle updated in over 12 hours (last cycle at 05:50, current time 18:42) - is the signal detection pipeline broken or stuck?
    2. What specific criteria should I implement to filter out "pure narrative hype" and "social noise" to focus only on signals with verifiable on-chain data or price action?
    3. How can I integrate real-time orderbook data, volume spikes, and OHLCV feeds to validate social signals before analysis, rather than relying solely on bookmark sentiment?
    4. What automated monitoring system should I build to track the Hyperliquid leaderboards, whale transactions, and price movements I mentioned watching manually?
    5. Should I reduce the 15-minute analysis window to 5-minute cycles during high-volatility periods to catch faster-moving opportunities, and how would I detect these periods?
    6. What backtesting framework can I implement to measure whether my "PASS" decisions were correct, and track opportunity cost of missed trades?
    7. How can I add technical analysis capabilities (RSI, volume profile, support/resistance) to complement social sentiment and provide the "TA/volume/OHLCV data" I noted was missing?

Phase 3: LEARN - Searching for answers...
  Question 1: Why hasn't the trading cycle updated in over 12 hours (last ...
    Found 1 potential answers
  Phase 8: IMPROVE - Evaluating integration safety...
    ⏸️  Manual review needed: This is not an improvement to integrate but rather an urgent production issue. A trading cycle stuck for 12+ hours indicates a potential system failure that could result in significant financial losses. The answer provided is generic troubleshooting advice rather than a specific fix. This requires immediate human intervention to diagnose the root cause, check system health, review logs, and potentially restart services. Automated integration would be inappropriate and dangerous for live trading systems.
  Question 2: What specific criteria should I implement to filter out "pur...
    Found 1 potential answers
  Phase 8: IMPROVE - Evaluating integration safety...
    ⏸️  Manual review needed: While the filtering criteria concepts are sound, the response contains several red flags: (1) Claims about 'Late 2025-2026' timeframe suggest outdated or fabricated information, (2) Lists specific GitHub repositories without verification they exist, (3) Provides exact numerical thresholds without context or backtesting data, (4) Mixes legitimate concepts with potentially fictional tools. This requires manual verification of all claimed tools and repositories before any implementation.
  Question 3: How can I integrate real-time orderbook data, volume spikes,...
    Found 1 potential answers
  Phase 8: IMPROVE - Evaluating integration safety...
    ⏸️  Manual review needed: This is not a simple integration but a major system overhaul involving: 1) Multiple new API dependencies with rate limits and costs, 2) Real-time data processing requiring significant infrastructure changes, 3) Complex financial algorithms that need thorough testing, 4) Potential regulatory compliance issues with financial data, 5) High computational and storage costs, 6) Risk of system instability from WebSocket connections and concurrent processing. This requires careful planning, testing, and gradual implementation rather than automatic integration.
  Question 4: What automated monitoring system should I build to track the...
    Found 1 potential answers
  Phase 8: IMPROVE - Evaluating integration safety...
    ⏸️  Manual review needed: This is purely informational/educational content about system architecture and development approaches. There's no actual code, configuration, or tool integration to automatically apply. The user would need to manually build the described system using the provided guidance. While the content itself is safe, it cannot be 'integrated' in an automated way as it's architectural advice rather than implementable code.
  Question 5: Should I reduce the 15-minute analysis window to 5-minute cy...
    Found 1 potential answers
  Phase 8: IMPROVE - Evaluating integration safety...
    ⏸️  Manual review needed: This is a fundamental change to trading strategy timing that could significantly impact performance and risk exposure. Reducing analysis windows from 15 to 5 minutes during volatility increases trade frequency and potential for false signals. The volatility detection logic needs validation, and the strategy requires extensive backtesting across different market conditions. Automatic integration could lead to overtrading, increased transaction costs, and exposure to market noise without proper validation.
  Question 6: What backtesting framework can I implement to measure whethe...
    Found 1 potential answers
  Phase 8: IMPROVE - Evaluating integration safety...
    ⏸️  Manual review needed: This involves creating a complex backtesting system that requires: 1) Major architectural decisions about data storage and tracking, 2) Integration with existing trading systems, 3) Custom metrics and evaluation logic, 4) Historical data handling, 5) Performance and memory considerations for large datasets. The code examples are templates that need significant customization based on specific use cases, trading strategies, and data sources. This is a substantial development project requiring careful planning and testing, not an automated integration.
  Question 7: How can I add technical analysis capabilities (RSI, volume p...
    Found 1 potential answers
  Phase 8: IMPROVE - Evaluating integration safety...
    ⏸️  Manual review needed: This is a major feature enhancement requiring: 1) New external API integrations with financial data providers, 2) Additional Python libraries and dependencies, 3) Complete data pipeline redesign, 4) Machine learning model architecture changes, 5) Feature engineering and backtesting infrastructure. This goes far beyond configuration changes and requires substantial development work, testing, and validation before deployment.

======================================================================
Cycle 73 complete
Next cycle in 10 minutes...
======================================================================

Sleeping for 0m 0s...
(Press Ctrl+C to stop)


======================================================================
CONTINUOUS IMPROVER - CYCLE 74
2026-01-29 19:11:09
======================================================================

Phase 1: PERCEIVE - Analyzing current performance...
  Trading: 35 cycles
  Signals: active
  System: running

Phase 4: QUESTION - Generating improvement questions...
  Generated 5 questions:
    1. Why has the last_cycle timestamp been stuck at "2026-01-29T05:50:22.584898" for over 12 hours while system_health shows 74 cycles completed - is there a data pipeline issue preventing fresh signal analysis?
    2. Given that recent analysis shows "PASS" decisions due to "social noise, not signals," should I integrate real-time price/volume data feeds (like DEXScreener API or CoinGecko) to validate social signals with actual market movements?
    3. How can I improve signal filtering to reduce the 4.0 avg_signals_per_cycle of low-quality "hype tweets" and focus on higher-conviction opportunities with verifiable on-chain data or technical setups?
    4. Should I implement a feedback loop to track the actual performance of my "PASS" vs "TAKE" recommendations over time, and adjust my risk/reward thresholds based on historical win rates?
    5. What additional data sources beyond bookmarks could provide earlier alpha - such as on-chain whale tracking, options flow, funding rates, or social sentiment APIs with better timestamp precision?

Phase 3: LEARN - Searching for answers...
  Question 1: Why has the last_cycle timestamp been stuck at "2026-01-29T0...
    Found 1 potential answers
  Phase 8: IMPROVE - Evaluating integration safety...
    ⏸️  Manual review needed: This is a troubleshooting response for an active production issue, not an improvement. The answer contains diagnostic commands and SQL queries that could affect running systems. Additionally, the timestamp references 2026 which seems anomalous. This requires immediate human attention to diagnose the root cause rather than automated integration.
  Question 2: Given that recent analysis shows "PASS" decisions due to "so...
    Found 1 potential answers
  Phase 8: IMPROVE - Evaluating integration safety...
    ⏸️  Manual review needed: While the concept is sound, this involves: 1) Adding external API dependencies that could fail/change, 2) Modifying core trading signal validation logic which affects position entry/exit decisions, 3) Implementing complex multi-signal correlation algorithms that need backtesting, 4) Potential API rate limits and costs, 5) Need to establish proper thresholds and validation rules through historical analysis. The improvement is valuable but requires careful implementation, testing, and gradual rollout rather than automatic integration.
  Question 3: How can I improve signal filtering to reduce the 4.0 avg_sig...
    Found 2 potential answers
  Phase 8: IMPROVE - Evaluating integration safety...
    ⏸️  Manual review needed: The proposed improvements involve major changes to signal processing logic, new external data dependencies (Dune, Nansen, etc.), complex scoring algorithms, and filtering mechanisms that could significantly alter system behavior. These changes need extensive backtesting, gradual rollout, and manual validation to ensure they improve rather than degrade signal quality. The complexity and scope make automatic integration unsafe.
  Question 4: Should I implement a feedback loop to track the actual perfo...
    Found 1 potential answers
  Phase 8: IMPROVE - Evaluating integration safety...
    ⏸️  Manual review needed: While feedback loops are essential for trading systems, implementing them safely requires careful consideration of data integrity, avoiding overfitting, proper statistical validation, and gradual deployment. The system could potentially degrade performance if not implemented with proper safeguards, risk management, and thorough testing. This is a complex architectural change that needs human oversight to ensure it doesn't introduce biases or create feedback loops that amplify losses.
  Question 5: What additional data sources beyond bookmarks could provide ...
    Found 1 potential answers
  Phase 8: IMPROVE - Evaluating integration safety...
    ⏸️  Manual review needed: This involves: 1) Third-party API integrations with potential costs and rate limits, 2) Financial data that may have regulatory compliance requirements, 3) Complex technical infrastructure changes requiring WebSockets, message queues, and databases, 4) Potential legal/ethical concerns around MEV frontrunning and whale tracking, 5) Security risks from handling financial data and trading signals. Each data source needs individual evaluation for reliability, cost, and compliance before integration.

======================================================================
Cycle 74 complete
Next cycle in 10 minutes...
======================================================================

Sleeping for 7m 48s...
(Press Ctrl+C to stop)


======================================================================
CONTINUOUS IMPROVER - CYCLE 75
2026-01-29 19:21:09
======================================================================

Phase 1: PERCEIVE - Analyzing current performance...
  Trading: 35 cycles
  Signals: active
  System: running

Phase 4: QUESTION - Generating improvement questions...
  Generated 5 questions:
    1. Why has there been no new trading cycle for over 13 hours (last cycle at 05:50, now 19:21), and what system bottleneck is preventing fresh signal analysis?
    2. How can we move beyond "PASS" recommendations when 4/4 signals consistently lack actionable price/volume data - should we integrate real-time OHLCV feeds from DEXs/CEXs to validate social signals?
    3. What specific on-chain data sources (Hyperliquid API, Polymarket volumes, whale wallet trackers) should we add to convert narrative signals into quantified opportunities with entry/exit points?
    4. How can we reduce analysis latency from social signal detection to trade execution - what automated filters would eliminate "pure narrative hype" before reaching the analysis stage?
    5. Should we expand beyond the current 126 bookmarks to include real-time Twitter/Telegram feeds, Discord alpha channels, and on-chain transaction monitoring to increase signal velocity and quality?

Phase 3: LEARN - Searching for answers...
  Question 1: Why has there been no new trading cycle for over 13 hours (l...
    Found 1 potential answers
  Phase 8: IMPROVE - Evaluating integration safety...
    ⏸️  Manual review needed: A 13-hour trading cycle gap indicates a critical system failure that could involve financial positions at risk. Automated integration could mask underlying issues, interfere with stuck processes, or cause additional system instability. The suggestions include system restarts and diagnostic commands that require human oversight to prevent data loss or trading account damage.
  Question 2: How can we move beyond "PASS" recommendations when 4/4 signa...
    Found 1 potential answers
  Phase 8: IMPROVE - Evaluating integration safety...
    ⏸️  Manual review needed: This involves fundamental changes to trading systems including: 1) Real-time financial data integration with external APIs, 2) New trading signal logic that could affect financial outcomes, 3) Complex multi-component system requiring WebSocket connections, data pipelines, and ML models, 4) No existing infrastructure mentioned for safe integration, 5) Potential for significant financial losses if improperly implemented. This requires careful planning, testing, and phased implementation by experienced developers.
  Question 3: What specific on-chain data sources (Hyperliquid API, Polyma...
    Found 1 potential answers
  Phase 8: IMPROVE - Evaluating integration safety...
    ⏸️  Manual review needed: This involves complex system changes including: 1) Third-party API integrations that could fail or provide bad data, 2) Real-time trading signal generation that could trigger unwanted trades, 3) Wallet tracking that may have privacy/legal implications, 4) ML models that need training and validation, 5) Financial risk from automated trading decisions based on social sentiment. Each component requires careful implementation, testing, and risk management controls before deployment.
  Question 4: How can we reduce analysis latency from social signal detect...
    Found 1 potential answers
  Phase 8: IMPROVE - Evaluating integration safety...
    ⏸️  Manual review needed: This involves automated trading systems that can cause significant financial losses. The proposal includes complex real-time filtering, ML models, and trade execution automation that requires careful backtesting, risk management controls, regulatory compliance (market manipulation rules), and thorough validation. The latency requirements (sub-500ms) and financial consequences make this unsuitable for automatic integration without human oversight and extensive testing.
  Question 5: Should we expand beyond the current 126 bookmarks to include...
    Found 2 potential answers
  Phase 8: IMPROVE - Evaluating integration safety...
    ⏸️  Manual review needed: This involves significant infrastructure changes including: 1) New API integrations with rate limiting concerns, 2) Real-time data processing that could overwhelm current systems, 3) Potential security risks from monitoring external channels, 4) Storage and bandwidth cost implications, 5) Need for filtering mechanisms to prevent information overload, and 6) Requires careful testing to ensure signal quality actually improves rather than introducing noise

======================================================================
Cycle 75 complete
Next cycle in 10 minutes...
======================================================================

Sleeping for 7m 50s...
(Press Ctrl+C to stop)


======================================================================
CONTINUOUS IMPROVER - CYCLE 76
2026-01-29 19:31:10
======================================================================

Phase 1: PERCEIVE - Analyzing current performance...
  Trading: 35 cycles
  Signals: active
  System: running

Phase 4: QUESTION - Generating improvement questions...
  Generated 5 questions:
    1. Why hasn't the trading cycle updated in over 13 hours despite system uptime of 12+ hours - is there a bottleneck in the signal processing pipeline that's preventing fresh analysis?
    2. With 126 bookmarks analyzed but only 4 signals per cycle and consistent "PASS" recommendations, should I expand signal sources beyond bookmarks to include real-time whale tracker APIs, DEX aggregator feeds, or social sentiment streams?
    3. The last analysis correctly identified AI/crypto narrative hype but had "zero edge" - how can I integrate real-time price/volume data feeds to validate social signals with actual market movement before they become actionable?
    4. Given the system is passing on all opportunities due to lack of "verifiable on-chain data," should I build direct integrations with Hyperliquid API, Polymarket orderbooks, and whale wallet tracking to get execution-grade confirmations?
    5. The 15-minute opportunity window seems too narrow for the current data processing speed - should I extend the timeframe to 1-4 hours and focus on swing signals rather than scalping, or optimize for faster cycle times under 5 minutes?

Phase 3: LEARN - Searching for answers...
  Question 1: Why hasn't the trading cycle updated in over 13 hours despit...
    Found 1 potential answers
  Phase 8: IMPROVE - Evaluating integration safety...
    ⏸️  Manual review needed: This indicates a critical failure in a live trading system that could be actively losing money or missing profitable opportunities. The 13-hour delay in trading cycles suggests a serious production issue that requires immediate human diagnosis. Automated changes could worsen the problem or mask the root cause. Financial systems require manual oversight for troubleshooting to prevent catastrophic losses.
  Question 2: With 126 bookmarks analyzed but only 4 signals per cycle and...
    Found 1 potential answers
  Phase 8: IMPROVE - Evaluating integration safety...
    ⏸️  Manual review needed: Adding multiple new data sources (whale trackers, DEX feeds, social sentiment) involves external API dependencies, rate limits, potential data quality issues, and fundamental changes to signal processing logic. The recommendation to lower thresholds and change weighting could dramatically alter trading behavior. Each integration needs individual testing, error handling, and gradual rollout to avoid system instability or false signals that could lead to poor trading decisions.
  Question 3: The last analysis correctly identified AI/crypto narrative h...
    Found 1 potential answers
  Phase 8: IMPROVE - Evaluating integration safety...
    ⏸️  Manual review needed: This involves financial trading automation with real money at risk, requires multiple paid API subscriptions, real-time data processing infrastructure, regulatory compliance (financial services), and could expose API keys/trading credentials. The complexity spans infrastructure, security, legal, and financial domains that require careful manual planning and implementation.
  Question 4: Given the system is passing on all opportunities due to lack...
    Found 1 potential answers
  Phase 8: IMPROVE - Evaluating integration safety...
    ⏸️  Manual review needed: This involves major system changes including: 1) External API integrations with financial data that could affect trading decisions, 2) Real-time data streams requiring robust error handling and failover mechanisms, 3) Security considerations for API keys and access tokens, 4) Potential for data quality issues or API downtime to cause system failures, 5) Rate limiting and cost management for multiple paid APIs, 6) Need for proper data validation and cross-referencing logic to avoid false signals. These changes require careful planning, testing, and monitoring infrastructure before automation.
  Question 5: The 15-minute opportunity window seems too narrow for the cu...
    Found 1 potential answers
  Phase 8: IMPROVE - Evaluating integration safety...
    ⏸️  Manual review needed: This is a fundamental strategic decision about trading timeframes that could dramatically impact system performance, risk profile, and capital requirements. It involves complex tradeoffs between latency, infrastructure costs, signal reliability, and market exposure that require human judgment and thorough testing before implementation.

======================================================================
Cycle 76 complete
Next cycle in 10 minutes...
======================================================================

Sleeping for 7m 54s...
(Press Ctrl+C to stop)


======================================================================
CONTINUOUS IMPROVER - CYCLE 77
2026-01-29 19:41:11
======================================================================

Phase 1: PERCEIVE - Analyzing current performance...
  Trading: 35 cycles
  Signals: active
  System: running

Phase 4: QUESTION - Generating improvement questions...
  Generated 5 questions:
    1. Why hasn't the trading analysis been updated in over 13 hours (last cycle at 05:50:22 but current time shows 19:41+), and what's preventing new trading cycles from executing?
    2. How can we reduce the 4+ hour gap between signal detection and actionable analysis, given that crypto moves in minutes and our "15-minute opportunity" window is meaningless with stale data?
    3. What additional data sources beyond Twitter bookmarks should we integrate to move beyond "pure narrative hype" and capture actual price action, volume spikes, and on-chain signals?
    4. How can we implement real-time price feeds and technical analysis to validate social signals, rather than consistently recommending "PASS" due to lack of quantitative confirmation?
    5. What automated filtering mechanisms can we build to distinguish high-conviction signals from "social noise" before they reach the analysis stage, improving our signal-to-noise ratio from the current low-confidence outputs?

Phase 3: LEARN - Searching for answers...
  Question 1: Why hasn't the trading analysis been updated in over 13 hour...
    Found 1 potential answers
  Phase 8: IMPROVE - Evaluating integration safety...
    ⏸️  Manual review needed: This appears to be a critical system failure where automated trading has stopped functioning for over 13 hours. Automatic integration is inappropriate because: 1) This is a diagnostic/troubleshooting scenario, not an improvement to integrate, 2) Trading system failures require immediate human investigation to prevent financial losses, 3) The answer provided is generic troubleshooting guidance, not a specific fix, 4) Automated changes to a failing trading system could compound the problem or mask the root cause, 5) Financial trading systems demand manual oversight when experiencing extended outages
  Question 2: How can we reduce the 4+ hour gap between signal detection a...
    Found 1 potential answers
  Phase 8: IMPROVE - Evaluating integration safety...
    ⏸️  Manual review needed: This involves major architectural changes including real-time trading automation, financial risk management systems, API integrations with exchanges, and infrastructure modifications. Automated integration could lead to financial losses, system instability, or unintended trading behaviors. Each component (streaming pipelines, ML model deployment, automated execution) requires careful testing and gradual rollout.
  Question 3: What additional data sources beyond Twitter bookmarks should...
    Found 1 potential answers
  Phase 8: IMPROVE - Evaluating integration safety...
    ⏸️  Manual review needed: This involves: 1) Multiple paid API subscriptions (Nansen, Glassnode, Kaiko, etc.), 2) Complex data pipeline architecture changes, 3) New dependencies and infrastructure requirements, 4) Potential rate limiting and API quota issues, 5) Financial costs for premium data sources, 6) Significant codebase changes across multiple components, 7) Need for proper error handling and fallback mechanisms. This is a major system overhaul requiring careful planning, testing, and gradual implementation rather than automatic integration.
  Question 4: How can we implement real-time price feeds and technical ana...
    Found 1 potential answers
  Phase 8: IMPROVE - Evaluating integration safety...
    ⏸️  Manual review needed: This involves major changes to trading algorithms, introduces new external dependencies (real-time data feeds), requires API keys and rate limiting considerations, modifies core decision logic from conservative 'PASS' to active trading signals, and could lead to financial losses if implemented incorrectly. The multi-signal scoring system and threshold adjustments fundamentally change how trading decisions are made, requiring extensive backtesting and validation.
  Question 5: What automated filtering mechanisms can we build to distingu...
    Found 1 potential answers
  Phase 8: IMPROVE - Evaluating integration safety...
    ⏸️  Manual review needed: This involves fundamental changes to signal processing architecture that could filter out valuable signals or introduce bias. The multi-layered filtering system requires careful calibration, extensive backtesting, and gradual rollout with monitoring. Machine learning components need training data and validation. Risk of over-filtering legitimate signals or creating false confidence in filtered results.

======================================================================
Cycle 77 complete
Next cycle in 10 minutes...
======================================================================

Sleeping for 8m 12s...
(Press Ctrl+C to stop)


======================================================================
CONTINUOUS IMPROVER - CYCLE 78
2026-01-29 19:51:11
======================================================================

Phase 1: PERCEIVE - Analyzing current performance...
  Trading: 35 cycles
  Signals: active
  System: running

Phase 4: QUESTION - Generating improvement questions...
  Generated 5 questions:
    1. Why hasn't the trading cycle updated for over 14 hours despite system health showing active status - is there a disconnect between signal detection and trade execution that's preventing new analysis cycles?
    2. With 126 bookmarks analyzed but consistently low-confidence "PASS" recommendations, should we expand beyond Twitter bookmarks to include real-time on-chain data feeds, order book analysis, and whale wallet monitoring for higher-conviction signals?
    3. The last analysis identified AI/crypto automation trends (Hyperliquid, prediction markets) but recommended zero action - should we develop specific screening criteria and entry thresholds for emerging narrative plays before they become "too late" social noise?
    4. How can we reduce the 15-minute signal-to-execution window when the current system seems to miss immediate opportunities due to lack of real-time price action correlation with social sentiment signals?
    5. Should we implement a multi-tier signal classification system that separates high-frequency scalp opportunities from longer-term narrative plays, rather than applying the same "next 15 minutes" analysis framework to all signal types?

Phase 3: LEARN - Searching for answers...
  Question 1: Why hasn't the trading cycle updated for over 14 hours despi...
    Found 1 potential answers
  Phase 8: IMPROVE - Evaluating integration safety...
    ⏸️  Manual review needed: This answer provides troubleshooting steps for a critical trading system issue, not an improvement to integrate. The suggested actions involve checking system components, API connections, and potentially modifying trading bot configurations - all of which require careful human analysis and could impact live trading operations if automated.
  Question 2: With 126 bookmarks analyzed but consistently low-confidence ...
    Found 1 potential answers
  Phase 8: IMPROVE - Evaluating integration safety...
    ⏸️  Manual review needed: This involves major architectural changes including new data sources (on-chain feeds, order books, whale wallets), API integrations, model ensemble methods, and real-time processing. Such fundamental changes to trading signal generation require careful planning, testing, and validation to avoid system failures or trading losses. The recommendation explicitly suggests A/B testing and phased implementation, indicating this is not suitable for automatic integration.
  Question 3: The last analysis identified AI/crypto automation trends (Hy...
    Found 1 potential answers
  Phase 8: IMPROVE - Evaluating integration safety...
    ⏸️  Manual review needed: This involves creating investment screening criteria for speculative emerging crypto trends. While the framework is educational, automating entry thresholds and screening for 'narrative plays' could lead to high-risk investment decisions without proper human judgment, risk assessment, and market validation. The recommendation correctly suggests monitoring tools but requires manual review for any actual investment decisions.
  Question 4: How can we reduce the 15-minute signal-to-execution window w...
    Found 1 potential answers
  Phase 8: IMPROVE - Evaluating integration safety...
    ⏸️  Manual review needed: This involves fundamental changes to trading system architecture that could introduce significant financial risk, system instability, and execution errors. The proposed changes include: 1) Complete overhaul of data processing pipeline from batch to streaming, 2) Infrastructure changes requiring co-location and edge computing, 3) AI model replacements that could affect signal accuracy, 4) Real-time execution logic that could trigger unintended trades, 5) Integration of multiple new technologies (Kafka, Redis, WebSockets) that need extensive testing. Any automated integration could result in trading losses, system downtime, or missed opportunities due to bugs in the new real-time correlation logic.
  Question 5: Should we implement a multi-tier signal classification syste...
    Found 2 potential answers
  Phase 8: IMPROVE - Evaluating integration safety...
    ⏸️  Manual review needed: This is a fundamental architectural change that affects core trading logic, risk management, and signal processing. The current system processes 4.0 signals per cycle with a unified '15-minute' framework. Switching to multi-tier classification would require: 1) New signal classification algorithms, 2) Timeframe-specific risk parameters, 3) Different position sizing per tier, 4) Modified exit strategies, 5) Extensive backtesting across all tiers. Such changes could introduce bugs, create inconsistent behavior between tiers, or cause position management conflicts. This requires careful planning, staged implementation, and thorough testing before any automation.

======================================================================
Cycle 78 complete
Next cycle in 10 minutes...
======================================================================

Sleeping for 8m 6s...
(Press Ctrl+C to stop)


======================================================================
CONTINUOUS IMPROVER - CYCLE 79
2026-01-29 20:08:39
======================================================================

Phase 1: PERCEIVE - Analyzing current performance...
  Trading: 35 cycles
  Signals: active
  System: running

Phase 4: QUESTION - Generating improvement questions...
  Generated 5 questions:
    1. Why hasn't the trading cycle updated in over 14 hours (last cycle at 05:50, now 20:08) - is there a data pipeline failure or bookmark processing issue that's preventing new signal analysis?
    2. How can we shift from pure "social noise" filtering to identifying tradeable catalysts - what additional data sources (on-chain metrics, order flow, technical indicators) should be integrated to find actual edge instead of just passing on everything?
    3. What's the optimal balance between scan frequency and signal quality - should we reduce the 10-minute system health checks but increase the depth of each trading analysis cycle to catch more actionable opportunities?
    4. How can we develop better early-stage signal validation - what specific thresholds for volume, price action, or on-chain activity would help us distinguish between "narrative hype" and genuine trading opportunities before they become obvious?
    5. What automated backtesting framework could we implement to validate our "PASS" decisions - are we being too conservative and missing profitable trades, or are we correctly avoiding low-probability setups?

Phase 3: LEARN - Searching for answers...
  Question 1: Why hasn't the trading cycle updated in over 14 hours (last ...
    Found 1 potential answers
  Phase 8: IMPROVE - Evaluating integration safety...
    ⏸️  Manual review needed: A 14+ hour trading cycle failure indicates a critical system issue that could result in significant financial losses. This requires immediate human intervention to diagnose the root cause (data feed failure, scheduler malfunction, API limits, system crash, etc.) before any automated fixes are attempted. The troubleshooting steps provided are generic guidance, not specific fixes for the actual problem.
  Question 2: How can we shift from pure "social noise" filtering to ident...
    Found 1 potential answers
  Phase 8: IMPROVE - Evaluating integration safety...
    ⏸️  Manual review needed: This is a complete overhaul of trading strategy involving: 1) New external data sources requiring API integrations and rate limiting, 2) Complex ML model architecture changes that could introduce bugs or model drift, 3) Multi-modal scoring systems that need extensive backtesting, 4) Risk management changes that could lead to significant losses if misconfigured, 5) No clear backwards compatibility or rollback strategy mentioned. The complexity and financial risk require human oversight and gradual implementation.
  Question 3: What's the optimal balance between scan frequency and signal...
    Found 2 potential answers
  Phase 8: IMPROVE - Evaluating integration safety...
    ⏸️  Manual review needed: Changing scan frequency affects core trading system timing and could impact signal quality, latency, and system stability. The current 4.0 signals per cycle appears stable, so any changes need thorough testing. This involves trade-offs between computational resources, signal freshness, and detection accuracy that require human judgment and market context consideration.
  Question 4: How can we develop better early-stage signal validation - wh...
    Found 1 potential answers
  Phase 8: IMPROVE - Evaluating integration safety...
    ⏸️  Manual review needed: This content provides specific trading and investment advice including numerical thresholds, trading strategies, and financial indicators. Automatically integrating financial advice could create liability issues, regulatory compliance problems, and potential harm to users who act on automated financial recommendations. The content includes specific metrics like '3-5x average volume spikes' and '>1% daily turnover' which could be interpreted as actionable trading advice.
  Question 5: What automated backtesting framework could we implement to v...
    Found 1 potential answers
  Phase 8: IMPROVE - Evaluating integration safety...
    ⏸️  Manual review needed: This is a comprehensive framework recommendation that requires significant infrastructure changes including data logging systems, backtesting engines, new dependencies, and validation methodologies. While the concepts are sound, implementing automated backtesting involves: 1) Adding external dependencies (Backtrader, Zipline, etc.) that need security review, 2) Creating data collection systems that could impact performance, 3) Implementing complex analytics that need validation, 4) Risk of over-optimization or curve fitting if not properly designed. This requires human oversight to ensure proper implementation, testing, and gradual rollout rather than automatic integration.

======================================================================
Cycle 79 complete
Next cycle in 10 minutes...
======================================================================

Sleeping for 8m 10s...
(Press Ctrl+C to stop)


======================================================================
CONTINUOUS IMPROVER - CYCLE 80
2026-01-29 20:18:39
======================================================================

Phase 1: PERCEIVE - Analyzing current performance...
  Trading: 35 cycles
  Signals: active
  System: running

Phase 4: QUESTION - Generating improvement questions...
  Generated 5 questions:
    1. Why has the last trading cycle analysis been static for over 14 hours (timestamp 2026-01-29T05:50:22 vs current ~20:18), and what system bottleneck is preventing new signal processing and analysis updates?
    2. How can I improve signal quality beyond the current 4.0 average when the last analysis showed "zero edge" and recommended PASS on all opportunities - should I expand data sources beyond bookmarks or implement real-time price/volume feeds?
    3. What specific criteria should I establish for "actionable vs noise" signals, given that the last cycle flagged all 4 signals as "pure narrative hype" without verifiable on-chain data or technical confirmations?
    4. Should I implement faster scanning cycles (currently appears to be every 15+ minutes based on analysis timestamps) to catch rapid price movements and whale transactions that my current system is missing?
    5. How can I integrate real-time market data feeds (OHLCV, orderbook depth, on-chain transactions) to validate social signals with actual price action, rather than relying solely on bookmark analysis and Twitter sentiment?

Phase 3: LEARN - Searching for answers...
  Question 1: Why has the last trading cycle analysis been static for over...
    Found 1 potential answers
  Phase 8: IMPROVE - Evaluating integration safety...
    ⏸️  Manual review needed: This indicates a critical system failure in trading infrastructure that has been ongoing for 14+ hours. Automatic integration is unsafe because: 1) The underlying system bottleneck must be diagnosed first, 2) Trading systems require manual verification before any changes, 3) The provided answer contains only general troubleshooting guidance, not specific fixes, 4) Financial systems demand human oversight for operational issues, 5) Automated changes during a system failure could worsen the situation or mask critical problems
  Question 2: How can I improve signal quality beyond the current 4.0 aver...
    Found 2 potential answers
  Phase 8: IMPROVE - Evaluating integration safety...
    ⏸️  Manual review needed: Trading signal modifications involve financial risk and cannot be automatically integrated safely. The improvements require: 1) External API integrations with cost implications ($99+/month), 2) Complex algorithm changes affecting trading decisions, 3) Real-time data feeds that need proper error handling, 4) Signal validation requiring extensive backtesting, 5) Market regime detection that could cause false signals if improperly calibrated. Even small changes to signal generation can significantly impact trading performance and financial outcomes.
  Question 3: What specific criteria should I establish for "actionable vs...
    Found 1 potential answers
  Phase 8: IMPROVE - Evaluating integration safety...
    ⏸️  Manual review needed: This comprehensive framework requires: 1) Integration with multiple external APIs (Dune, Etherscan, DefiLlama, etc.) that need authentication and rate limiting, 2) Creation of complex weighted scoring algorithms with custom thresholds, 3) Implementation of cross-platform data correlation logic, 4) Setup of real-time monitoring systems, and 5) Configuration of risk management parameters. Each component needs careful testing and validation before deployment to avoid false signals or system failures that could lead to poor trading decisions.
  Question 4: Should I implement faster scanning cycles (currently appears...
    Found 2 potential answers
  Phase 8: IMPROVE - Evaluating integration safety...
    ⏸️  Manual review needed: This change involves significant modifications to core system timing, API usage patterns, and resource consumption. Faster scanning could: 1) Hit API rate limits causing system failures, 2) Dramatically increase costs (10-50x more API calls), 3) Overwhelm processing capacity, 4) Generate excessive false signals, 5) Require infrastructure scaling. The current system generates 4.0 signals per cycle - increasing frequency could create signal overload without proper filtering mechanisms. This needs phased testing, cost analysis, and performance monitoring before implementation.
  Question 5: How can I integrate real-time market data feeds (OHLCV, orde...
    Found 1 potential answers
  Phase 8: IMPROVE - Evaluating integration safety...
    ⏸️  Manual review needed: This is a major system overhaul involving: 1) Financial data APIs that require paid subscriptions and API keys, 2) Real-time trading infrastructure that could execute actual trades, 3) Complex multi-modal ML models requiring significant computational resources, 4) Database schema changes and new time-series databases, 5) WebSocket connections and streaming data pipelines, 6) Potential regulatory compliance issues with automated trading systems. This requires careful planning, testing, and manual implementation rather than automated integration.

======================================================================
Cycle 80 complete
Next cycle in 10 minutes...
======================================================================

Sleeping for 7m 32s...
(Press Ctrl+C to stop)


======================================================================
CONTINUOUS IMPROVER - CYCLE 81
2026-01-29 20:28:39
======================================================================

Phase 1: PERCEIVE - Analyzing current performance...
  Trading: 35 cycles
  Signals: active
  System: running

Phase 4: QUESTION - Generating improvement questions...
  Generated 5 questions:
    1. Why hasn't there been a new trading cycle in over 14 hours despite 81 system cycles running - is the bookmark scanning failing to detect new signals, or is the signal filtering too aggressive?
    2. How can we move beyond pure social media sentiment analysis to incorporate real-time price action, volume spikes, and orderbook data that would provide the "verifiable on-chain data" the system is correctly demanding?
    3. What additional data sources beyond the current 126 bookmarks could provide higher-quality, earlier-stage signals - such as whale wallet tracking, DEX aggregator APIs, or cross-chain bridge monitoring?
    4. Should we implement different analysis frameworks for different market conditions - one for low-volatility periods focused on accumulation patterns, and another for high-volatility periods focused on momentum and breakouts?
    5. How can we quantify and track the accuracy of our "PASS" decisions to ensure we're not missing profitable opportunities while correctly avoiding noise - what metrics would validate our risk assessment framework?

Phase 3: LEARN - Searching for answers...
  Question 1: Why hasn't there been a new trading cycle in over 14 hours d...
    Found 2 potential answers
  Phase 8: IMPROVE - Evaluating integration safety...
    ⏸️  Manual review needed: The internal analysis shows signals are being detected (4.0 per cycle × 81 cycles = 324 signals), but no trades are executing. This suggests either: 1) Signal filtering is rejecting 100% of signals (potentially missing profitable opportunities), or 2) There's a critical failure in the trade execution pipeline. Both scenarios require human analysis to avoid financial losses or missed opportunities. Automated changes could worsen the problem without understanding the root cause.
  Question 2: How can we move beyond pure social media sentiment analysis ...
    Found 1 potential answers
  Phase 8: IMPROVE - Evaluating integration safety...
    ⏸️  Manual review needed: While the response provides valuable technical information about multi-modal trading data integration, it involves: 1) External API integrations (ccxt, exchange WebSockets) that require authentication and rate limiting, 2) Real-time financial data processing with potential for significant financial impact, 3) Complex trading strategies that need backtesting and validation, 4) Multiple third-party dependencies that could introduce security vulnerabilities, and 5) Recommendations for accessing various online communities and repositories that need human evaluation. This is educational/consultative content that requires human expertise to implement safely.
  Question 3: What additional data sources beyond the current 126 bookmark...
    Found 2 potential answers
  Phase 8: IMPROVE - Evaluating integration safety...
    ⏸️  Manual review needed: While the data sources are valuable, this involves: 1) Multiple paid APIs with potential high costs, 2) Rate limiting that could break existing functionality, 3) Need for data validation and filtering logic, 4) Potential API key exposure risks, 5) Complex integration requiring custom parsing for each source. Each API should be tested individually with proper error handling and cost monitoring before production deployment.
  Question 4: Should we implement different analysis frameworks for differ...
    Found 1 potential answers
  Phase 8: IMPROVE - Evaluating integration safety...
    ⏸️  Manual review needed: This involves fundamental changes to the trading system architecture including: 1) Adding regime detection models with volatility thresholds, 2) Implementing dual signal generation systems, 3) Dynamic switching between analysis frameworks, 4) Adaptive risk management parameters. These changes could introduce model switching errors, incorrect regime classification, conflicting signals during transitions, and require extensive backtesting across different market conditions. The complexity and potential for system-wide impact makes automatic integration unsafe.
  Question 5: How can we quantify and track the accuracy of our "PASS" dec...
    Found 1 potential answers
  Phase 8: IMPROVE - Evaluating integration safety...
    ⏸️  Manual review needed: While the proposed metrics framework is valuable, it involves: 1) Adding complex tracking systems that could impact trading performance, 2) Implementing A/B testing on live trading decisions which carries financial risk, 3) Dynamic threshold adjustments that could destabilize existing strategies, 4) Shadow trading systems requiring additional capital allocation, and 5) Multiple interconnected components that need careful validation before deployment. This requires strategic planning rather than automatic integration.

======================================================================
Cycle 81 complete
Next cycle in 10 minutes...
======================================================================

Sleeping for 0m 0s...
(Press Ctrl+C to stop)


======================================================================
CONTINUOUS IMPROVER - CYCLE 82
2026-01-29 20:52:40
======================================================================

Phase 1: PERCEIVE - Analyzing current performance...
  Trading: 35 cycles
  Signals: active
  System: running

Phase 4: QUESTION - Generating improvement questions...
  Generated 5 questions:
    1. Why hasn't the trading cycle updated since 2026-01-29T05:50:22 (over 14 hours ago) despite the system showing "running" status - is there a data pipeline failure or cycle trigger malfunction?
    2. How can I reduce the 15+ hour lag between signal detection and actionable analysis when crypto markets move in minutes - should I implement real-time price feeds and automated cycle triggers?
    3. What specific on-chain data sources should I integrate to move beyond "social noise" signals - whale wallet trackers, DEX volume scanners, or options flow data that could provide the "verifiable on-chain data" I'm currently missing?
    4. How can I automatically validate whale wallet claims and bot performance in real-time instead of manually monitoring "Hyperliquid leaderboards/Twitter" - can I build API connections to trading platforms for instant verification?
    5. Should I implement a tiered signal filtering system that automatically scores signals based on data completeness (price action + volume + on-chain evidence) to avoid the current pattern of analyzing pure "narrative hype" with zero edge?

Phase 3: LEARN - Searching for answers...
  Question 1: Why hasn't the trading cycle updated since 2026-01-29T05:50:...
    Found 1 potential answers
  Phase 8: IMPROVE - Evaluating integration safety...
    ⏸️  Manual review needed: This is not an improvement but a critical system failure report. A trading system stuck for 14+ hours requires immediate human intervention, not automated changes. Trading systems handle financial transactions where errors can cause significant monetary losses. The mention of a future date (2026) also suggests this may be a test scenario or data corruption issue that needs careful analysis.
  Question 2: How can I reduce the 15+ hour lag between signal detection a...
    Found 1 potential answers
  Phase 8: IMPROVE - Evaluating integration safety...
    ⏸️  Manual review needed: This involves real-time automated trading with financial risk. The answer suggests major architectural changes including real-time data feeds, automated execution systems, and sub-second decision making. While technically sound, this requires: 1) Extensive backtesting and paper trading validation, 2) Proper risk management controls and kill switches, 3) Gradual implementation to avoid catastrophic losses, 4) Manual oversight of automated systems, 5) Careful capital allocation (1-2% per trade as mentioned). The speed of execution (sub-2 second cycles) means errors can compound rapidly before human intervention is possible.
  Question 3: What specific on-chain data sources should I integrate to mo...
    Found 2 potential answers
  Phase 8: IMPROVE - Evaluating integration safety...
    ⏸️  Manual review needed: This involves multiple complex integrations (Nansen, Arkham, DEX APIs), new data processing pipelines, potential API costs, security considerations for wallet tracking, and fundamental changes to signal generation logic. The scope is too large and complex for automatic integration - requires careful planning, testing, and phased implementation.
  Question 4: How can I automatically validate whale wallet claims and bot...
    Found 1 potential answers
  Phase 8: IMPROVE - Evaluating integration safety...
    ⏸️  Manual review needed: This involves complex financial data APIs, real-time trading platform connections, social media monitoring, and blockchain interactions. Risks include: API key exposure, rate limiting violations, false validation signals affecting trading decisions, potential legal issues with automated social media scraping, and financial losses from incorrect whale signal validation. This requires careful architecture, security review, and gradual implementation rather than automatic integration.
  Question 5: Should I implement a tiered signal filtering system that aut...
    Found 1 potential answers
  Phase 8: IMPROVE - Evaluating integration safety...
    ⏸️  Manual review needed: This involves building a complex multi-tiered signal filtering system with scoring algorithms, API integrations, and ML components. Automatic integration would risk: 1) Breaking existing signal processing, 2) Creating false confidence in untested scoring metrics, 3) Potential financial losses from poorly calibrated filters, 4) Data pipeline failures affecting trading decisions. This requires careful design, extensive backtesting, and phased rollout with human validation.

======================================================================
Cycle 82 complete
Next cycle in 10 minutes...
======================================================================

Sleeping for 7m 53s...
(Press Ctrl+C to stop)


======================================================================
CONTINUOUS IMPROVER - CYCLE 83
2026-01-29 21:02:40
======================================================================

Phase 1: PERCEIVE - Analyzing current performance...
  Trading: 35 cycles
  Signals: active
  System: running

Phase 4: QUESTION - Generating improvement questions...
  Generated 6 questions:
    1. Why hasn't the trading cycle updated in over 15 hours (last cycle at 05:50, now 21:02) - is the bookmark scanning or signal processing pipeline broken?
    2. How can I move beyond pure social sentiment analysis to incorporate real-time price action, volume spikes, and orderbook data for actionable 15-minute opportunities?
    3. What specific on-chain monitoring tools should I integrate to verify whale movements and bot performance claims instead of relying on unverified Twitter signals?
    4. Should I implement dynamic scanning frequency that increases during high volatility periods and decreases during flat market conditions to capture more alpha opportunities?
    5. How can I build a feedback loop to track which signal patterns actually correlate with profitable moves, given my current analysis shows "zero edge" situations?
    6. What additional data sources beyond bookmarks could provide earlier signals - Discord alpha channels, Telegram groups, on-chain analytics APIs, or DEX aggregator feeds?

Phase 3: LEARN - Searching for answers...
  Question 1: Why hasn't the trading cycle updated in over 15 hours (last ...
    Found 2 potential answers
  Phase 8: IMPROVE - Evaluating integration safety...
    ⏸️  Manual review needed: This is a system failure diagnostic question, not an improvement suggestion. The 15-hour delay in trading cycles indicates a critical pipeline failure that requires immediate human investigation. Automatic integration would be inappropriate and dangerous - this needs manual troubleshooting to identify root cause (API limits, process crashes, network issues, etc.) before any automated changes.
  Question 2: How can I move beyond pure social sentiment analysis to inco...
    Found 1 potential answers
  Phase 8: IMPROVE - Evaluating integration safety...
    ⏸️  Manual review needed: This involves financial trading automation with real money at risk. Key concerns: 1) Financial risk - automated trading can cause significant losses, 2) Regulatory compliance - automated trading systems have strict legal requirements, 3) Technical complexity - requires real-time data feeds, API integrations, and complex multi-modal ML models that need extensive validation, 4) Market impact - poorly implemented algorithms can cause unintended market effects, 5) Security risks - handling financial APIs and trading credentials requires specialized security measures. This should never be automatically integrated and requires expert review, proper risk management, compliance verification, and gradual testing with paper trading first.
  Question 3: What specific on-chain monitoring tools should I integrate t...
    Found 2 potential answers
  Phase 8: IMPROVE - Evaluating integration safety...
    ⏸️  Manual review needed: This involves integrating multiple external APIs and paid services (Nansen, Arkham Intelligence, etc.) with significant cost implications, potential security risks from API keys and data access, and requires strategic decision-making about which tools to prioritize. The GitHub results are irrelevant to on-chain monitoring. Additionally, some recommended tools may have access restrictions or require KYC verification.
  Question 4: Should I implement dynamic scanning frequency that increases...
    Found 2 potential answers
  Phase 8: IMPROVE - Evaluating integration safety...
    ⏸️  Manual review needed: Dynamic scanning frequency changes affect core system timing, resource utilization, and trade execution. This could cause: 1) System overload during volatile periods leading to missed trades or errors, 2) Unintended position sizing due to increased signal frequency, 3) API rate limit violations, 4) Cascade failures if not properly throttled. The current stable 4.0 signals/cycle indicates the system is calibrated to current frequency. Changes require extensive backtesting, paper trading validation, and incremental deployment with rollback capabilities.
  Question 5: How can I build a feedback loop to track which signal patter...
    Found 1 potential answers
  Phase 8: IMPROVE - Evaluating integration safety...
    ⏸️  Manual review needed: This involves building a complex trading system with real financial implications. The response includes code frameworks, database design, third-party integrations, and trading strategy modifications that could affect actual trading performance and capital. Additionally, the implementation requires domain expertise in quantitative finance, proper backtesting methodology, and risk management that cannot be safely automated without human review and testing.
  Question 6: What additional data sources beyond bookmarks could provide ...
    Found 1 potential answers
  Phase 8: IMPROVE - Evaluating integration safety...
    ⏸️  Manual review needed: This involves multiple external APIs, potential regulatory compliance issues (financial data monitoring), significant architectural changes, and access to private/restricted channels. The complexity and legal implications require manual oversight before any automation.

======================================================================
Cycle 83 complete
Next cycle in 10 minutes...
======================================================================

Sleeping for 7m 22s...
(Press Ctrl+C to stop)


======================================================================
CONTINUOUS IMPROVER - CYCLE 84
2026-01-29 21:23:39
======================================================================

Phase 1: PERCEIVE - Analyzing current performance...
  Trading: 35 cycles
  Signals: active
  System: running

Phase 4: QUESTION - Generating improvement questions...
  Generated 5 questions:
    1. Why has there been no trading cycle activity for over 15 hours since 05:50 this morning - is the signal detection system failing to identify actionable opportunities or are market conditions genuinely lacking edge?
    2. How can I integrate real-time price/volume data feeds to validate social signals instead of relying purely on narrative analysis that consistently results in "PASS" recommendations?
    3. What specific technical indicators or on-chain metrics should I add to my analysis framework to move beyond "pure narrative hype" assessments and identify actual entry/exit points?
    4. Should I expand beyond the current 126 bookmarks to include additional signal sources like Discord alpha channels, Telegram groups, or direct API feeds from DEXes and prediction markets?
    5. How can I implement automated backtesting of my "PASS" decisions to quantify opportunity cost and refine my risk/reward thresholds for taking positions?

Phase 3: LEARN - Searching for answers...
  Question 1: Why has there been no trading cycle activity for over 15 hou...
    Found 1 potential answers
  Phase 8: IMPROVE - Evaluating integration safety...
    ⏸️  Manual review needed: This involves a live trading system with real financial exposure. The answer provides diagnostic frameworks but doesn't contain actual system diagnostics or market data. Automatically integrating troubleshooting code or changing signal thresholds without human verification of the root cause could lead to financial losses, false signals, or system instability. The 15-hour signal drought needs manual investigation to determine if it's a legitimate system issue or normal market conditions.
  Question 2: How can I integrate real-time price/volume data feeds to val...
    Found 1 potential answers
  Phase 8: IMPROVE - Evaluating integration safety...
    ⏸️  Manual review needed: This involves real-time financial data integration, trading decisions, and market operations that could result in significant financial losses if automated incorrectly. Key risks include: 1) API rate limits and costs from real-time data feeds, 2) Potential for algorithmic trading losses without proper testing, 3) Need for regulatory compliance (SEC/FINRA requirements), 4) Market data licensing agreements, 5) Risk management systems must be thoroughly tested, 6) Integration complexity could introduce system failures during market hours. This requires human oversight, paper trading validation, and gradual rollout with proper safeguards.
  Question 3: What specific technical indicators or on-chain metrics shoul...
    Found 1 potential answers
  Phase 8: IMPROVE - Evaluating integration safety...
    ⏸️  Manual review needed: This involves financial trading analysis with multiple external APIs (Glassnode, IntoTheBlock, exchange APIs), complex algorithmic logic, and real-time data processing. Automatic integration could lead to incorrect trading signals, API credential exposure, unexpected costs from premium services, or faulty implementations that could cause financial losses. The framework requires careful selection, testing, and validation of indicators specific to the user's trading strategy and risk tolerance.
  Question 4: Should I expand beyond the current 126 bookmarks to include ...
    Found 1 potential answers
  Phase 8: IMPROVE - Evaluating integration safety...
    ⏸️  Manual review needed: While the strategic guidance is sound, expanding signal sources involves multiple risks: 1) Discord/Telegram channels may contain scams, pump schemes, or malicious links 2) API integrations require authentication, rate limiting, and error handling 3) Automation of social media monitoring could violate ToS 4) Signal quality varies dramatically and needs human curation 5) Adding low-quality sources could degrade overall signal-to-noise ratio. This is a strategic decision requiring manual research, vetting, and gradual implementation rather than automatic integration.
  Question 5: How can I implement automated backtesting of my "PASS" decis...
    Found 1 potential answers
  Phase 8: IMPROVE - Evaluating integration safety...
    ⏸️  Manual review needed: This involves complex financial backtesting logic that could significantly impact trading decisions and risk management. The code examples require custom implementation, integration with trading APIs, and extensive validation. Automated integration could lead to faulty opportunity cost calculations, incorrect threshold adjustments, or flawed risk assessments that could cause substantial financial losses. This type of analytical framework needs human oversight, testing with historical data, and gradual implementation.

======================================================================
Cycle 84 complete
Next cycle in 10 minutes...
======================================================================

Sleeping for 0m 0s...
(Press Ctrl+C to stop)


======================================================================
CONTINUOUS IMPROVER - CYCLE 85
2026-01-29 21:36:08
======================================================================

Phase 1: PERCEIVE - Analyzing current performance...
  Trading: 35 cycles
  Signals: active
  System: running

Phase 4: QUESTION - Generating improvement questions...
  Generated 5 questions:
    1. Why hasn't the trading cycle advanced beyond cycle 5 for over 15 hours, and what systematic issue is preventing fresh signal analysis despite 85+ system health cycles running?
    2. How can I implement real-time price/volume data integration to eliminate the "no OHLCV data" gap that's causing me to pass on potentially profitable signals due to lack of market context?
    3. What specific threshold criteria should I establish for signal confidence scoring to move beyond "social noise" classification when AI/crypto narrative plays historically drive 20-50% moves?
    4. Should I implement a tiered scanning frequency system - increasing from current intervals to 5-minute cycles during high-volatility periods when whale movements and orderbook imbalances create the 15-minute opportunities I'm designed to catch?
    5. How can I build automated on-chain verification for whale wallet claims and bot performance tracking instead of relying on manual "watch lists" that delay execution past optimal entry windows?

Phase 3: LEARN - Searching for answers...
  Question 1: Why hasn't the trading cycle advanced beyond cycle 5 for ove...
    Found 1 potential answers
  Phase 8: IMPROVE - Evaluating integration safety...
    ⏸️  Manual review needed: This involves a critical trading system malfunction that could result in financial losses. The issue affects live trading cycles, signal analysis, and potentially real money positions. Automated integration of diagnostic suggestions without human oversight could worsen the problem, trigger unwanted trades, or mask underlying system failures. Trading systems require manual debugging and verification before any changes.
  Question 2: How can I implement real-time price/volume data integration ...
    Found 1 potential answers
  Phase 8: IMPROVE - Evaluating integration safety...
    ⏸️  Manual review needed: This involves major system changes including: 1) External API dependencies that could fail or have rate limits, 2) Real-time WebSocket connections that need error handling, 3) New data storage requirements, 4) Signal processing logic changes that could affect trading decisions, 5) Financial risk from automated trading with new data sources, 6) Need for API credentials and cost considerations. The code examples are comprehensive but require careful testing, configuration, and monitoring before production use.
  Question 3: What specific threshold criteria should I establish for sign...
    Found 1 potential answers
  Phase 8: IMPROVE - Evaluating integration safety...
    ⏸️  Manual review needed: This involves complex trading signal generation with specific position sizing recommendations (0.5-5% allocations) and financial decision-making criteria. The framework references real money management, stop-losses, and trading thresholds that could lead to significant financial losses if implemented incorrectly. The multi-layered scoring system with percentage-based position sizing especially requires human oversight and cannot be safely automated without extensive testing and risk controls.
  Question 4: Should I implement a tiered scanning frequency system - incr...
    Found 2 potential answers
  Phase 8: IMPROVE - Evaluating integration safety...
    ⏸️  Manual review needed: This involves fundamental changes to scanning frequency that could dramatically increase API costs (2-5x), create system overload, generate false signals leading to overtrading, and potentially miss the 15-minute opportunity window you're designed for. The complexity of volatility triggers, whale movement detection, and tiered escalation requires extensive testing. Your current stable 4.0 signals per cycle suggests the existing frequency is working - changes this significant need careful manual validation to ensure they actually improve rather than degrade performance.
  Question 5: How can I build automated on-chain verification for whale wa...
    Found 1 potential answers
  Phase 8: IMPROVE - Evaluating integration safety...
    ⏸️  Manual review needed: This involves building complex financial automation systems with real-time trading decisions, API integrations with external services, handling sensitive wallet data, and potential financial losses from bugs. The system requires careful security design, proper error handling, rate limiting, and thorough testing. Additionally, it involves legal/compliance considerations for automated trading. This is a major system architecture change that must be manually planned and implemented with proper safeguards.

======================================================================
Cycle 85 complete
Next cycle in 10 minutes...
======================================================================

Sleeping for 7m 50s...
(Press Ctrl+C to stop)


======================================================================
CONTINUOUS IMPROVER - CYCLE 86
2026-01-29 21:46:08
======================================================================

Phase 1: PERCEIVE - Analyzing current performance...
  Trading: 35 cycles
  Signals: active
  System: running

Phase 4: QUESTION - Generating improvement questions...
  Generated 5 questions:
    1. Why has the last trading cycle analysis been stale for over 15 hours (last cycle timestamp: 2026-01-29T05:50:22), and what system bottleneck is preventing fresh signal processing?
    2. How can I distinguish between genuine whale activity and self-promotional noise to avoid the "pure narrative hype" trap that led to the recent PASS recommendation?
    3. What real-time price action and volume data integrations could I add to complement social signals, since the analysis specifically noted "no TA/volume/OHLCV data" as a critical gap?
    4. Should I implement a tiered confidence scoring system that weights signals based on verifiable on-chain data, verified whale wallets, and timestamp proximity rather than treating all social signals equally?
    5. How can I optimize scan frequency and bookmark processing to increase the 4.0 average signals per cycle, particularly during high-volatility periods when opportunities are more time-sensitive?

Phase 3: LEARN - Searching for answers...
  Question 1: Why has the last trading cycle analysis been stale for over ...
    Found 1 potential answers
  Phase 8: IMPROVE - Evaluating integration safety...
    ⏸️  Manual review needed: This is a critical operational issue with an active trading system that has been down for over 15 hours. The suggested debugging steps are generic troubleshooting advice rather than a specific fix. Automated integration could interfere with ongoing trading operations or mask the root cause. The future timestamp (2026) also suggests potential system clock issues. This requires immediate human intervention to diagnose and safely resolve the production issue.
  Question 2: How can I distinguish between genuine whale activity and sel...
    Found 1 potential answers
  Phase 8: IMPROVE - Evaluating integration safety...
    ⏸️  Manual review needed: This content involves cryptocurrency trading advice and whale activity analysis, which could have financial implications for users. The content discusses investment strategies and market analysis techniques that could influence trading decisions. Additionally, without context about what 'PASS recommendation' refers to or what system this would be integrated into, it's impossible to assess the appropriateness or safety of automatic integration. Financial advice or trading-related content should always undergo human review before being integrated into any system.
  Question 3: What real-time price action and volume data integrations cou...
    Found 1 potential answers
  Phase 8: IMPROVE - Evaluating integration safety...
    ⏸️  Manual review needed: This involves multiple high-risk changes: 1) Adding external API dependencies with rate limits and costs, 2) Implementing real-time WebSocket connections that could fail, 3) Requiring new database schemas for time-series data, 4) Complex integration of multiple data streams, 5) Potential performance impacts from real-time processing, 6) Financial data accuracy requirements, and 7) Need for proper error handling and fallback mechanisms. This is a major feature addition, not a simple integration.
  Question 4: Should I implement a tiered confidence scoring system that w...
    Found 1 potential answers
  Phase 8: IMPROVE - Evaluating integration safety...
    ⏸️  Manual review needed: This is a fundamental architectural change to the signal processing system that affects trading decisions and risk management. It requires: 1) Integration with multiple external APIs (Dune, Etherscan, etc.) which introduces new failure points, 2) Complex scoring algorithms that need extensive backtesting to validate effectiveness, 3) Weight calibration that directly impacts trading performance and could cause significant losses if misconfigured, 4) New dependencies and potential rate limiting issues with blockchain APIs, 5) Performance implications from on-chain data fetching that could slow signal processing. The high reward potential doesn't justify automated integration without thorough testing and validation.
  Question 5: How can I optimize scan frequency and bookmark processing to...
    Found 2 potential answers
  Phase 8: IMPROVE - Evaluating integration safety...
    ⏸️  Manual review needed: The proposed optimizations involve major infrastructure changes (multi-threading, WebSocket connections, database changes, GPU acceleration, container orchestration) that could destabilize the existing trading system. Changes to scan frequency and signal processing during high-volatility periods carry significant financial risk if they malfunction or generate false signals. The complexity of implementing adaptive intervals, dynamic thresholds, and real-time model adjustments requires careful planning, testing in paper trading environments, and gradual rollout with proper safeguards.

======================================================================
Cycle 86 complete
Next cycle in 10 minutes...
======================================================================

Sleeping for 8m 0s...
(Press Ctrl+C to stop)


======================================================================
CONTINUOUS IMPROVER - CYCLE 87
2026-01-29 22:12:51
======================================================================

Phase 1: PERCEIVE - Analyzing current performance...
  Trading: 35 cycles
  Signals: active
  System: running

Phase 4: QUESTION - Generating improvement questions...
  Generated 5 questions:
    1. Why has there been no new trading cycle in over 16 hours (last cycle at 05:50, now 22:12) - is the signal detection system stuck or are we missing time-sensitive opportunities due to infrequent scanning?
    2. How can we validate the accuracy of our "PASS" decisions - are we correctly avoiding low-quality signals or missing profitable trades due to overly conservative risk assessment?
    3. What additional real-time data sources (order book depth, on-chain transaction flows, DEX volume spikes) could we integrate to move beyond social sentiment analysis and gain actual trading edge?
    4. How can we implement faster cycle times (5-10 minutes vs current gaps) to catch the 15-minute opportunities we identify but potentially miss due to stale analysis?
    5. What backtesting framework could we build to measure if our specific entry/exit points ($HYPER long at $0.45, stop $0.42, target $0.52) actually generate positive returns when executed?

Phase 3: LEARN - Searching for answers...
  Question 1: Why has there been no new trading cycle in over 16 hours (la...
    Found 2 potential answers
  Phase 8: IMPROVE - Evaluating integration safety...
    ⏸️  Manual review needed: There's a critical disconnect between the internal analysis claiming 'stable' performance with 4.0 signals per cycle and the actual 16+ hour gap in trading cycles. This suggests either system failure, monitoring blind spots, or data inconsistency. Automatic integration could mask underlying issues or make false assumptions about system health, potentially leading to missed opportunities or system instability.
  Question 2: How can we validate the accuracy of our "PASS" decisions - a...
    Found 2 potential answers
  Phase 8: IMPROVE - Evaluating integration safety...
    ⏸️  Manual review needed: While the suggested validation techniques are sound methodologies, implementing them safely requires: 1) Careful design of logging systems to avoid performance impact, 2) Proper backtesting infrastructure that won't interfere with live trading, 3) Statistical validation of A/B testing frameworks, 4) Risk that automated threshold adjustments could destabilize the trading system, 5) Need for domain expertise to interpret validation results correctly. The improvements involve fundamental changes to risk assessment and decision-making processes that require human judgment and gradual implementation.
  Question 3: What additional real-time data sources (order book depth, on...
    Found 1 potential answers
  Phase 8: IMPROVE - Evaluating integration safety...
    ⏸️  Manual review needed: This improvement involves: 1) Connecting to external financial APIs and exchanges which could expose API keys and trading funds, 2) Real-time trading decisions that could result in financial losses, 3) Complex infrastructure changes requiring order book processing, on-chain data pipelines, and low-latency systems, 4) Integration of multiple third-party services with different rate limits and costs, 5) Regulatory and compliance considerations for automated trading, and 6) The need for extensive backtesting and risk management before deployment. These changes are too complex and financially risky for automatic integration.
  Question 4: How can we implement faster cycle times (5-10 minutes vs cur...
    Found 1 potential answers
  Phase 8: IMPROVE - Evaluating integration safety...
    ⏸️  Manual review needed: This involves major architectural changes to critical trading infrastructure including real-time data processing, model inference optimization, and execution systems. Automatic integration could introduce system instability, data loss, execution errors, or financial losses. The complexity spans multiple components (Kafka, databases, ML models, trading APIs) that require careful coordination, performance testing, and gradual rollout with proper safeguards.
  Question 5: What backtesting framework could we build to measure if our ...
    Found 1 potential answers
  Phase 8: IMPROVE - Evaluating integration safety...
    ⏸️  Manual review needed: This is a comprehensive guide for building backtesting systems, not a simple integration. It involves: 1) Installing and configuring complex financial libraries (vectorbt, backtrader), 2) Setting up data pipelines for historical price data, 3) Implementing custom trading logic with real money implications, 4) Requires domain expertise in quantitative finance and risk management. Auto-integrating financial trading code without proper testing and validation could lead to significant financial losses.

======================================================================
Cycle 87 complete
Next cycle in 10 minutes...
======================================================================

Sleeping for 7m 51s...
(Press Ctrl+C to stop)


======================================================================
CONTINUOUS IMPROVER - CYCLE 88
2026-01-29 22:22:51
======================================================================

Phase 1: PERCEIVE - Analyzing current performance...
  Trading: 35 cycles
  Signals: active
  System: running

Phase 4: QUESTION - Generating improvement questions...
  Generated 5 questions:
    1. Why has the last trading cycle been stale for over 16 hours (since 2026-01-29T05:50:22) - is the signal detection pipeline failing to capture new bookmarks or is the analysis engine not triggering properly?
    2. How can I reduce the "social noise" problem where 4/4 signals are dismissed as hype without actionable data - should I integrate real-time price feeds, on-chain analytics, or volume scanners to validate social signals faster?
    3. What specific data sources would give me the "edge" I'm missing - should I add Hyperliquid API for orderbook data, Dune Analytics for whale tracking, or Twitter API for timestamp verification of trending signals?
    4. How can I optimize the 15-minute opportunity window when my current analysis shows "None" for immediate trades - should I reduce scan frequency to 5 minutes or add technical indicators to the bookmark analysis pipeline?
    5. Why am I only averaging 4.0 signals per cycle when I've analyzed 126 bookmarks total - is my signal filtering too aggressive, or should I expand beyond bookmarks to include RSS feeds, Telegram channels, or Discord alpha groups?

Phase 3: LEARN - Searching for answers...
  Question 1: Why has the last trading cycle been stale for over 16 hours ...
    Found 1 potential answers
  Phase 8: IMPROVE - Evaluating integration safety...
    ⏸️  Manual review needed: This is a critical production system failure requiring immediate human attention. The trading pipeline being stale for 16+ hours indicates a serious operational issue that could be caused by multiple factors (data source failures, authentication issues, resource constraints, or code bugs). Automated integration of any changes during a system outage could mask the root cause, introduce additional failures, or interfere with ongoing debugging efforts. This requires manual diagnosis, root cause analysis, and controlled remediation by a human operator who can assess the full system state.
  Question 2: How can I reduce the "social noise" problem where 4/4 signal...
    Found 2 potential answers
  Phase 8: IMPROVE - Evaluating integration safety...
    ⏸️  Manual review needed: This involves major trading system modifications including new external APIs, complex scoring algorithms, position sizing changes, and real-time execution logic. Automatic integration could introduce bugs in live trading, API failures, or incorrect signal filtering. The stable 4.0 signals per cycle baseline could be disrupted. Each component (price feeds, on-chain analytics, volume scanners) needs individual testing and gradual rollout to avoid system failures or trading losses.
  Question 3: What specific data sources would give me the "edge" I'm miss...
    Found 1 potential answers
  Phase 8: IMPROVE - Evaluating integration safety...
    ⏸️  Manual review needed: This involves adding new external APIs with financial implications, rate limiting concerns, potential costs, security considerations for API keys, and strategic trading decisions that require human judgment. Each data source (Hyperliquid, Dune Analytics, Twitter API) has different integration requirements, pricing models, and risk profiles that need careful evaluation.
  Question 4: How can I optimize the 15-minute opportunity window when my ...
    Found 2 potential answers
  Phase 8: IMPROVE - Evaluating integration safety...
    ⏸️  Manual review needed: Trading strategy modifications involve significant financial risk. Reducing scan frequency from 15 to 5 minutes increases API calls 3x and may generate false signals. Adding new technical indicators to the pipeline without backtesting could produce unreliable signals. The internal analysis shows stable 4.0 signals per cycle, suggesting the current system is functional. Any changes should be paper-traded first, then gradually deployed with kill switches and position sizing limits.
  Question 5: Why am I only averaging 4.0 signals per cycle when I've anal...
    Found 1 potential answers
  Phase 8: IMPROVE - Evaluating integration safety...
    ⏸️  Manual review needed: This involves expanding data sources (RSS, Telegram, Discord) which requires API keys, rate limiting considerations, potential costs, and filtering algorithm changes that could significantly impact signal quality. The 3.2% hit rate may actually be appropriate for avoiding noise, and changes could introduce false positives or miss critical signals. Manual analysis of current bookmark performance and gradual testing of new sources is essential.

======================================================================
Cycle 88 complete
Next cycle in 10 minutes...
======================================================================

Sleeping for 8m 10s...
(Press Ctrl+C to stop)


======================================================================
CONTINUOUS IMPROVER - CYCLE 89
2026-01-29 22:32:51
======================================================================

Phase 1: PERCEIVE - Analyzing current performance...
  Trading: 35 cycles
  Signals: active
  System: running

Phase 4: QUESTION - Generating improvement questions...
  Generated 5 questions:
    1. Why hasn't the trading system executed a new analysis cycle in over 16 hours, and what specific bottlenecks or failures are preventing fresh signal generation and market analysis?
    2. How can I implement real-time price/volume data integration to validate social signals with actual market movements, rather than relying solely on narrative hype without OHLCV confirmation?
    3. What additional high-signal data sources beyond the current 126 bookmarks should I integrate to capture actionable alpha before it becomes "social noise" - such as on-chain whale tracking, options flow, or insider wallet monitoring?
    4. Should I implement a tiered signal confidence scoring system that automatically filters out promotional content and unverified claims, focusing compute resources only on signals with measurable edge potential?
    5. How can I reduce the analysis-to-execution latency from 15+ minutes to under 60 seconds for true scalping opportunities, possibly through automated trigger conditions rather than manual review cycles?

Phase 3: LEARN - Searching for answers...
  Question 1: Why hasn't the trading system executed a new analysis cycle ...
    Found 1 potential answers
  Phase 8: IMPROVE - Evaluating integration safety...
    ⏸️  Manual review needed: This is a production trading system issue requiring immediate manual investigation. The system has been down for 16+ hours, which could involve critical failures in data feeds, API connections, or processing infrastructure. Automated integration cannot address the root cause and could potentially interfere with troubleshooting efforts or mask underlying problems. This requires human expertise to diagnose logs, check system resources, verify connections, and safely restart services without risking further trading disruptions.
  Question 2: How can I implement real-time price/volume data integration ...
    Found 1 potential answers
  Phase 8: IMPROVE - Evaluating integration safety...
    ⏸️  Manual review needed: This involves complex financial data integration with real-time market feeds, social media APIs, and trading logic. Automatic integration could lead to incorrect trading signals, financial losses, API rate limiting issues, data quality problems, and potential security vulnerabilities. The implementation requires careful architecture design, proper error handling, backtesting, and gradual rollout with human oversight.
  Question 3: What additional high-signal data sources beyond the current ...
    Found 1 potential answers
  Phase 8: IMPROVE - Evaluating integration safety...
    ⏸️  Manual review needed: This is a strategic recommendation for adding new data sources and tools, not a direct system improvement. It involves: 1) Evaluating and subscribing to new paid services (Arkham, Nansen, etc.), 2) Setting up API integrations with rate limits and costs, 3) Reorganizing existing bookmark structure, 4) Potential security risks from connecting wallet monitoring tools, and 5) Need for manual curation of high-signal sources. This requires human judgment for cost-benefit analysis, privacy considerations, and integration prioritization.
  Question 4: Should I implement a tiered signal confidence scoring system...
    Found 1 potential answers
  Phase 8: IMPROVE - Evaluating integration safety...
    ⏸️  Manual review needed: This involves fundamental changes to signal processing and resource allocation that could filter out valid signals or miss important opportunities. The tiered scoring system needs extensive validation against historical data, and the promotional content filters could have false positives. Additionally, concentrating compute resources based on confidence scores could create blind spots. This requires careful testing, human validation of filtering rules, and phased deployment with rollback capabilities.
  Question 5: How can I reduce the analysis-to-execution latency from 15+ ...
    Found 1 potential answers
  Phase 8: IMPROVE - Evaluating integration safety...
    ⏸️  Manual review needed: This involves automated financial trading systems with sub-minute execution that could cause significant financial losses, regulatory violations, or market disruption. The suggestions include modifying trading algorithms, removing manual review cycles, and implementing automated triggers - all of which require human oversight, regulatory compliance verification, and extensive testing. Financial trading automation has inherent risks that mandate manual review regardless of technical feasibility.

======================================================================
Cycle 89 complete
Next cycle in 10 minutes...
======================================================================

Sleeping for 8m 3s...
(Press Ctrl+C to stop)


======================================================================
CONTINUOUS IMPROVER - CYCLE 90
2026-01-29 22:42:51
======================================================================

Phase 1: PERCEIVE - Analyzing current performance...
  Trading: 35 cycles
  Signals: active
  System: running

Phase 4: QUESTION - Generating improvement questions...
  Generated 5 questions:
    1. Why has the last cycle analysis been stale for over 16 hours (timestamp shows 2026-01-29T05:50:22) - is the trading cycle execution stuck or are we not finding any actionable signals to analyze?
    2. The analysis consistently shows "PASS" recommendations due to "social noise, not signals" - should we expand beyond Twitter bookmarks to include on-chain data feeds, order book analysis, or institutional flow data for better signal quality?
    3. With 126 total bookmarks analyzed but only 4.0 average signals per cycle, are we being too restrictive in our filtering criteria or do we need better signal sources that provide higher-conviction opportunities?
    4. The system identifies AI/crypto narrative trends but lacks real-time price/volume confirmation - should we integrate live market data APIs (DEX aggregators, CEX feeds) to validate social signals with actual trading activity?
    5. Current risk assessment shows max 0.5% position sizing due to low confidence - what specific metrics or confirmation signals would we need to justify higher conviction trades and better capital utilization?

Phase 3: LEARN - Searching for answers...
  Question 1: Why has the last cycle analysis been stale for over 16 hours...
    Found 1 potential answers
  Phase 8: IMPROVE - Evaluating integration safety...
    ⏸️  Manual review needed: This is a diagnostic issue about a potentially malfunctioning trading system, not an improvement to integrate. The stale cycle analysis could indicate system failures, API issues, or stuck execution that requires immediate manual investigation. Automated integration is not applicable here - this needs human troubleshooting of the trading infrastructure.
  Question 2: The analysis consistently shows "PASS" recommendations due t...
    Found 2 potential answers
  Phase 8: IMPROVE - Evaluating integration safety...
    ⏸️  Manual review needed: This involves major architectural changes including new API integrations (on-chain data, exchange APIs, institutional data feeds), expanded data storage requirements, complex multi-modal ML models, and significant cost implications. Each data source has different rate limits, costs, and reliability profiles. The suggested improvements require careful evaluation of data quality, model retraining, backtesting, and gradual rollout rather than automatic integration.
  Question 3: With 126 total bookmarks analyzed but only 4.0 average signa...
    Found 1 potential answers
  Phase 8: IMPROVE - Evaluating integration safety...
    ⏸️  Manual review needed: This involves fundamental changes to trading signal filtering and source selection which directly impacts financial performance. The recommendations include dynamic threshold adjustments, new data sources, scoring systems, and regime detection - all of which require careful validation, backtesting, and risk assessment. Automatic integration could lead to significant losses if the new logic fails or introduces bugs. Manual review is essential to evaluate current performance metrics, test new approaches safely, and implement changes incrementally.
  Question 4: The system identifies AI/crypto narrative trends but lacks r...
    Found 1 potential answers
  Phase 8: IMPROVE - Evaluating integration safety...
    ⏸️  Manual review needed: While the improvement is valuable, integrating live market data APIs involves multiple risks: API rate limits and costs, real-time data reliability, potential system performance impacts, external dependencies that could fail, and the need for proper error handling. The complexity of correlating social signals with market data requires careful validation logic and testing. This is a significant system enhancement that needs manual review of architecture, API selection, cost implications, and proper implementation of data validation and fallback mechanisms.
  Question 5: Current risk assessment shows max 0.5% position sizing due t...
    Found 1 potential answers
  Phase 8: IMPROVE - Evaluating integration safety...
    ⏸️  Manual review needed: This involves fundamental changes to position sizing and risk management that could significantly impact capital allocation. The suggested metrics and formulas need validation against historical data, proper implementation of kill switches, and gradual testing. Automated integration without proper validation could lead to substantial losses if the confidence scoring or risk calculations are flawed. Risk management changes require human judgment and cannot be safely automated without extensive testing period.

======================================================================
Cycle 90 complete
Next cycle in 10 minutes...
======================================================================

Sleeping for 7m 56s...
(Press Ctrl+C to stop)


======================================================================
CONTINUOUS IMPROVER - CYCLE 91
2026-01-29 22:52:51
======================================================================

Phase 1: PERCEIVE - Analyzing current performance...
  Trading: 35 cycles
  Signals: active
  System: running

Phase 4: QUESTION - Generating improvement questions...
  Generated 5 questions:
    1. Why haven't we processed any new trading cycles in over 16 hours (last cycle timestamp shows 2026-01-29T05:50:22 but current time shows 22:52:51), and what system bottleneck is preventing fresh signal analysis?
    2. How can we improve signal quality beyond the current 126 bookmarks analyzed when our last analysis showed "zero edge" and pure "social noise" - should we integrate real-time price feeds, order book data, or on-chain analytics to validate social signals?
    3. What specific technical indicators or market data sources should we add to complement Twitter sentiment analysis, given that our last recommendation was to "PASS" due to lack of "TA/volume/OHLCV data"?
    4. Should we implement automated backtesting on our signal patterns (like the AI/crypto crossover trend we identified) to quantify actual edge before making trading recommendations?
    5. How can we reduce the lag between signal detection and actionable analysis - our current 15-minute opportunity window seems too narrow when we're identifying trends hours after they emerge?

Phase 3: LEARN - Searching for answers...
  Question 1: Why haven't we processed any new trading cycles in over 16 h...
    Found 1 potential answers
  Phase 8: IMPROVE - Evaluating integration safety...
    ⏸️  Manual review needed: This is a critical production trading system issue requiring immediate human intervention. The 16-hour delay in trading cycles could indicate serious problems like data pipeline failures, API outages, or system resource exhaustion. Automated integration would be inappropriate here as it requires real-time system analysis, log review, and potentially financial decision-making. The suggested diagnostic steps involve system commands and manual verification that must be executed by qualified operators who understand the trading infrastructure and can assess financial impact.
  Question 2: How can we improve signal quality beyond the current 126 boo...
    Found 2 potential answers
  Phase 8: IMPROVE - Evaluating integration safety...
    ⏸️  Manual review needed: This involves major architectural changes including real-time data feeds, order book APIs, on-chain analytics integration, and new ML models. These changes could affect trading decisions/financial outcomes, require new external dependencies, and need extensive backtesting. The current system shows 'zero edge' which suggests fundamental issues that automated integration cannot safely resolve.
  Question 3: What specific technical indicators or market data sources sh...
    Found 1 potential answers
  Phase 8: IMPROVE - Evaluating integration safety...
    ⏸️  Manual review needed: This is a comprehensive system overhaul involving multiple data sources, new dependencies, financial calculations, and trading logic changes. Automatic integration could introduce data quality issues, calculation errors, performance problems, or trading losses. The complexity requires careful testing, validation of financial calculations, and gradual rollout.
  Question 4: Should we implement automated backtesting on our signal patt...
    Found 1 potential answers
  Phase 8: IMPROVE - Evaluating integration safety...
    ⏸️  Manual review needed: This is a major system enhancement requiring: 1) Selection and integration of backtesting frameworks with financial data dependencies, 2) Implementation of complex statistical validation methods, 3) Financial regulatory compliance considerations for trading recommendations, 4) Potential liability issues from automated trading signals, 5) Need for extensive testing with real market data and transaction costs. This cannot be safely automated and requires careful human oversight, proper risk management protocols, and potentially legal review before implementation.
  Question 5: How can we reduce the lag between signal detection and actio...
    Found 1 potential answers
  Phase 8: IMPROVE - Evaluating integration safety...
    ⏸️  Manual review needed: This involves major architectural changes to signal processing infrastructure including streaming analytics, edge computing, model optimization, and parallel processing. These changes could impact system stability, data integrity, and existing workflows. The suggestions require careful planning, testing, and phased rollout rather than automatic integration.

======================================================================
Cycle 91 complete
Next cycle in 10 minutes...
======================================================================

Sleeping for 8m 6s...
(Press Ctrl+C to stop)


======================================================================
CONTINUOUS IMPROVER - CYCLE 92
2026-01-29 23:02:52
======================================================================

Phase 1: PERCEIVE - Analyzing current performance...
  Trading: 35 cycles
  Signals: active
  System: running

Phase 4: QUESTION - Generating improvement questions...
  Generated 5 questions:
    1. Why haven't we processed any new trading cycles in over 17 hours, and what system bottlenecks are preventing real-time signal analysis and execution?
    2. How can we expand beyond the current 126 bookmarks to include real-time price feeds, on-chain transaction monitoring, and whale wallet tracking to generate actionable signals with verifiable edge?
    3. What specific quantitative filters should we implement to automatically reject "social noise" signals and only surface opportunities with confirmed volume spikes, technical breakouts, or unusual on-chain activity?
    4. How can we reduce analysis time from 15+ minutes to under 2 minutes while maintaining quality, potentially through pre-computed technical indicators and automated pattern recognition?
    5. What new data sources (DEX aggregators, options flow, funding rates, social sentiment APIs) should we integrate to identify emerging trends before they become "pure narrative hype"?

Phase 3: LEARN - Searching for answers...
  Question 1: Why haven't we processed any new trading cycles in over 17 h...
    Found 1 potential answers
  Phase 8: IMPROVE - Evaluating integration safety...
    ⏸️  Manual review needed: This involves a critical trading system malfunction affecting real-time operations and financial transactions. The 17-hour processing delay suggests serious infrastructure issues that could result in significant financial losses. Automated changes to trading systems without human oversight could exacerbate the problem, trigger unintended trades, or violate regulatory compliance. The response correctly identifies this as requiring manual troubleshooting of logs, performance metrics, and system architecture rather than automated fixes.
  Question 2: How can we expand beyond the current 126 bookmarks to includ...
    Found 1 potential answers
  Phase 8: IMPROVE - Evaluating integration safety...
    ⏸️  Manual review needed: This involves major system changes including: 1) Financial data APIs with rate limits and costs, 2) Real-time data streaming infrastructure, 3) Database architecture for time-series data, 4) Trading signal generation with financial implications, 5) External service integrations (exchanges, blockchain APIs), 6) Complex ML/AI model implementation. These changes require careful planning, testing, security considerations, and could have significant operational and financial impacts that cannot be safely automated.
  Question 3: What specific quantitative filters should we implement to au...
    Found 1 potential answers
  Phase 8: IMPROVE - Evaluating integration safety...
    ⏸️  Manual review needed: This involves complex quantitative trading filters that could significantly impact financial decisions. The implementation includes market data APIs, real-time trading signals, and automated rejection criteria that could cause substantial financial losses if misconfigured. The code examples show direct trading logic with hardcoded thresholds that may not be appropriate for all market conditions. Additionally, the system would need access to sensitive financial data and APIs, introducing security risks. This requires careful backtesting, gradual rollout, and human oversight rather than automatic integration.
  Question 4: How can we reduce analysis time from 15+ minutes to under 2 ...
    Found 1 potential answers
  Phase 8: IMPROVE - Evaluating integration safety...
    ⏸️  Manual review needed: This is a major architectural overhaul involving database changes, caching layers, AI model integration, streaming analytics, and background processes. Automatic integration could break existing analysis workflows, introduce data inconsistencies, performance issues, or security vulnerabilities. The suggested changes affect core system infrastructure and require careful testing, monitoring, and gradual rollout to ensure reliability and maintain analysis quality.
  Question 5: What new data sources (DEX aggregators, options flow, fundin...
    Found 1 potential answers
  Phase 8: IMPROVE - Evaluating integration safety...
    ⏸️  Manual review needed: This involves integrating multiple third-party APIs with rate limits, authentication requirements, and potential costs. It requires setting up monitoring infrastructure, webhook systems, and involves joining community platforms. Each data source needs individual evaluation for reliability, API stability, and terms of service. The implementation spans weeks and requires manual verification of signal quality through backtesting. Auto-integration could lead to service disruptions, unexpected costs, or unreliable data feeds.

======================================================================
Cycle 92 complete
Next cycle in 10 minutes...
======================================================================

Sleeping for 7m 16s...
(Press Ctrl+C to stop)


======================================================================
CONTINUOUS IMPROVER - CYCLE 93
2026-01-29 23:20:07
======================================================================

Phase 1: PERCEIVE - Analyzing current performance...
  Trading: 35 cycles
  Signals: active
  System: running

Phase 4: QUESTION - Generating improvement questions...
  Generated 6 questions:
    1. Why has the trading analysis been completely static for over 17 hours (last cycle timestamp shows 2026-01-29T05:50:22 but current time is 23:20+) - is the trading cycle loop broken or stuck?
    2. How can I improve signal filtering to move beyond "pure narrative hype" and "social noise" to find actionable opportunities with actual edge - should I integrate real-time price/volume data feeds?
    3. What additional data sources beyond bookmarks (currently 126 analyzed) should I integrate to get earlier, higher-conviction signals - on-chain analytics, options flow, or whale wallet trackers?
    4. Given that my last recommendation was "PASS" with "zero edge," how can I adjust my analysis framework to identify positive-expectancy setups instead of only filtering out bad ones?
    5. Should I implement automated position sizing and risk management rules beyond the basic "max 0.5% portfolio" guidance to actually execute trades rather than just analyze them?
    6. How can I reduce the lag between signal detection and analysis - the system shows 93 health cycles but only 35 trading cycles, suggesting I'm monitoring but not acting fast enough?

Phase 3: LEARN - Searching for answers...
  Question 1: Why has the trading analysis been completely static for over...
    Found 1 potential answers
  Phase 8: IMPROVE - Evaluating integration safety...
    ⏸️  Manual review needed: This is not an improvement but a critical system failure. A trading system being frozen for 17+ hours could lead to significant financial losses, missed opportunities, or data corruption. The answer provided is generic troubleshooting advice, not a specific fix. Automated integration would be inappropriate here as it requires immediate manual investigation to determine root cause, assess potential damage, and implement proper remediation.
  Question 2: How can I improve signal filtering to move beyond "pure narr...
    Found 1 potential answers
  Phase 8: IMPROVE - Evaluating integration safety...
    ⏸️  Manual review needed: This involves complex financial trading decisions with significant monetary risk. Automated integration of trading signals, real-time data feeds, or quantitative models without human oversight could result in substantial financial losses. The recommendation involves sophisticated algorithmic trading concepts that require domain expertise, proper backtesting, risk management, and regulatory compliance considerations that cannot be safely automated.
  Question 3: What additional data sources beyond bookmarks (currently 126...
    Found 1 potential answers
  Phase 8: IMPROVE - Evaluating integration safety...
    ⏸️  Manual review needed: This involves multiple paid APIs (Nansen, FlowAlgo, Dune Analytics), significant code changes to the data pipeline, new machine learning models, and potential financial costs. It requires manual decisions on: 1) Which APIs to prioritize based on budget, 2) Data storage and processing infrastructure changes, 3) Model architecture redesign, 4) API rate limiting and cost management, 5) Testing framework for new signals before live trading. The recommendation spans weeks of development work and could impact existing bookmark analysis performance.
  Question 4: Given that my last recommendation was "PASS" with "zero edge...
    Found 1 potential answers
  Phase 8: IMPROVE - Evaluating integration safety...
    ⏸️  Manual review needed: This involves major structural changes to the trading analysis framework including: 1) Replacing binary decision logic with scoring systems, 2) Adding new data dependencies (options flow, volatility forecasting), 3) Implementing dynamic risk adjustment that could affect position sizing, 4) Using untested 'trending' models from recent GitHub repositories. These changes could significantly alter trading behavior and risk exposure, requiring careful backtesting and validation before deployment.
  Question 5: Should I implement automated position sizing and risk manage...
    Found 1 potential answers
  Phase 8: IMPROVE - Evaluating integration safety...
    ⏸️  Manual review needed: This involves automated financial decision-making that could result in significant monetary losses. The answer provides theoretical frameworks but lacks specific implementation details, testing procedures, or safety guardrails. Automated position sizing and risk management systems require extensive backtesting, paper trading validation, and gradual rollout with manual oversight. The complexity of factors like correlation matrices, volatility regimes, and Kelly Criterion implementations creates multiple failure points that could compound losses rather than manage risk.
  Question 6: How can I reduce the lag between signal detection and analys...
    Found 1 potential answers
  Phase 8: IMPROVE - Evaluating integration safety...
    ⏸️  Manual review needed: This involves fundamental changes to trading system architecture, execution speed, and signal processing. The suggestions include infrastructure changes, code modifications, and new dependencies that could affect trading performance, introduce bugs, or create new failure points. The 35/93 cycle ratio indicates a significant issue that requires careful analysis to identify the root cause before implementing solutions. Automatic integration could disrupt live trading operations or introduce latency in different parts of the system.

======================================================================
Cycle 93 complete
Next cycle in 10 minutes...
======================================================================

Sleeping for 0m 0s...
(Press Ctrl+C to stop)


======================================================================
CONTINUOUS IMPROVER - CYCLE 94
2026-01-29 23:41:39
======================================================================

Phase 1: PERCEIVE - Analyzing current performance...
  Trading: 35 cycles
  Signals: active
  System: running

Phase 4: QUESTION - Generating improvement questions...
  Generated 5 questions:
    1. Why haven't we executed any new trading cycles in over 18 hours despite the system running continuously - are we missing actionable opportunities or is our signal filtering too conservative?
    2. How can we diversify beyond Twitter/social sentiment to capture price action, volume spikes, and on-chain data that would provide tradeable signals with actual edge?
    3. What real-time data feeds (orderbook imbalances, whale transactions, options flow, funding rates) should we integrate to identify 15-minute opportunities before they become "social noise"?
    4. Should we implement tiered confidence scoring that allows smaller position sizes on medium-confidence signals rather than passing on everything that isn't perfect?
    5. How can we automate the monitoring of specific technical triggers (like the Hyperliquid $HYPER levels mentioned) so we can act on our own analysis recommendations instead of just identifying them?

Phase 3: LEARN - Searching for answers...
  Question 1: Why haven't we executed any new trading cycles in over 18 ho...
    Found 1 potential answers
  Phase 8: IMPROVE - Evaluating integration safety...
    ⏸️  Manual review needed: This involves a live trading system with real financial exposure. The answer provides diagnostic guidance but doesn't contain specific fixes. Any changes to signal filtering thresholds, trading parameters, or system behavior could result in significant financial losses. This requires careful manual analysis of system logs, backtesting of any proposed changes, and human judgment about market conditions before implementation.
  Question 2: How can we diversify beyond Twitter/social sentiment to capt...
    Found 1 potential answers
  Phase 8: IMPROVE - Evaluating integration safety...
    ⏸️  Manual review needed: This is a complete overhaul of trading strategy and infrastructure, not a simple improvement. It involves: 1) Integrating multiple new external APIs and data sources with unknown reliability/costs, 2) Implementing complex financial algorithms that could lead to significant losses if incorrect, 3) Setting up new infrastructure for real-time blockchain monitoring, 4) Requires extensive backtesting and validation before deployment, 5) Involves high-frequency trading decisions with real financial risk. This needs careful human oversight, gradual implementation, and thorough testing.
  Question 3: What real-time data feeds (orderbook imbalances, whale trans...
    Found 1 potential answers
  Phase 8: IMPROVE - Evaluating integration safety...
    ⏸️  Manual review needed: This involves integrating real-time financial market data feeds for trading opportunities, which carries significant risks: 1) Financial liability from automated trading decisions, 2) Regulatory compliance requirements for financial data handling, 3) Market manipulation concerns with whale tracking and MEV detection, 4) High-frequency data feeds require specialized infrastructure and error handling, 5) Potential legal issues with proprietary trading strategies, 6) Data privacy concerns with wallet tracking. This requires expert financial engineering review and cannot be safely automated.
  Question 4: Should we implement tiered confidence scoring that allows sm...
    Found 1 potential answers
  Phase 8: IMPROVE - Evaluating integration safety...
    ⏸️  Manual review needed: Tiered confidence scoring fundamentally changes position sizing and risk exposure. It requires: 1) Custom confidence calculation implementation that could introduce bugs, 2) Strategy logic overhaul that affects every trade decision, 3) Risk management recalibration to handle variable position sizes, 4) Extensive testing to validate confidence thresholds don't increase losses, and 5) Market condition adaptation. The answer provides only general guidance without specific implementation details, making automated integration impossible without significant manual development and testing.
  Question 5: How can we automate the monitoring of specific technical tri...
    Found 1 potential answers
  Phase 8: IMPROVE - Evaluating integration safety...
    ⏸️  Manual review needed: This involves automated trading with real financial assets, requires external API integrations, trading bot development, and execution capabilities that could result in financial losses. The suggestion involves complex infrastructure setup (cloud hosting, databases, exchange APIs) and financial decision automation that requires careful manual implementation, testing, and risk management rather than automatic integration.

======================================================================
Cycle 94 complete
Next cycle in 10 minutes...
======================================================================

Sleeping for 8m 13s...
(Press Ctrl+C to stop)


======================================================================
CONTINUOUS IMPROVER - CYCLE 95
2026-01-29 23:51:40
======================================================================

Phase 1: PERCEIVE - Analyzing current performance...
  Trading: 35 cycles
  Signals: active
  System: running

Phase 4: QUESTION - Generating improvement questions...
  Generated 5 questions:
    1. Why has the last trading cycle been stuck at cycle 5 from over 18 hours ago - is the signal detection pipeline broken or are we missing new bookmark feeds entirely?
    2. How can we move beyond pure social sentiment analysis to integrate real-time price action, volume spikes, and orderbook data to create actionable 15-minute opportunities instead of constantly passing?
    3. What additional high-alpha signal sources should we integrate beyond the current 126 bookmarks - are we missing key whale trackers, on-chain analytics, or insider trading channels?
    4. Should we lower our signal quality threshold or create tiered confidence levels to capture more marginal opportunities, given we're currently passing on everything due to "zero edge"?
    5. How can we implement automated backtesting on our "PASS" decisions to quantify whether we're being too conservative and missing profitable trades in the AI/crypto narrative plays we're identifying?

Phase 3: LEARN - Searching for answers...
  Question 1: Why has the last trading cycle been stuck at cycle 5 from ov...
    Found 1 potential answers
  Phase 8: IMPROVE - Evaluating integration safety...
    ⏸️  Manual review needed: This is a troubleshooting request for a potentially broken trading system, not an improvement to integrate. The response correctly identifies this as a diagnostic issue requiring manual investigation. Automatically integrating anything into a trading system that's potentially malfunctioning could cause financial losses or worsen the problem. The stuck cycle could indicate serious system issues that need human analysis.
  Question 2: How can we move beyond pure social sentiment analysis to int...
    Found 1 potential answers
  Phase 8: IMPROVE - Evaluating integration safety...
    ⏸️  Manual review needed: This involves: 1) Financial trading algorithms that could cause monetary losses, 2) Real-time market data integration requiring API keys and subscriptions, 3) Complex multi-modal ML model architecture changes, 4) Trading execution systems that need regulatory compliance, 5) Risk management frameworks that require domain expertise. These changes require human oversight, testing in paper trading environments, regulatory review, and gradual implementation with proper safeguards.
  Question 3: What additional high-alpha signal sources should we integrat...
    Found 1 potential answers
  Phase 8: IMPROVE - Evaluating integration safety...
    ⏸️  Manual review needed: This involves adding external data sources that could: 1) Have varying terms of service and legal restrictions 2) Include paid services requiring authentication/API keys 3) Potentially access sensitive trading information 4) Require compliance review for insider trading regulations 5) Need rate limiting and error handling 6) May contain unreliable or manipulated signals. Each source needs individual vetting for reliability, legality, and technical integration requirements before automation.
  Question 4: Should we lower our signal quality threshold or create tiere...
    Found 2 potential answers
  Phase 8: IMPROVE - Evaluating integration safety...
    ⏸️  Manual review needed: This involves fundamental changes to trading logic and risk management. Lowering signal thresholds or implementing tiered confidence levels directly affects position sizing and trade execution, which could lead to increased losses if not properly validated. The 'zero edge' situation suggests the current model may have deeper issues that need manual analysis first. Any changes to signal quality thresholds must be thoroughly backtested across multiple market conditions and gradually implemented with strict risk controls.
  Question 5: How can we implement automated backtesting on our "PASS" dec...
    Found 1 potential answers
  Phase 8: IMPROVE - Evaluating integration safety...
    ⏸️  Manual review needed: This involves creating entirely new trading infrastructure including shadow portfolios, automated threshold adjustments, and position sizing algorithms. Any bugs could lead to significant financial losses. The complexity of integrating multiple data sources (social sentiment, on-chain data, news sentiment) and the dynamic adjustment of trading thresholds based on backtesting results requires careful manual implementation and extensive testing before automation. Additionally, the recommendation to adjust entry/exit criteria automatically based on historical performance could lead to overfitting and poor forward performance.

======================================================================
Cycle 95 complete
Next cycle in 10 minutes...
======================================================================

Sleeping for 8m 4s...
(Press Ctrl+C to stop)


======================================================================
CONTINUOUS IMPROVER - CYCLE 96
2026-01-30 00:01:41
======================================================================

Phase 1: PERCEIVE - Analyzing current performance...
  Trading: 35 cycles
  Signals: active
  System: running

Phase 4: QUESTION - Generating improvement questions...
  Generated 5 questions:
    1. Why hasn't the trading cycle updated in over 18 hours (last cycle timestamp is 2026-01-29T05:50:22 but current time shows 2026-01-30T00:01:41) - is there a critical failure in the signal processing pipeline that's preventing new analysis?
    2. The last analysis showed a complete "PASS" with zero actionable trades due to "pure narrative hype" - should I implement a secondary filter system to pre-screen social signals for actual price/volume correlation before they reach the main analysis stage?
    3. With 126 bookmarks analyzed but only 4 signals per cycle producing no trades, what's my signal-to-noise ratio threshold and should I be scanning higher-conviction sources like on-chain whale movements, options flow, or futures positioning data instead of social media?
    4. The analysis mentions monitoring specific price levels for $HYPER (long at $0.45, stop $0.42, target $0.52) but shows no mechanism for automated execution - should I integrate real-time price alerts and order placement capabilities for when technical conditions are met?
    5. Given that the system has been running for 16 hours with 96 cycles but the trading component seems stalled at cycle 5, should I implement separate health monitoring for each subsystem and automatic restart protocols when components fail?

Phase 3: LEARN - Searching for answers...
  Question 1: Why hasn't the trading cycle updated in over 18 hours (last ...
    Found 1 potential answers
  Phase 8: IMPROVE - Evaluating integration safety...
    ⏸️  Manual review needed: This indicates a critical failure in a live trading system that has been down for 18+ hours. The response provides general troubleshooting advice but doesn't identify the root cause. Automated integration could interfere with emergency diagnostics or recovery procedures. Trading systems require human oversight for failure scenarios to prevent financial losses. The future timestamps (2026) also suggest potential system clock issues that need manual verification.
  Question 2: The last analysis showed a complete "PASS" with zero actiona...
    Found 1 potential answers
  Phase 8: IMPROVE - Evaluating integration safety...
    ✅ Safe to integrate (high confidence)
    ⏸️  Needs review: No auto-integration path defined
  Question 3: With 126 bookmarks analyzed but only 4 signals per cycle pro...
    Found 2 potential answers
  Phase 8: IMPROVE - Evaluating integration safety...
    ⏸️  Manual review needed: This involves fundamental changes to data sources and signal processing that could dramatically alter trading behavior. Adding whale tracking, options flow, and futures positioning requires new API integrations, authentication, rate limiting considerations, and most critically - new signal weighting/correlation logic that could generate false positives or dramatically increase trade frequency. The current 0% conversion rate suggests filtering issues that need human analysis first.
  Question 4: The analysis mentions monitoring specific price levels for $...
    Found 1 potential answers
  Phase 8: IMPROVE - Evaluating integration safety...
    ⏸️  Manual review needed: Automated trading systems involve direct financial risk and potential significant losses. This requires: 1) Exchange API security considerations, 2) Real money at risk with automated execution, 3) Complex error handling for network/exchange failures, 4) Regulatory compliance issues, 5) Need for extensive backtesting and paper trading phases, 6) Proper risk management controls. This is not a simple configuration change but a fundamental system architecture change that could result in financial losses if implemented incorrectly.
  Question 5: Given that the system has been running for 16 hours with 96 ...
    Found 1 potential answers
  Phase 8: IMPROVE - Evaluating integration safety...
    ⏸️  Manual review needed: While health monitoring is critical, automatic restart protocols for trading systems pose significant risks: 1) Automatic restarts could disrupt active trades or positions, 2) State recovery failures could lead to duplicate orders or position mismatches, 3) Circuit breaker implementations need careful calibration to avoid false positives during high volatility, 4) The current 91-cycle lag suggests a deeper issue that automatic restarts might mask rather than solve, 5) Trading systems require human oversight for restart decisions to prevent financial losses. The monitoring components can be safely added, but restart automation should require manual approval initially.

======================================================================
Cycle 96 complete
Next cycle in 10 minutes...
======================================================================

Sleeping for 8m 6s...
(Press Ctrl+C to stop)


======================================================================
CONTINUOUS IMPROVER - CYCLE 97
2026-01-30 00:11:42
======================================================================

Phase 1: PERCEIVE - Analyzing current performance...
  Trading: 35 cycles
  Signals: active
  System: running

Phase 4: QUESTION - Generating improvement questions...
  Generated 5 questions:
    1. Why has the trading cycle been stuck at cycle 5 with the same timestamp (2026-01-29T05:50:22) for over 18 hours across all recent history entries - is the trading analysis pipeline frozen or failing to process new signals?
    2. With an average of 4.0 signals per cycle but consistent "PASS" recommendations due to "social noise, not signals," what specific filtering criteria should be implemented to differentiate actionable alpha from hype before signals reach the analysis stage?
    3. How can I integrate real-time price action, volume data, and orderbook analysis for the mentioned assets (like $HYPER, BTC, ETH, FET, TAO) to validate social signals with actual market movements instead of relying purely on narrative assessment?
    4. What automated monitoring system should be built to track the specific conditions mentioned in analyses (like "Hyperliquid $HYPER for >10% 15m wick + whale txns") and trigger alerts when these technical setups actually occur?
    5. Given that 126 bookmarks have been analyzed but recent cycles show low-quality signals, should I diversify signal sources beyond bookmarks to include on-chain data feeds, orderbook APIs, and real-time market scanners to improve signal-to-noise ratio?

Phase 3: LEARN - Searching for answers...
  Question 1: Why has the trading cycle been stuck at cycle 5 with the sam...
    Found 1 potential answers
  Phase 8: IMPROVE - Evaluating integration safety...
    ⏸️  Manual review needed: This indicates a critical system failure in a trading pipeline that has been stuck for 18+ hours. The response provides troubleshooting guidance but doesn't actually resolve the underlying issue. Trading systems require immediate manual intervention when stuck, as automated changes could worsen the situation or cause financial losses. The timestamp being from 2026 also suggests potential system clock issues that need human verification.
  Question 2: With an average of 4.0 signals per cycle but consistent "PAS...
    Found 1 potential answers
  Phase 8: IMPROVE - Evaluating integration safety...
    ⏸️  Manual review needed: The answer provides valuable signal filtering concepts but lacks specific implementation details, thresholds, or integration points with the existing system. Implementing signal filtering requires careful calibration of parameters (credibility scores, volume correlation thresholds, cross-verification requirements) that could significantly impact signal flow and trading performance if misconfigured. The 4.0 signals/cycle with consistent PASS recommendations suggests systematic issues that need human evaluation to avoid over-filtering legitimate signals or under-filtering noise.
  Question 3: How can I integrate real-time price action, volume data, and...
    Found 1 potential answers
  Phase 8: IMPROVE - Evaluating integration safety...
    ⏸️  Manual review needed: This is a complex trading system integration that involves: 1) Real-time financial data APIs requiring authentication and rate limiting, 2) Multiple external service dependencies (Binance, Reddit, Twitter APIs), 3) Database architecture decisions, 4) Financial risk management considerations, 5) Potential regulatory compliance issues, 6) Real money trading implications. This requires careful human oversight, testing in sandbox environments, and gradual implementation with proper risk controls.
  Question 4: What automated monitoring system should be built to track th...
    Found 1 potential answers
  Phase 8: IMPROVE - Evaluating integration safety...
    ⏸️  Manual review needed: This involves creating a complex financial monitoring system that requires: 1) Real-time API connections to cryptocurrency exchanges, 2) Custom trading algorithm development, 3) Database infrastructure setup, 4) Alert system integration, 5) Potential financial risks from automated trading signals. This is a major development project requiring careful architecture, testing, and risk management rather than an automated integration.
  Question 5: Given that 126 bookmarks have been analyzed but recent cycle...
    Found 2 potential answers
  Phase 8: IMPROVE - Evaluating integration safety...
    ⏸️  Manual review needed: Adding multiple new data sources (on-chain APIs, orderbook feeds, market scanners) involves significant infrastructure changes, external dependencies, potential API costs, rate limiting issues, and complex signal fusion logic. The current system processes 126 bookmarks at 4.0 signals per cycle - integrating real-time feeds could dramatically alter system behavior, create cascading failures, or produce false signals that lead to poor trading decisions. This requires careful testing, validation, and phased rollout rather than automatic integration.

======================================================================
Cycle 97 complete
Next cycle in 10 minutes...
======================================================================

Sleeping for 7m 54s...
(Press Ctrl+C to stop)


======================================================================
CONTINUOUS IMPROVER - CYCLE 98
2026-01-30 00:21:42
======================================================================

Phase 1: PERCEIVE - Analyzing current performance...
  Trading: 35 cycles
  Signals: active
  System: running

Phase 4: QUESTION - Generating improvement questions...
  Generated 6 questions:
    1. Why has the trading cycle been stuck at cycle 5 for over 18 hours with the same stale analysis from 2026-01-29T05:50:22, and what's preventing new signal processing and fresh market analysis?
    2. How can I implement real-time price data feeds and volume analysis to avoid situations where I'm forced to PASS due to "no TA/volume/OHLCV data" when evaluating signals?
    3. What specific criteria should I establish to filter out "social noise" earlier in the pipeline, so I'm not analyzing 4 low-quality hype signals when I could focus on fewer, higher-probability setups?
    4. How can I integrate on-chain data verification tools (like whale wallet tracking, DEX volume monitoring, or smart money flow analysis) to validate the insider/whale signals I'm currently dismissing as "unverified"?
    5. What's the optimal signal scanning frequency and bookmark analysis cadence to capture actionable 15-minute opportunities, given that my current cycle timing seems misaligned with fast-moving crypto markets?
    6. How can I develop a scoring system for signal quality that automatically prioritizes bookmarks with timestamp recency, verifiable data sources, and correlation to actual price movements over narrative-based alpha calls?

Phase 3: LEARN - Searching for answers...
  Question 1: Why has the trading cycle been stuck at cycle 5 for over 18 ...
    Found 1 potential answers
  Phase 8: IMPROVE - Evaluating integration safety...
    ⏸️  Manual review needed: This is an operational issue with a live trading system that's been stuck for 18+ hours, not an improvement to integrate. The response correctly identifies this as a troubleshooting scenario requiring manual intervention. Automatically 'integrating' troubleshooting advice into a stuck system could be dangerous and won't resolve the underlying technical problem causing the cycle to hang.
  Question 2: How can I implement real-time price data feeds and volume an...
    Found 1 potential answers
  Phase 8: IMPROVE - Evaluating integration safety...
    ⏸️  Manual review needed: This improvement involves significant architectural changes including: 1) Adding external API dependencies (Alpha Vantage, Polygon.io, IEX Cloud) that require API keys and account setup, 2) Implementing real-time WebSocket connections that could impact system stability, 3) Adding new libraries (talib, ccxt, vectorbt) that may have compatibility issues, 4) Creating persistent data storage and buffering systems, 5) Integrating ML models for signal validation. These changes require careful testing, error handling, and could break existing functionality if not properly implemented. The implementation should be done incrementally with proper testing at each phase.
  Question 3: What specific criteria should I establish to filter out "soc...
    Found 2 potential answers
  Phase 8: IMPROVE - Evaluating integration safety...
    ⏸️  Manual review needed: This involves fundamental changes to signal processing pipeline that could filter out profitable signals if criteria are poorly calibrated. The filtering thresholds, scoring weights, and source quality metrics need careful backtesting and gradual implementation. Additionally, automating social media filtering without human oversight could miss context-dependent opportunities or create blind spots in market awareness.
  Question 4: How can I integrate on-chain data verification tools (like w...
    Found 1 potential answers
  Phase 8: IMPROVE - Evaluating integration safety...
    ⏸️  Manual review needed: This is not a simple integration but a comprehensive development project requiring: 1) Multiple API integrations with paid services, 2) Custom code development for data pipelines and ML models, 3) Cost implications ($150-500/month for tools), 4) Security considerations for handling API keys and wallet data, 5) Backtesting and validation requirements. The complexity and external dependencies make automatic integration unsafe without human planning and oversight.
  Question 5: What's the optimal signal scanning frequency and bookmark an...
    Found 2 potential answers
  Phase 8: IMPROVE - Evaluating integration safety...
    ⏸️  Manual review needed: Changing scanning frequency from current stable 4.0 signals/cycle to 30-60 second intervals represents a major shift that could: 1) Generate excessive API calls leading to rate limiting, 2) Increase false signals and overtrading, 3) Impact system performance with higher data processing load, 4) Change risk profile significantly without validation. The suggested WebSocket connections and sub-second data processing are architectural changes requiring careful testing.
  Question 6: How can I develop a scoring system for signal quality that a...
    Found 2 potential answers
  Phase 8: IMPROVE - Evaluating integration safety...
    ⏸️  Manual review needed: This involves: 1) Complex ML components (transformer models, time-series validation) that need careful tuning, 2) New data dependencies (APIs, external sources) that could fail, 3) Financial decision-making logic that requires extensive backtesting, 4) Performance implications from real-time correlation calculations, and 5) Potential for false signals if scoring weights are miscalibrated. The framework is comprehensive but needs careful implementation and validation to avoid degrading existing bookmark quality or introducing biased filtering.

======================================================================
Cycle 98 complete
Next cycle in 10 minutes...
======================================================================

Sleeping for 7m 27s...
(Press Ctrl+C to stop)


======================================================================
CONTINUOUS IMPROVER - CYCLE 99
2026-01-30 00:31:43
======================================================================

Phase 1: PERCEIVE - Analyzing current performance...
  Trading: 35 cycles
  Signals: active
  System: running

Phase 4: QUESTION - Generating improvement questions...
  Generated 5 questions:
    1. Why has the last trading cycle been stuck at cycle 5 from nearly 19 hours ago, and what system bottleneck is preventing new trading cycles from being generated despite 99+ system health cycles running?
    2. How can I distinguish between "social noise" and early alpha signals more effectively, given that the current analysis consistently rates signal confidence as "Low" and recommends "PASS" on all opportunities?
    3. What additional real-time data sources (order book depth, on-chain transaction flows, cross-exchange arbitrage signals) should I integrate to complement Twitter sentiment and reduce reliance on unverifiable hype?
    4. Should I implement tiered signal processing where high-conviction setups get sub-15-minute analysis cycles while low-quality signals get filtered out earlier to improve signal-to-noise ratio?
    5. How can I build a feedback loop to track the actual performance of passed opportunities (like the Hyperliquid $HYPER setup at $0.45) to validate whether my "PASS" decisions are protecting capital or missing profitable trades?

Phase 3: LEARN - Searching for answers...
  Question 1: Why has the last trading cycle been stuck at cycle 5 from ne...
    Found 1 potential answers
  Phase 8: IMPROVE - Evaluating integration safety...
    ⏸️  Manual review needed: This indicates a critical system failure in a live trading environment. The answer provides general troubleshooting guidance but doesn't contain actual diagnostic data or fixes. Automatically integrating generic troubleshooting steps could interfere with active trading operations, potentially causing financial losses. The 19-hour stuck cycle suggests a serious production issue requiring immediate human expertise to diagnose root cause and implement appropriate fixes safely.
  Question 2: How can I distinguish between "social noise" and early alpha...
    Found 1 potential answers
  Phase 8: IMPROVE - Evaluating integration safety...
    ⏸️  Manual review needed: The suggested improvements involve fundamental changes to signal processing algorithms, require new ML models and training data, need external integrations (GitHub repos, prediction markets), and could significantly alter trading decision logic. These changes could introduce bugs, create new attack vectors, affect system performance, and require extensive testing with financial implications. This is a strategic enhancement requiring careful planning, not an automatic integration.
  Question 3: What additional real-time data sources (order book depth, on...
    Found 1 potential answers
  Phase 8: IMPROVE - Evaluating integration safety...
    ⏸️  Manual review needed: This is a major system overhaul involving: 1) Multiple external API dependencies that could fail or change, 2) Financial trading logic that could cause monetary losses if implemented incorrectly, 3) Complex real-time data processing requiring careful error handling, 4) ML model architecture changes that need backtesting, 5) Risk management systems that require domain expertise to implement safely. Each component needs careful manual review, testing, and gradual rollout.
  Question 4: Should I implement tiered signal processing where high-convi...
    Found 2 potential answers
  Phase 8: IMPROVE - Evaluating integration safety...
    ⏸️  Manual review needed: This is a fundamental architectural change to signal processing that affects core trading logic, resource allocation, and execution timing. It requires: 1) New signal scoring algorithms that could introduce bugs, 2) Complex multi-tier processing that could create latency issues or system failures, 3) Modified position sizing and risk management that could impact P&L, 4) Extensive backtesting to validate the filtering effectiveness, and 5) Careful monitoring to ensure high-quality signals aren't accidentally filtered out. The potential for false negatives (missing good trades) or system performance degradation makes this unsuitable for automatic integration.
  Question 5: How can I build a feedback loop to track the actual performa...
    Found 1 potential answers
  Phase 8: IMPROVE - Evaluating integration safety...
    ⏸️  Manual review needed: This is a complex framework requiring multiple manual decisions: choosing specific tools, defining custom metrics, setting up data pipelines, and creating analysis processes. It involves external APIs, database setup, and trading-specific configurations that need human judgment to implement safely and effectively. The suggestion is valuable but requires substantial manual work to build the tracking system.

======================================================================
Cycle 99 complete
Next cycle in 10 minutes...
======================================================================

Sleeping for 7m 59s...
(Press Ctrl+C to stop)


======================================================================
CONTINUOUS IMPROVER - CYCLE 100
2026-01-30 00:41:43
======================================================================

Phase 1: PERCEIVE - Analyzing current performance...
  Trading: 35 cycles
  Signals: active
  System: running

Phase 4: QUESTION - Generating improvement questions...
  Generated 6 questions:
    1. Why has the last cycle remained stagnant at cycle 5 from Jan 29th while system uptime continues increasing - is the trading cycle logic broken or are we not detecting new signals?
    2. With 126 total bookmarks analyzed but only 4.0 average signals per cycle, are we being too restrictive in signal qualification or missing actionable opportunities in the noise?
    3. The last analysis shows "PASS" on all opportunities due to "pure narrative hype" - should we develop sentiment momentum indicators to catch profitable hype cycles before they peak?
    4. Our current analysis focuses heavily on 15-minute immediate opportunities but keeps finding none - should we expand timeframes to 1-4 hour windows where social signals might have more predictable price impact?
    5. We're monitoring Hyperliquid $HYPER with specific entry/exit levels ($0.45/$0.42/$0.52) but have no automated execution - should we integrate API trading capabilities for validated setups?
    6. The system identified AI/crypto crossover trends (Claude bots, Polymarket whales) but couldn't monetize them - do we need specialized scanners for on-chain whale tracking and DEX volume spikes?

Phase 3: LEARN - Searching for answers...
  Question 1: Why has the last cycle remained stagnant at cycle 5 from Jan...
    Found 1 potential answers
  Phase 8: IMPROVE - Evaluating integration safety...
    ⏸️  Manual review needed: Trading cycle logic affects real money positions and automated changes could force incorrect cycle advancements, leading to financial losses. The issue could be intentional (no valid signals due to market conditions) or a bug. Need human analysis to distinguish between normal operation during low-signal periods versus actual system malfunction before implementing any fixes.
  Question 2: With 126 total bookmarks analyzed but only 4.0 average signa...
    Found 1 potential answers
  Phase 8: IMPROVE - Evaluating integration safety...
    ⏸️  Manual review needed: This involves changing financial signal filtering criteria which could significantly impact trading decisions. The 3.2% signal rate suggests either overly restrictive filters or low-quality bookmarks. Automatically relaxing thresholds without understanding false positive/negative rates, historical accuracy, and market context could lead to increased noise, poor trading decisions, and financial losses. This requires careful human review of backtesting data and risk assessment.
  Question 3: The last analysis shows "PASS" on all opportunities due to "...
    Found 1 potential answers
  Phase 8: IMPROVE - Evaluating integration safety...
    ⏸️  Manual review needed: Sentiment momentum trading carries significant risks: false signals from bot manipulation, cascade failures during sentiment reversals, regulatory concerns with social media scraping, potential over-optimization to recent hype cycles, and substantial financial exposure to volatile narrative-driven markets. This requires careful manual evaluation of strategy design, risk controls, and regulatory compliance before any automated integration.
  Question 4: Our current analysis focuses heavily on 15-minute immediate ...
    Found 1 potential answers
  Phase 8: IMPROVE - Evaluating integration safety...
    ⏸️  Manual review needed: This represents a fundamental change to trading strategy timeframes that could significantly alter risk exposure, position holding periods, and capital requirements. Extended timeframes mean longer exposure to market volatility, different liquidity conditions, and potentially larger drawdowns. The suggestion involves complex multi-platform sentiment analysis with unproven correlation patterns that require extensive validation before automation.
  Question 5: We're monitoring Hyperliquid $HYPER with specific entry/exit...
    Found 1 potential answers
  Phase 8: IMPROVE - Evaluating integration safety...
    ⏸️  Manual review needed: This involves automated financial trading which carries significant financial risk. The answer correctly identifies key considerations but lacks specific implementation details, current API documentation, and proper risk safeguards. Automated trading systems require thorough testing, proper risk management, regulatory compliance checks, and gradual implementation with small positions. The financial implications of bugs or misconfigurations could be severe.
  Question 6: The system identified AI/crypto crossover trends (Claude bot...
    Found 2 potential answers
  Phase 8: IMPROVE - Evaluating integration safety...
    ⏸️  Manual review needed: This involves building entirely new specialized scanning infrastructure for on-chain whale tracking and DEX monitoring. Requires new APIs (Nansen, Arkham, Moralis), real-time WebSocket connections, and complex pattern recognition models. The financial risks are significant (front-running, MEV extraction), regulatory compliance is uncertain, and technical complexity is very high. Current system only generates 4.0 signals per cycle - adding unproven whale tracking could introduce false signals or system instability. This needs careful manual development, testing, and risk assessment before any automated integration.

======================================================================
Cycle 100 complete
Next cycle in 10 minutes...
======================================================================

Sleeping for 7m 49s...
(Press Ctrl+C to stop)


======================================================================
CONTINUOUS IMPROVER - CYCLE 101
2026-01-30 00:51:44
======================================================================

Phase 1: PERCEIVE - Analyzing current performance...
  Trading: 35 cycles
  Signals: active
  System: running

Phase 4: QUESTION - Generating improvement questions...
  Generated 5 questions:
    1. Why hasn't there been a new trading cycle in nearly 19 hours since cycle 5 on 2026-01-29T05:50:22 - are we missing actionable signals or is the signal detection threshold too conservative?
    2. The last analysis showed a complete PASS on all 4 signals due to "pure narrative hype" - should we develop a framework to extract edge from social sentiment momentum even when fundamentals are weak?
    3. With 126 total bookmarks analyzed but only 35 trading cycles completed, what's the conversion rate from signals to actionable trades, and how can we improve signal filtering to focus on higher-probability setups?
    4. The system correctly identified AI/crypto crossover trends and specific price targets for $HYPER ($0.45 entry, $0.42 stop, $0.52 target) but didn't execute - should we implement automated position sizing for medium-conviction plays when clear risk parameters are defined?
    5. Since the last actionable analysis mentioned monitoring "Hyperliquid leaderboards/Twitter for $HYPER pumps" and whale transactions, do we need real-time on-chain monitoring and social media sentiment scoring to catch these moves as they happen rather than in post-analysis?

Phase 3: LEARN - Searching for answers...
  Question 1: Why hasn't there been a new trading cycle in nearly 19 hours...
    Found 1 potential answers
  Phase 8: IMPROVE - Evaluating integration safety...
    ⏸️  Manual review needed: This involves a live trading system with real financial risk. The 19-hour gap in trading cycles could indicate system failures, data feed issues, or significant market regime changes. Automatically adjusting signal detection thresholds or parameters without human oversight could lead to: 1) False signals causing bad trades, 2) Masking underlying system problems, 3) Financial losses from poorly calibrated risk parameters. The response correctly identifies this needs systematic debugging rather than automated fixes.
  Question 2: The last analysis showed a complete PASS on all 4 signals du...
    Found 1 potential answers
  Phase 8: IMPROVE - Evaluating integration safety...
    ⏸️  Manual review needed: This involves developing a completely new trading strategy based on social sentiment momentum without fundamental support. The risks include: 1) High volatility and unpredictable sentiment-driven moves, 2) Potential for significant losses during sentiment reversals, 3) Need for sophisticated risk management and position sizing, 4) Requires extensive backtesting and validation, 5) May conflict with existing risk management protocols. This is a strategic decision that requires human oversight, not an automated integration.
  Question 3: With 126 total bookmarks analyzed but only 35 trading cycles...
    Found 1 potential answers
  Phase 8: IMPROVE - Evaluating integration safety...
    ⏸️  Manual review needed: Trading system modifications involve significant financial risk. The suggested changes include multiple complex filtering algorithms, threshold adjustments, and code modifications that could dramatically alter trading behavior. Each component needs individual testing, the multi-timeframe confirmation and dynamic thresholds could introduce bugs or unintended behavior, and the 27.8% conversion rate may actually be optimal for the current strategy. Automated integration could result in substantial trading losses without proper validation.
  Question 4: The system correctly identified AI/crypto crossover trends a...
    Found 1 potential answers
  Phase 8: IMPROVE - Evaluating integration safety...
    ⏸️  Manual review needed: Automated position sizing with execution involves real financial risk and requires extensive testing. While the framework suggestions are sound, implementing automated trading without proper safeguards, backtesting, and risk management protocols could lead to significant losses. The system should first prove reliability in paper trading environments with multiple market conditions before handling real capital.
  Question 5: Since the last actionable analysis mentioned monitoring "Hyp...
    Found 1 potential answers
  Phase 8: IMPROVE - Evaluating integration safety...
    ⏸️  Manual review needed: Real-time trading systems involve multiple high-risk factors: 1) Financial exposure to automated decisions, 2) Complex technical infrastructure with WebSocket connections, databases, and alert systems, 3) API dependencies on third-party services with rate limits and costs, 4) Security risks from handling trading signals and wallet monitoring, 5) Potential for false signals leading to bad trades, 6) Regulatory compliance considerations for automated trading. This requires careful planning, testing, and gradual rollout rather than automatic integration.

======================================================================
Cycle 101 complete
Next cycle in 10 minutes...
======================================================================

Sleeping for 8m 8s...
(Press Ctrl+C to stop)


======================================================================
CONTINUOUS IMPROVER - CYCLE 102
2026-01-30 01:01:44
======================================================================

Phase 1: PERCEIVE - Analyzing current performance...
  Trading: 35 cycles
  Signals: active
  System: running

Phase 4: QUESTION - Generating improvement questions...
  Generated 5 questions:
    1. Why hasn't the last trading cycle updated in over 19 hours (stuck at cycle 5 from Jan 29th 05:50), and what systematic issue is preventing new signal processing despite 102 system health cycles running?
    2. How can I shift from pure social sentiment analysis to incorporating real-time price action, volume spikes, and on-chain data to generate actionable signals instead of consistently recommending "PASS" on opportunities?
    3. What additional data sources beyond the current 126 bookmarks should I integrate (DEX aggregators, whale alert APIs, options flow, funding rates) to identify edge before it becomes "social noise"?
    4. How can I reduce the gap between signal detection and market execution - what would enable me to spot and act on opportunities in the 1-5 minute window instead of the current 15+ minute analysis timeframe?
    5. What specific criteria should I develop to automatically filter high-probability setups from hype, and how can I backtest these criteria against historical bookmark signals to improve win rate?

Phase 3: LEARN - Searching for answers...
  Question 1: Why hasn't the last trading cycle updated in over 19 hours (...
    Found 1 potential answers
  Phase 8: IMPROVE - Evaluating integration safety...
    ⏸️  Manual review needed: This involves a critical trading system malfunction with stuck cycles and failed signal processing. Any automated integration could interfere with financial operations, potentially causing trading losses or system corruption. The 19-hour delay and cycle being stuck at a specific timestamp suggests a serious underlying issue that needs human diagnosis before any modifications are made to the system.
  Question 2: How can I shift from pure social sentiment analysis to incor...
    Found 1 potential answers
  Phase 8: IMPROVE - Evaluating integration safety...
    ⏸️  Manual review needed: This involves major architectural changes including: 1) New real-time data feeds requiring API keys and rate limiting, 2) Complex multi-modal signal fusion algorithms that could produce unpredictable results, 3) Financial trading logic with real monetary risk, 4) Multiple external dependencies (exchanges, on-chain data providers), 5) Risk management systems that need careful calibration. The scope is too large for safe automatic integration and requires human oversight, testing, and gradual rollout.
  Question 3: What additional data sources beyond the current 126 bookmark...
    Found 1 potential answers
  Phase 8: IMPROVE - Evaluating integration safety...
    ⏸️  Manual review needed: This involves: 1) Multiple paid API subscriptions with cost implications, 2) Complex real-time data processing that could affect trading performance, 3) Third-party dependencies that could fail or change, 4) Financial risk from automated signal processing, 5) Need for backtesting before deployment, 6) Discord bots requiring authentication and permissions, 7) Custom webhook architecture requiring infrastructure changes. Each component needs individual evaluation, testing, and gradual rollout.
  Question 4: How can I reduce the gap between signal detection and market...
    Found 1 potential answers
  Phase 8: IMPROVE - Evaluating integration safety...
    ⏸️  Manual review needed: This involves fundamental changes to trading systems that could result in significant financial losses if implemented incorrectly. Key risks include: 1) Real-time trading systems require extensive backtesting and paper trading before live deployment, 2) Infrastructure changes (WebSockets, Redis, co-location) need careful architecture planning, 3) Regulatory compliance requirements for automated trading systems, 4) Risk management systems must be updated to handle faster execution speeds, 5) Code examples provided are illustrative but not production-ready, 6) Performance optimizations could introduce bugs in critical financial operations. Each component requires careful validation, testing in isolated environments, and gradual rollout with proper monitoring and circuit breakers.
  Question 5: What specific criteria should I develop to automatically fil...
    Found 1 potential answers
  Phase 8: IMPROVE - Evaluating integration safety...
    ⏸️  Manual review needed: This involves financial trading strategy development which requires: 1) Custom criteria development based on individual risk profile and strategy, 2) Access to historical market data and backtesting infrastructure, 3) Validation against specific 'bookmark signals' which are user-defined, 4) Potential financial risk if automated without proper testing and validation, 5) No standardized implementation can be safely applied without understanding the user's specific trading methodology and risk parameters

======================================================================
Cycle 102 complete
Next cycle in 10 minutes...
======================================================================

Sleeping for 7m 41s...
(Press Ctrl+C to stop)


======================================================================
CONTINUOUS IMPROVER - CYCLE 103
2026-01-30 01:11:44
======================================================================

Phase 1: PERCEIVE - Analyzing current performance...
  Trading: 35 cycles
  Signals: active
  System: running

Phase 4: QUESTION - Generating improvement questions...
  Generated 5 questions:
    1. Why has there been no new trading cycle for over 19 hours since January 29th, and should the system trigger more frequent analysis cycles even when bookmark count remains static at 126?
    2. Given that the last 4 signals were all classified as "social noise" with zero actionable trades, what specific data sources or signal types should be added to increase the ratio of high-conviction opportunities?
    3. How can the system integrate real-time price action, volume data, and orderbook analysis to validate social signals before they reach the analysis stage, rather than relying purely on bookmark sentiment?
    4. Should the system implement tiered signal processing where high-frequency micro-opportunities (1-5 min timeframes) are analyzed separately from longer narrative plays to capture more trading edges?
    5. What specific on-chain monitoring tools or APIs should be integrated to verify whale wallet activities and transaction flows mentioned in signals like the "$3.9M Polymarket winner" and "clawdbot wallet" in real-time?

Phase 3: LEARN - Searching for answers...
  Question 1: Why has there been no new trading cycle for over 19 hours si...
    Found 1 potential answers
  Phase 8: IMPROVE - Evaluating integration safety...
    ⏸️  Manual review needed: Trading system modifications require careful analysis of the specific implementation. A 19-hour delay could indicate critical issues like API failures, authentication problems, or data pipeline errors. Automatically implementing time-based triggers without understanding the root cause could mask serious problems, create redundant executions, or interfere with existing logic. The static bookmark count of 126 may be intentional behavior that needs human interpretation.
  Question 2: Given that the last 4 signals were all classified as "social...
    Found 1 potential answers
  Phase 8: IMPROVE - Evaluating integration safety...
    ⏸️  Manual review needed: This involves major system changes including: 1) Adding multiple new data sources requiring API integrations, authentication, and cost management, 2) Implementing complex ML models (transformers, reinforcement learning, graph neural networks) that need training and validation, 3) Modifying core signal processing logic and scoring systems, 4) Adding new dependencies and external data providers that could introduce failure points, 5) Financial risk from untested signal modifications that could impact trading decisions. Each component needs individual evaluation, testing, and gradual rollout.
  Question 3: How can the system integrate real-time price action, volume ...
    Found 1 potential answers
  Phase 8: IMPROVE - Evaluating integration safety...
    ⏸️  Manual review needed: This improvement involves major infrastructure changes including: 1) Adding real-time exchange data feeds with WebSocket connections, 2) Implementing new databases (Redis, InfluxDB) and streaming systems (Kafka), 3) Creating complex multi-modal AI models combining social and market data, 4) Building orderbook analysis and volume validation systems. These changes affect core system architecture, introduce new external dependencies, require significant testing, and could impact system stability and performance. The integration touches multiple critical components and requires careful planning, staged implementation, and thorough validation before deployment.
  Question 4: Should the system implement tiered signal processing where h...
    Found 2 potential answers
  Phase 8: IMPROVE - Evaluating integration safety...
    ⏸️  Manual review needed: This is a fundamental architectural change that affects core signal processing, position sizing, and risk management. The current system processes 4.0 signals per cycle - adding tiered processing could dramatically increase signal volume and complexity. This requires: 1) Extensive backtesting to validate performance across timeframes, 2) New risk management frameworks to handle conflicting signals, 3) Position sizing logic redesign, 4) Correlation analysis between micro and macro signals, and 5) Testing of signal fusion mechanisms. The potential for unintended interactions between timeframes and execution conflicts makes this unsuitable for automatic integration.
  Question 5: What specific on-chain monitoring tools or APIs should be in...
    Found 2 potential answers
  Phase 8: IMPROVE - Evaluating integration safety...
    ⏸️  Manual review needed: This involves integrating multiple third-party APIs that require API keys, may have significant costs, could hit rate limits, and involves tracking financial activities which has legal/compliance implications. The suggestion mentions both free and paid tiers but doesn't specify implementation details. Additionally, real-time whale tracking could be considered market manipulation or insider trading in some jurisdictions. Each API integration needs individual security review, cost analysis, and legal approval.

======================================================================
Cycle 103 complete
Next cycle in 10 minutes...
======================================================================

Sleeping for 7m 57s...
(Press Ctrl+C to stop)


======================================================================
CONTINUOUS IMPROVER - CYCLE 104
2026-01-30 01:21:45
======================================================================

Phase 1: PERCEIVE - Analyzing current performance...
❌ Error in cycle: Expecting property name enclosed in double quotes: line 10 column 1 (char 5967)
Waiting 60 seconds before retry...

======================================================================
CONTINUOUS IMPROVER - CYCLE 105
2026-01-30 01:22:45
======================================================================

Phase 1: PERCEIVE - Analyzing current performance...
❌ Error in cycle: Expecting property name enclosed in double quotes: line 10 column 1 (char 5967)
Waiting 60 seconds before retry...

======================================================================
CONTINUOUS IMPROVER - CYCLE 106
2026-01-30 01:23:45
======================================================================

Phase 1: PERCEIVE - Analyzing current performance...
❌ Error in cycle: Expecting property name enclosed in double quotes: line 10 column 1 (char 5967)
Waiting 60 seconds before retry...

======================================================================
CONTINUOUS IMPROVER - CYCLE 107
2026-01-30 01:24:45
======================================================================

Phase 1: PERCEIVE - Analyzing current performance...
❌ Error in cycle: Expecting property name enclosed in double quotes: line 10 column 1 (char 5967)
Waiting 60 seconds before retry...

======================================================================
CONTINUOUS IMPROVER - CYCLE 108
2026-01-30 01:25:45
======================================================================

Phase 1: PERCEIVE - Analyzing current performance...
❌ Error in cycle: Expecting property name enclosed in double quotes: line 10 column 1 (char 5967)
Waiting 60 seconds before retry...

======================================================================
CONTINUOUS IMPROVER - CYCLE 109
2026-01-30 01:26:45
======================================================================

Phase 1: PERCEIVE - Analyzing current performance...
❌ Error in cycle: Expecting property name enclosed in double quotes: line 10 column 1 (char 5967)
Waiting 60 seconds before retry...

======================================================================
CONTINUOUS IMPROVER - CYCLE 110
2026-01-30 01:27:45
======================================================================

Phase 1: PERCEIVE - Analyzing current performance...
❌ Error in cycle: Expecting property name enclosed in double quotes: line 10 column 1 (char 5967)
Waiting 60 seconds before retry...

======================================================================
CONTINUOUS IMPROVER - CYCLE 111
2026-01-30 01:28:45
======================================================================

Phase 1: PERCEIVE - Analyzing current performance...
❌ Error in cycle: Expecting property name enclosed in double quotes: line 10 column 1 (char 5967)
Waiting 60 seconds before retry...

======================================================================
CONTINUOUS IMPROVER - CYCLE 112
2026-01-30 01:29:45
======================================================================

Phase 1: PERCEIVE - Analyzing current performance...
❌ Error in cycle: Expecting property name enclosed in double quotes: line 10 column 1 (char 5967)
Waiting 60 seconds before retry...

======================================================================
CONTINUOUS IMPROVER - CYCLE 113
2026-01-30 01:30:45
======================================================================

Phase 1: PERCEIVE - Analyzing current performance...
❌ Error in cycle: Expecting property name enclosed in double quotes: line 10 column 1 (char 5967)
Waiting 60 seconds before retry...

======================================================================
CONTINUOUS IMPROVER - CYCLE 114
2026-01-30 01:31:45
======================================================================

Phase 1: PERCEIVE - Analyzing current performance...
❌ Error in cycle: Expecting property name enclosed in double quotes: line 10 column 1 (char 5967)
Waiting 60 seconds before retry...

======================================================================
CONTINUOUS IMPROVER - CYCLE 115
2026-01-30 01:32:45
======================================================================

Phase 1: PERCEIVE - Analyzing current performance...
❌ Error in cycle: Expecting property name enclosed in double quotes: line 10 column 1 (char 5967)
Waiting 60 seconds before retry...

======================================================================
CONTINUOUS IMPROVER - CYCLE 116
2026-01-30 01:33:45
======================================================================

Phase 1: PERCEIVE - Analyzing current performance...
❌ Error in cycle: Expecting property name enclosed in double quotes: line 10 column 1 (char 5967)
Waiting 60 seconds before retry...

======================================================================
CONTINUOUS IMPROVER - CYCLE 117
2026-01-30 01:34:45
======================================================================

Phase 1: PERCEIVE - Analyzing current performance...
❌ Error in cycle: Expecting property name enclosed in double quotes: line 10 column 1 (char 5967)
Waiting 60 seconds before retry...

======================================================================
CONTINUOUS IMPROVER - CYCLE 118
2026-01-30 01:35:45
======================================================================

Phase 1: PERCEIVE - Analyzing current performance...
❌ Error in cycle: Expecting property name enclosed in double quotes: line 10 column 1 (char 5967)
Waiting 60 seconds before retry...

======================================================================
CONTINUOUS IMPROVER - CYCLE 119
2026-01-30 01:36:45
======================================================================

Phase 1: PERCEIVE - Analyzing current performance...
❌ Error in cycle: Expecting property name enclosed in double quotes: line 10 column 1 (char 5967)
Waiting 60 seconds before retry...

======================================================================
CONTINUOUS IMPROVER - CYCLE 120
2026-01-30 01:37:45
======================================================================

Phase 1: PERCEIVE - Analyzing current performance...
❌ Error in cycle: Expecting property name enclosed in double quotes: line 10 column 1 (char 5967)
Waiting 60 seconds before retry...

======================================================================
CONTINUOUS IMPROVER - CYCLE 121
2026-01-30 01:38:45
======================================================================

Phase 1: PERCEIVE - Analyzing current performance...
❌ Error in cycle: Expecting property name enclosed in double quotes: line 10 column 1 (char 5967)
Waiting 60 seconds before retry...

======================================================================
CONTINUOUS IMPROVER - CYCLE 122
2026-01-30 01:39:45
======================================================================

Phase 1: PERCEIVE - Analyzing current performance...
❌ Error in cycle: Expecting property name enclosed in double quotes: line 10 column 1 (char 5967)
Waiting 60 seconds before retry...

======================================================================
CONTINUOUS IMPROVER - CYCLE 123
2026-01-30 01:40:45
======================================================================

Phase 1: PERCEIVE - Analyzing current performance...
❌ Error in cycle: Expecting property name enclosed in double quotes: line 10 column 1 (char 5967)
Waiting 60 seconds before retry...

======================================================================
CONTINUOUS IMPROVER - CYCLE 124
2026-01-30 01:41:45
======================================================================

Phase 1: PERCEIVE - Analyzing current performance...
❌ Error in cycle: Expecting property name enclosed in double quotes: line 10 column 1 (char 5967)
Waiting 60 seconds before retry...

======================================================================
CONTINUOUS IMPROVER - CYCLE 125
2026-01-30 01:42:45
======================================================================

Phase 1: PERCEIVE - Analyzing current performance...
❌ Error in cycle: Expecting property name enclosed in double quotes: line 10 column 1 (char 5967)
Waiting 60 seconds before retry...

======================================================================
CONTINUOUS IMPROVER - CYCLE 126
2026-01-30 01:43:45
======================================================================

Phase 1: PERCEIVE - Analyzing current performance...
❌ Error in cycle: Expecting property name enclosed in double quotes: line 10 column 1 (char 5967)
Waiting 60 seconds before retry...

======================================================================
CONTINUOUS IMPROVER - CYCLE 127
2026-01-30 01:44:45
======================================================================

Phase 1: PERCEIVE - Analyzing current performance...
❌ Error in cycle: Expecting property name enclosed in double quotes: line 10 column 1 (char 5967)
Waiting 60 seconds before retry...

======================================================================
CONTINUOUS IMPROVER - CYCLE 128
2026-01-30 01:45:45
======================================================================

Phase 1: PERCEIVE - Analyzing current performance...
❌ Error in cycle: Expecting property name enclosed in double quotes: line 10 column 1 (char 5967)
Waiting 60 seconds before retry...

======================================================================
CONTINUOUS IMPROVER - CYCLE 129
2026-01-30 01:46:45
======================================================================

Phase 1: PERCEIVE - Analyzing current performance...
❌ Error in cycle: Expecting property name enclosed in double quotes: line 10 column 1 (char 5967)
Waiting 60 seconds before retry...

======================================================================
CONTINUOUS IMPROVER - CYCLE 130
2026-01-30 01:47:45
======================================================================

Phase 1: PERCEIVE - Analyzing current performance...
❌ Error in cycle: Expecting property name enclosed in double quotes: line 10 column 1 (char 5967)
Waiting 60 seconds before retry...

======================================================================
CONTINUOUS IMPROVER - CYCLE 131
2026-01-30 01:48:45
======================================================================

Phase 1: PERCEIVE - Analyzing current performance...
❌ Error in cycle: Expecting property name enclosed in double quotes: line 10 column 1 (char 5967)
Waiting 60 seconds before retry...

======================================================================
CONTINUOUS IMPROVER - CYCLE 132
2026-01-30 01:49:45
======================================================================

Phase 1: PERCEIVE - Analyzing current performance...
❌ Error in cycle: Expecting property name enclosed in double quotes: line 10 column 1 (char 5967)
Waiting 60 seconds before retry...

======================================================================
CONTINUOUS IMPROVER - CYCLE 133
2026-01-30 01:50:45
======================================================================

Phase 1: PERCEIVE - Analyzing current performance...
❌ Error in cycle: Expecting property name enclosed in double quotes: line 10 column 1 (char 5967)
Waiting 60 seconds before retry...

======================================================================
CONTINUOUS IMPROVER - CYCLE 134
2026-01-30 01:51:45
======================================================================

Phase 1: PERCEIVE - Analyzing current performance...
❌ Error in cycle: Expecting property name enclosed in double quotes: line 10 column 1 (char 5967)
Waiting 60 seconds before retry...

======================================================================
CONTINUOUS IMPROVER - CYCLE 135
2026-01-30 01:52:45
======================================================================

Phase 1: PERCEIVE - Analyzing current performance...
❌ Error in cycle: Expecting property name enclosed in double quotes: line 10 column 1 (char 5967)
Waiting 60 seconds before retry...

======================================================================
CONTINUOUS IMPROVER - CYCLE 136
2026-01-30 01:53:45
======================================================================

Phase 1: PERCEIVE - Analyzing current performance...
❌ Error in cycle: Expecting property name enclosed in double quotes: line 10 column 1 (char 5967)
Waiting 60 seconds before retry...

======================================================================
CONTINUOUS IMPROVER - CYCLE 137
2026-01-30 01:54:45
======================================================================

Phase 1: PERCEIVE - Analyzing current performance...
❌ Error in cycle: Expecting property name enclosed in double quotes: line 10 column 1 (char 5967)
Waiting 60 seconds before retry...

======================================================================
CONTINUOUS IMPROVER - CYCLE 138
2026-01-30 01:55:45
======================================================================

Phase 1: PERCEIVE - Analyzing current performance...
❌ Error in cycle: Expecting property name enclosed in double quotes: line 10 column 1 (char 5967)
Waiting 60 seconds before retry...

======================================================================
CONTINUOUS IMPROVER - CYCLE 139
2026-01-30 01:56:45
======================================================================

Phase 1: PERCEIVE - Analyzing current performance...
❌ Error in cycle: Expecting property name enclosed in double quotes: line 10 column 1 (char 5967)
Waiting 60 seconds before retry...

======================================================================
CONTINUOUS IMPROVER - CYCLE 140
2026-01-30 01:57:45
======================================================================

Phase 1: PERCEIVE - Analyzing current performance...
❌ Error in cycle: Expecting property name enclosed in double quotes: line 10 column 1 (char 5967)
Waiting 60 seconds before retry...

======================================================================
CONTINUOUS IMPROVER - CYCLE 141
2026-01-30 01:58:45
======================================================================

Phase 1: PERCEIVE - Analyzing current performance...
❌ Error in cycle: Expecting property name enclosed in double quotes: line 10 column 1 (char 5967)
Waiting 60 seconds before retry...

======================================================================
CONTINUOUS IMPROVER - CYCLE 142
2026-01-30 01:59:45
======================================================================

Phase 1: PERCEIVE - Analyzing current performance...
❌ Error in cycle: Expecting property name enclosed in double quotes: line 10 column 1 (char 5967)
Waiting 60 seconds before retry...

======================================================================
CONTINUOUS IMPROVER - CYCLE 143
2026-01-30 02:00:45
======================================================================

Phase 1: PERCEIVE - Analyzing current performance...
❌ Error in cycle: Expecting property name enclosed in double quotes: line 10 column 1 (char 5967)
Waiting 60 seconds before retry...

======================================================================
CONTINUOUS IMPROVER - CYCLE 144
2026-01-30 02:01:45
======================================================================

Phase 1: PERCEIVE - Analyzing current performance...
❌ Error in cycle: Expecting property name enclosed in double quotes: line 10 column 1 (char 5967)
Waiting 60 seconds before retry...

======================================================================
CONTINUOUS IMPROVER - CYCLE 145
2026-01-30 02:02:45
======================================================================

Phase 1: PERCEIVE - Analyzing current performance...
❌ Error in cycle: Expecting property name enclosed in double quotes: line 10 column 1 (char 5967)
Waiting 60 seconds before retry...

======================================================================
CONTINUOUS IMPROVER - CYCLE 146
2026-01-30 02:03:45
======================================================================

Phase 1: PERCEIVE - Analyzing current performance...
❌ Error in cycle: Expecting property name enclosed in double quotes: line 10 column 1 (char 5967)
Waiting 60 seconds before retry...

======================================================================
CONTINUOUS IMPROVER - CYCLE 147
2026-01-30 02:04:45
======================================================================

Phase 1: PERCEIVE - Analyzing current performance...
❌ Error in cycle: Expecting property name enclosed in double quotes: line 10 column 1 (char 5967)
Waiting 60 seconds before retry...

======================================================================
CONTINUOUS IMPROVER - CYCLE 148
2026-01-30 02:05:45
======================================================================

Phase 1: PERCEIVE - Analyzing current performance...
❌ Error in cycle: Expecting property name enclosed in double quotes: line 10 column 1 (char 5967)
Waiting 60 seconds before retry...

======================================================================
CONTINUOUS IMPROVER - CYCLE 149
2026-01-30 02:06:45
======================================================================

Phase 1: PERCEIVE - Analyzing current performance...
❌ Error in cycle: Expecting property name enclosed in double quotes: line 10 column 1 (char 5967)
Waiting 60 seconds before retry...

======================================================================
CONTINUOUS IMPROVER - CYCLE 150
2026-01-30 02:07:45
======================================================================

Phase 1: PERCEIVE - Analyzing current performance...
❌ Error in cycle: Expecting property name enclosed in double quotes: line 10 column 1 (char 5967)
Waiting 60 seconds before retry...

======================================================================
CONTINUOUS IMPROVER - CYCLE 151
2026-01-30 02:08:45
======================================================================

Phase 1: PERCEIVE - Analyzing current performance...
❌ Error in cycle: Expecting property name enclosed in double quotes: line 10 column 1 (char 5967)
Waiting 60 seconds before retry...

======================================================================
CONTINUOUS IMPROVER - CYCLE 152
2026-01-30 02:09:45
======================================================================

Phase 1: PERCEIVE - Analyzing current performance...
❌ Error in cycle: Expecting property name enclosed in double quotes: line 10 column 1 (char 5967)
Waiting 60 seconds before retry...

======================================================================
CONTINUOUS IMPROVER - CYCLE 153
2026-01-30 02:10:45
======================================================================

Phase 1: PERCEIVE - Analyzing current performance...
❌ Error in cycle: Expecting property name enclosed in double quotes: line 10 column 1 (char 5967)
Waiting 60 seconds before retry...

======================================================================
CONTINUOUS IMPROVER - CYCLE 154
2026-01-30 02:11:45
======================================================================

Phase 1: PERCEIVE - Analyzing current performance...
❌ Error in cycle: Expecting property name enclosed in double quotes: line 10 column 1 (char 5967)
Waiting 60 seconds before retry...

======================================================================
CONTINUOUS IMPROVER - CYCLE 155
2026-01-30 02:12:45
======================================================================

Phase 1: PERCEIVE - Analyzing current performance...
❌ Error in cycle: Expecting property name enclosed in double quotes: line 10 column 1 (char 5967)
Waiting 60 seconds before retry...

======================================================================
CONTINUOUS IMPROVER - CYCLE 156
2026-01-30 02:13:45
======================================================================

Phase 1: PERCEIVE - Analyzing current performance...
❌ Error in cycle: Expecting property name enclosed in double quotes: line 10 column 1 (char 5967)
Waiting 60 seconds before retry...

======================================================================
CONTINUOUS IMPROVER - CYCLE 157
2026-01-30 02:14:45
======================================================================

Phase 1: PERCEIVE - Analyzing current performance...
❌ Error in cycle: Expecting property name enclosed in double quotes: line 10 column 1 (char 5967)
Waiting 60 seconds before retry...

======================================================================
CONTINUOUS IMPROVER - CYCLE 158
2026-01-30 02:15:45
======================================================================

Phase 1: PERCEIVE - Analyzing current performance...
❌ Error in cycle: Expecting property name enclosed in double quotes: line 10 column 1 (char 5967)
Waiting 60 seconds before retry...

======================================================================
CONTINUOUS IMPROVER - CYCLE 159
2026-01-30 02:16:45
======================================================================

Phase 1: PERCEIVE - Analyzing current performance...
❌ Error in cycle: Expecting property name enclosed in double quotes: line 10 column 1 (char 5967)
Waiting 60 seconds before retry...

======================================================================
CONTINUOUS IMPROVER - CYCLE 160
2026-01-30 02:17:45
======================================================================

Phase 1: PERCEIVE - Analyzing current performance...
❌ Error in cycle: Expecting property name enclosed in double quotes: line 10 column 1 (char 5967)
Waiting 60 seconds before retry...

======================================================================
CONTINUOUS IMPROVER - CYCLE 161
2026-01-30 02:18:45
======================================================================

Phase 1: PERCEIVE - Analyzing current performance...
❌ Error in cycle: Expecting property name enclosed in double quotes: line 10 column 1 (char 5967)
Waiting 60 seconds before retry...

======================================================================
CONTINUOUS IMPROVER - CYCLE 162
2026-01-30 02:19:45
======================================================================

Phase 1: PERCEIVE - Analyzing current performance...
❌ Error in cycle: Expecting property name enclosed in double quotes: line 10 column 1 (char 5967)
Waiting 60 seconds before retry...

======================================================================
CONTINUOUS IMPROVER - CYCLE 163
2026-01-30 02:20:45
======================================================================

Phase 1: PERCEIVE - Analyzing current performance...
❌ Error in cycle: Expecting property name enclosed in double quotes: line 10 column 1 (char 5967)
Waiting 60 seconds before retry...

======================================================================
CONTINUOUS IMPROVER - CYCLE 164
2026-01-30 02:21:45
======================================================================

Phase 1: PERCEIVE - Analyzing current performance...
❌ Error in cycle: Expecting property name enclosed in double quotes: line 10 column 1 (char 5967)
Waiting 60 seconds before retry...

======================================================================
CONTINUOUS IMPROVER - CYCLE 165
2026-01-30 02:22:46
======================================================================

Phase 1: PERCEIVE - Analyzing current performance...
❌ Error in cycle: Expecting property name enclosed in double quotes: line 10 column 1 (char 5967)
Waiting 60 seconds before retry...

======================================================================
CONTINUOUS IMPROVER - CYCLE 166
2026-01-30 02:23:46
======================================================================

Phase 1: PERCEIVE - Analyzing current performance...
❌ Error in cycle: Expecting property name enclosed in double quotes: line 10 column 1 (char 5967)
Waiting 60 seconds before retry...

======================================================================
CONTINUOUS IMPROVER - CYCLE 167
2026-01-30 02:24:46
======================================================================

Phase 1: PERCEIVE - Analyzing current performance...
❌ Error in cycle: Expecting property name enclosed in double quotes: line 10 column 1 (char 5967)
Waiting 60 seconds before retry...

======================================================================
CONTINUOUS IMPROVER - CYCLE 168
2026-01-30 02:25:46
======================================================================

Phase 1: PERCEIVE - Analyzing current performance...
❌ Error in cycle: Expecting property name enclosed in double quotes: line 10 column 1 (char 5967)
Waiting 60 seconds before retry...

======================================================================
CONTINUOUS IMPROVER - CYCLE 169
2026-01-30 02:26:46
======================================================================

Phase 1: PERCEIVE - Analyzing current performance...
❌ Error in cycle: Expecting property name enclosed in double quotes: line 10 column 1 (char 5967)
Waiting 60 seconds before retry...

======================================================================
CONTINUOUS IMPROVER - CYCLE 170
2026-01-30 02:27:46
======================================================================

Phase 1: PERCEIVE - Analyzing current performance...
❌ Error in cycle: Expecting property name enclosed in double quotes: line 10 column 1 (char 5967)
Waiting 60 seconds before retry...

======================================================================
CONTINUOUS IMPROVER - CYCLE 171
2026-01-30 02:28:46
======================================================================

Phase 1: PERCEIVE - Analyzing current performance...
❌ Error in cycle: Expecting property name enclosed in double quotes: line 10 column 1 (char 5967)
Waiting 60 seconds before retry...

======================================================================
CONTINUOUS IMPROVER - CYCLE 172
2026-01-30 02:29:46
======================================================================

Phase 1: PERCEIVE - Analyzing current performance...
❌ Error in cycle: Expecting property name enclosed in double quotes: line 10 column 1 (char 5967)
Waiting 60 seconds before retry...

======================================================================
CONTINUOUS IMPROVER - CYCLE 173
2026-01-30 02:30:46
======================================================================

Phase 1: PERCEIVE - Analyzing current performance...
❌ Error in cycle: Expecting property name enclosed in double quotes: line 10 column 1 (char 5967)
Waiting 60 seconds before retry...

======================================================================
CONTINUOUS IMPROVER - CYCLE 174
2026-01-30 02:31:46
======================================================================

Phase 1: PERCEIVE - Analyzing current performance...
❌ Error in cycle: Expecting property name enclosed in double quotes: line 10 column 1 (char 5967)
Waiting 60 seconds before retry...

======================================================================
CONTINUOUS IMPROVER - CYCLE 175
2026-01-30 02:32:46
======================================================================

Phase 1: PERCEIVE - Analyzing current performance...
❌ Error in cycle: Expecting property name enclosed in double quotes: line 10 column 1 (char 5967)
Waiting 60 seconds before retry...

======================================================================
CONTINUOUS IMPROVER - CYCLE 176
2026-01-30 02:33:46
======================================================================

Phase 1: PERCEIVE - Analyzing current performance...
❌ Error in cycle: Expecting property name enclosed in double quotes: line 10 column 1 (char 5967)
Waiting 60 seconds before retry...

======================================================================
CONTINUOUS IMPROVER - CYCLE 177
2026-01-30 02:34:46
======================================================================

Phase 1: PERCEIVE - Analyzing current performance...
❌ Error in cycle: Expecting property name enclosed in double quotes: line 10 column 1 (char 5967)
Waiting 60 seconds before retry...

======================================================================
CONTINUOUS IMPROVER - CYCLE 178
2026-01-30 02:35:46
======================================================================

Phase 1: PERCEIVE - Analyzing current performance...
❌ Error in cycle: Expecting property name enclosed in double quotes: line 10 column 1 (char 5967)
Waiting 60 seconds before retry...

======================================================================
CONTINUOUS IMPROVER - CYCLE 179
2026-01-30 02:36:46
======================================================================

Phase 1: PERCEIVE - Analyzing current performance...
❌ Error in cycle: Expecting property name enclosed in double quotes: line 10 column 1 (char 5967)
Waiting 60 seconds before retry...

======================================================================
CONTINUOUS IMPROVER - CYCLE 180
2026-01-30 02:37:46
======================================================================

Phase 1: PERCEIVE - Analyzing current performance...
❌ Error in cycle: Expecting property name enclosed in double quotes: line 10 column 1 (char 5967)
Waiting 60 seconds before retry...

======================================================================
CONTINUOUS IMPROVER - CYCLE 181
2026-01-30 02:38:46
======================================================================

Phase 1: PERCEIVE - Analyzing current performance...
❌ Error in cycle: Expecting property name enclosed in double quotes: line 10 column 1 (char 5967)
Waiting 60 seconds before retry...

======================================================================
CONTINUOUS IMPROVER - CYCLE 182
2026-01-30 02:39:46
======================================================================

Phase 1: PERCEIVE - Analyzing current performance...
❌ Error in cycle: Expecting property name enclosed in double quotes: line 10 column 1 (char 5967)
Waiting 60 seconds before retry...

======================================================================
CONTINUOUS IMPROVER - CYCLE 183
2026-01-30 02:40:46
======================================================================

Phase 1: PERCEIVE - Analyzing current performance...
❌ Error in cycle: Expecting property name enclosed in double quotes: line 10 column 1 (char 5967)
Waiting 60 seconds before retry...

======================================================================
CONTINUOUS IMPROVER - CYCLE 184
2026-01-30 02:41:46
======================================================================

Phase 1: PERCEIVE - Analyzing current performance...
❌ Error in cycle: Expecting property name enclosed in double quotes: line 10 column 1 (char 5967)
Waiting 60 seconds before retry...

======================================================================
CONTINUOUS IMPROVER - CYCLE 185
2026-01-30 02:42:46
======================================================================

Phase 1: PERCEIVE - Analyzing current performance...
❌ Error in cycle: Expecting property name enclosed in double quotes: line 10 column 1 (char 5967)
Waiting 60 seconds before retry...

======================================================================
CONTINUOUS IMPROVER - CYCLE 186
2026-01-30 02:43:46
======================================================================

Phase 1: PERCEIVE - Analyzing current performance...
❌ Error in cycle: Expecting property name enclosed in double quotes: line 10 column 1 (char 5967)
Waiting 60 seconds before retry...

======================================================================
CONTINUOUS IMPROVER - CYCLE 187
2026-01-30 02:44:46
======================================================================

Phase 1: PERCEIVE - Analyzing current performance...
❌ Error in cycle: Expecting property name enclosed in double quotes: line 10 column 1 (char 5967)
Waiting 60 seconds before retry...

======================================================================
CONTINUOUS IMPROVER - CYCLE 188
2026-01-30 02:45:46
======================================================================

Phase 1: PERCEIVE - Analyzing current performance...
❌ Error in cycle: Expecting property name enclosed in double quotes: line 10 column 1 (char 5967)
Waiting 60 seconds before retry...

======================================================================
CONTINUOUS IMPROVER - CYCLE 189
2026-01-30 02:46:46
======================================================================

Phase 1: PERCEIVE - Analyzing current performance...
❌ Error in cycle: Expecting property name enclosed in double quotes: line 10 column 1 (char 5967)
Waiting 60 seconds before retry...

======================================================================
CONTINUOUS IMPROVER - CYCLE 190
2026-01-30 02:47:46
======================================================================

Phase 1: PERCEIVE - Analyzing current performance...
❌ Error in cycle: Expecting property name enclosed in double quotes: line 10 column 1 (char 5967)
Waiting 60 seconds before retry...

======================================================================
CONTINUOUS IMPROVER - CYCLE 191
2026-01-30 02:48:46
======================================================================

Phase 1: PERCEIVE - Analyzing current performance...
❌ Error in cycle: Expecting property name enclosed in double quotes: line 10 column 1 (char 5967)
Waiting 60 seconds before retry...

======================================================================
CONTINUOUS IMPROVER - CYCLE 192
2026-01-30 02:49:46
======================================================================

Phase 1: PERCEIVE - Analyzing current performance...
❌ Error in cycle: Expecting property name enclosed in double quotes: line 10 column 1 (char 5967)
Waiting 60 seconds before retry...

======================================================================
CONTINUOUS IMPROVER - CYCLE 193
2026-01-30 02:50:46
======================================================================

Phase 1: PERCEIVE - Analyzing current performance...
❌ Error in cycle: Expecting property name enclosed in double quotes: line 10 column 1 (char 5967)
Waiting 60 seconds before retry...

======================================================================
CONTINUOUS IMPROVER - CYCLE 194
2026-01-30 02:51:46
======================================================================

Phase 1: PERCEIVE - Analyzing current performance...
❌ Error in cycle: Expecting property name enclosed in double quotes: line 10 column 1 (char 5967)
Waiting 60 seconds before retry...

======================================================================
CONTINUOUS IMPROVER - CYCLE 195
2026-01-30 02:52:46
======================================================================

Phase 1: PERCEIVE - Analyzing current performance...
❌ Error in cycle: Expecting property name enclosed in double quotes: line 10 column 1 (char 5967)
Waiting 60 seconds before retry...

======================================================================
CONTINUOUS IMPROVER - CYCLE 196
2026-01-30 02:53:46
======================================================================

Phase 1: PERCEIVE - Analyzing current performance...
❌ Error in cycle: Expecting property name enclosed in double quotes: line 10 column 1 (char 5967)
Waiting 60 seconds before retry...

======================================================================
CONTINUOUS IMPROVER - CYCLE 197
2026-01-30 02:54:46
======================================================================

Phase 1: PERCEIVE - Analyzing current performance...
❌ Error in cycle: Expecting property name enclosed in double quotes: line 10 column 1 (char 5967)
Waiting 60 seconds before retry...

======================================================================
CONTINUOUS IMPROVER - CYCLE 198
2026-01-30 02:55:46
======================================================================

Phase 1: PERCEIVE - Analyzing current performance...
❌ Error in cycle: Expecting property name enclosed in double quotes: line 10 column 1 (char 5967)
Waiting 60 seconds before retry...

======================================================================
CONTINUOUS IMPROVER - CYCLE 199
2026-01-30 02:56:46
======================================================================

Phase 1: PERCEIVE - Analyzing current performance...
❌ Error in cycle: Expecting property name enclosed in double quotes: line 10 column 1 (char 5967)
Waiting 60 seconds before retry...

======================================================================
CONTINUOUS IMPROVER - CYCLE 200
2026-01-30 02:57:46
======================================================================

Phase 1: PERCEIVE - Analyzing current performance...
❌ Error in cycle: Expecting property name enclosed in double quotes: line 10 column 1 (char 5967)
Waiting 60 seconds before retry...

======================================================================
CONTINUOUS IMPROVER - CYCLE 201
2026-01-30 02:58:46
======================================================================

Phase 1: PERCEIVE - Analyzing current performance...
❌ Error in cycle: Expecting property name enclosed in double quotes: line 10 column 1 (char 5967)
Waiting 60 seconds before retry...

======================================================================
CONTINUOUS IMPROVER - CYCLE 202
2026-01-30 02:59:46
======================================================================

Phase 1: PERCEIVE - Analyzing current performance...
❌ Error in cycle: Expecting property name enclosed in double quotes: line 10 column 1 (char 5967)
Waiting 60 seconds before retry...

======================================================================
CONTINUOUS IMPROVER - CYCLE 203
2026-01-30 03:00:46
======================================================================

Phase 1: PERCEIVE - Analyzing current performance...
❌ Error in cycle: Expecting property name enclosed in double quotes: line 10 column 1 (char 5967)
Waiting 60 seconds before retry...

======================================================================
CONTINUOUS IMPROVER - CYCLE 204
2026-01-30 03:01:46
======================================================================

Phase 1: PERCEIVE - Analyzing current performance...
❌ Error in cycle: Expecting property name enclosed in double quotes: line 10 column 1 (char 5967)
Waiting 60 seconds before retry...

======================================================================
CONTINUOUS IMPROVER - CYCLE 205
2026-01-30 03:02:46
======================================================================

Phase 1: PERCEIVE - Analyzing current performance...
❌ Error in cycle: Expecting property name enclosed in double quotes: line 10 column 1 (char 5967)
Waiting 60 seconds before retry...

======================================================================
CONTINUOUS IMPROVER - CYCLE 206
2026-01-30 03:03:46
======================================================================

Phase 1: PERCEIVE - Analyzing current performance...
❌ Error in cycle: Expecting property name enclosed in double quotes: line 10 column 1 (char 5967)
Waiting 60 seconds before retry...

======================================================================
CONTINUOUS IMPROVER - CYCLE 207
2026-01-30 03:04:46
======================================================================

Phase 1: PERCEIVE - Analyzing current performance...
❌ Error in cycle: Expecting property name enclosed in double quotes: line 10 column 1 (char 5967)
Waiting 60 seconds before retry...

======================================================================
CONTINUOUS IMPROVER - CYCLE 208
2026-01-30 03:05:46
======================================================================

Phase 1: PERCEIVE - Analyzing current performance...
❌ Error in cycle: Expecting property name enclosed in double quotes: line 10 column 1 (char 5967)
Waiting 60 seconds before retry...

======================================================================
CONTINUOUS IMPROVER - CYCLE 209
2026-01-30 03:06:46
======================================================================

Phase 1: PERCEIVE - Analyzing current performance...
❌ Error in cycle: Expecting property name enclosed in double quotes: line 10 column 1 (char 5967)
Waiting 60 seconds before retry...

======================================================================
CONTINUOUS IMPROVER - CYCLE 210
2026-01-30 03:07:46
======================================================================

Phase 1: PERCEIVE - Analyzing current performance...
❌ Error in cycle: Expecting property name enclosed in double quotes: line 10 column 1 (char 5967)
Waiting 60 seconds before retry...

======================================================================
CONTINUOUS IMPROVER - CYCLE 211
2026-01-30 03:08:46
======================================================================

Phase 1: PERCEIVE - Analyzing current performance...
❌ Error in cycle: Expecting property name enclosed in double quotes: line 10 column 1 (char 5967)
Waiting 60 seconds before retry...

======================================================================
CONTINUOUS IMPROVER - CYCLE 212
2026-01-30 03:09:46
======================================================================

Phase 1: PERCEIVE - Analyzing current performance...
❌ Error in cycle: Expecting property name enclosed in double quotes: line 10 column 1 (char 5967)
Waiting 60 seconds before retry...

======================================================================
CONTINUOUS IMPROVER - CYCLE 213
2026-01-30 03:10:46
======================================================================

Phase 1: PERCEIVE - Analyzing current performance...
❌ Error in cycle: Expecting property name enclosed in double quotes: line 10 column 1 (char 5967)
Waiting 60 seconds before retry...

======================================================================
CONTINUOUS IMPROVER - CYCLE 214
2026-01-30 03:11:46
======================================================================

Phase 1: PERCEIVE - Analyzing current performance...
❌ Error in cycle: Expecting property name enclosed in double quotes: line 10 column 1 (char 5967)
Waiting 60 seconds before retry...

======================================================================
CONTINUOUS IMPROVER - CYCLE 215
2026-01-30 03:12:46
======================================================================

Phase 1: PERCEIVE - Analyzing current performance...
❌ Error in cycle: Expecting property name enclosed in double quotes: line 10 column 1 (char 5967)
Waiting 60 seconds before retry...

======================================================================
CONTINUOUS IMPROVER - CYCLE 216
2026-01-30 03:13:46
======================================================================

Phase 1: PERCEIVE - Analyzing current performance...
❌ Error in cycle: Expecting property name enclosed in double quotes: line 10 column 1 (char 5967)
Waiting 60 seconds before retry...

======================================================================
CONTINUOUS IMPROVER - CYCLE 217
2026-01-30 03:14:46
======================================================================

Phase 1: PERCEIVE - Analyzing current performance...
❌ Error in cycle: Expecting property name enclosed in double quotes: line 10 column 1 (char 5967)
Waiting 60 seconds before retry...

======================================================================
CONTINUOUS IMPROVER - CYCLE 218
2026-01-30 03:15:46
======================================================================

Phase 1: PERCEIVE - Analyzing current performance...
❌ Error in cycle: Expecting property name enclosed in double quotes: line 10 column 1 (char 5967)
Waiting 60 seconds before retry...

======================================================================
CONTINUOUS IMPROVER - CYCLE 219
2026-01-30 03:16:46
======================================================================

Phase 1: PERCEIVE - Analyzing current performance...
❌ Error in cycle: Expecting property name enclosed in double quotes: line 10 column 1 (char 5967)
Waiting 60 seconds before retry...

======================================================================
CONTINUOUS IMPROVER - CYCLE 220
2026-01-30 03:17:46
======================================================================

Phase 1: PERCEIVE - Analyzing current performance...
❌ Error in cycle: Expecting property name enclosed in double quotes: line 10 column 1 (char 5967)
Waiting 60 seconds before retry...

======================================================================
CONTINUOUS IMPROVER - CYCLE 221
2026-01-30 03:18:46
======================================================================

Phase 1: PERCEIVE - Analyzing current performance...
❌ Error in cycle: Expecting property name enclosed in double quotes: line 10 column 1 (char 5967)
Waiting 60 seconds before retry...

======================================================================
CONTINUOUS IMPROVER - CYCLE 222
2026-01-30 03:19:46
======================================================================

Phase 1: PERCEIVE - Analyzing current performance...
❌ Error in cycle: Expecting property name enclosed in double quotes: line 10 column 1 (char 5967)
Waiting 60 seconds before retry...

======================================================================
CONTINUOUS IMPROVER - CYCLE 223
2026-01-30 03:20:46
======================================================================

Phase 1: PERCEIVE - Analyzing current performance...
❌ Error in cycle: Expecting property name enclosed in double quotes: line 10 column 1 (char 5967)
Waiting 60 seconds before retry...

======================================================================
CONTINUOUS IMPROVER - CYCLE 224
2026-01-30 03:21:46
======================================================================

Phase 1: PERCEIVE - Analyzing current performance...
❌ Error in cycle: Expecting property name enclosed in double quotes: line 10 column 1 (char 5967)
Waiting 60 seconds before retry...

======================================================================
CONTINUOUS IMPROVER - CYCLE 225
2026-01-30 03:22:46
======================================================================

Phase 1: PERCEIVE - Analyzing current performance...
❌ Error in cycle: Expecting property name enclosed in double quotes: line 10 column 1 (char 5967)
Waiting 60 seconds before retry...

======================================================================
CONTINUOUS IMPROVER - CYCLE 226
2026-01-30 03:23:46
======================================================================

Phase 1: PERCEIVE - Analyzing current performance...
❌ Error in cycle: Expecting property name enclosed in double quotes: line 10 column 1 (char 5967)
Waiting 60 seconds before retry...

======================================================================
CONTINUOUS IMPROVER - CYCLE 227
2026-01-30 03:24:46
======================================================================

Phase 1: PERCEIVE - Analyzing current performance...
❌ Error in cycle: Expecting property name enclosed in double quotes: line 10 column 1 (char 5967)
Waiting 60 seconds before retry...

======================================================================
CONTINUOUS IMPROVER - CYCLE 228
2026-01-30 03:25:46
======================================================================

Phase 1: PERCEIVE - Analyzing current performance...
❌ Error in cycle: Expecting property name enclosed in double quotes: line 10 column 1 (char 5967)
Waiting 60 seconds before retry...

======================================================================
CONTINUOUS IMPROVER - CYCLE 229
2026-01-30 03:26:46
======================================================================

Phase 1: PERCEIVE - Analyzing current performance...
❌ Error in cycle: Expecting property name enclosed in double quotes: line 10 column 1 (char 5967)
Waiting 60 seconds before retry...

======================================================================
CONTINUOUS IMPROVER - CYCLE 230
2026-01-30 03:27:46
======================================================================

Phase 1: PERCEIVE - Analyzing current performance...
❌ Error in cycle: Expecting property name enclosed in double quotes: line 10 column 1 (char 5967)
Waiting 60 seconds before retry...

======================================================================
CONTINUOUS IMPROVER - CYCLE 231
2026-01-30 03:28:46
======================================================================

Phase 1: PERCEIVE - Analyzing current performance...
❌ Error in cycle: Expecting property name enclosed in double quotes: line 10 column 1 (char 5967)
Waiting 60 seconds before retry...

======================================================================
CONTINUOUS IMPROVER - CYCLE 232
2026-01-30 03:29:46
======================================================================

Phase 1: PERCEIVE - Analyzing current performance...
❌ Error in cycle: Expecting property name enclosed in double quotes: line 10 column 1 (char 5967)
Waiting 60 seconds before retry...

======================================================================
CONTINUOUS IMPROVER - CYCLE 233
2026-01-30 03:30:46
======================================================================

Phase 1: PERCEIVE - Analyzing current performance...
❌ Error in cycle: Expecting property name enclosed in double quotes: line 10 column 1 (char 5967)
Waiting 60 seconds before retry...

======================================================================
CONTINUOUS IMPROVER - CYCLE 234
2026-01-30 03:31:46
======================================================================

Phase 1: PERCEIVE - Analyzing current performance...
❌ Error in cycle: Expecting property name enclosed in double quotes: line 10 column 1 (char 5967)
Waiting 60 seconds before retry...

======================================================================
CONTINUOUS IMPROVER - CYCLE 235
2026-01-30 03:32:46
======================================================================

Phase 1: PERCEIVE - Analyzing current performance...
❌ Error in cycle: Expecting property name enclosed in double quotes: line 10 column 1 (char 5967)
Waiting 60 seconds before retry...

======================================================================
CONTINUOUS IMPROVER - CYCLE 236
2026-01-30 03:33:46
======================================================================

Phase 1: PERCEIVE - Analyzing current performance...
❌ Error in cycle: Expecting property name enclosed in double quotes: line 10 column 1 (char 5967)
Waiting 60 seconds before retry...

======================================================================
CONTINUOUS IMPROVER - CYCLE 237
2026-01-30 03:34:46
======================================================================

Phase 1: PERCEIVE - Analyzing current performance...
❌ Error in cycle: Expecting property name enclosed in double quotes: line 10 column 1 (char 5967)
Waiting 60 seconds before retry...

======================================================================
CONTINUOUS IMPROVER - CYCLE 238
2026-01-30 03:35:46
======================================================================

Phase 1: PERCEIVE - Analyzing current performance...
❌ Error in cycle: Expecting property name enclosed in double quotes: line 10 column 1 (char 5967)
Waiting 60 seconds before retry...

======================================================================
CONTINUOUS IMPROVER - CYCLE 239
2026-01-30 03:36:46
======================================================================

Phase 1: PERCEIVE - Analyzing current performance...
❌ Error in cycle: Expecting property name enclosed in double quotes: line 10 column 1 (char 5967)
Waiting 60 seconds before retry...

======================================================================
CONTINUOUS IMPROVER - CYCLE 240
2026-01-30 03:37:46
======================================================================

Phase 1: PERCEIVE - Analyzing current performance...
❌ Error in cycle: Expecting property name enclosed in double quotes: line 10 column 1 (char 5967)
Waiting 60 seconds before retry...

======================================================================
CONTINUOUS IMPROVER - CYCLE 241
2026-01-30 03:38:46
======================================================================

Phase 1: PERCEIVE - Analyzing current performance...
❌ Error in cycle: Expecting property name enclosed in double quotes: line 10 column 1 (char 5967)
Waiting 60 seconds before retry...

======================================================================
CONTINUOUS IMPROVER - CYCLE 242
2026-01-30 03:39:46
======================================================================

Phase 1: PERCEIVE - Analyzing current performance...
❌ Error in cycle: Expecting property name enclosed in double quotes: line 10 column 1 (char 5967)
Waiting 60 seconds before retry...

======================================================================
CONTINUOUS IMPROVER - CYCLE 243
2026-01-30 03:40:46
======================================================================

Phase 1: PERCEIVE - Analyzing current performance...
❌ Error in cycle: Expecting property name enclosed in double quotes: line 10 column 1 (char 5967)
Waiting 60 seconds before retry...

======================================================================
CONTINUOUS IMPROVER - CYCLE 244
2026-01-30 03:41:46
======================================================================

Phase 1: PERCEIVE - Analyzing current performance...
❌ Error in cycle: Expecting property name enclosed in double quotes: line 10 column 1 (char 5967)
Waiting 60 seconds before retry...

======================================================================
CONTINUOUS IMPROVER - CYCLE 245
2026-01-30 03:42:46
======================================================================

Phase 1: PERCEIVE - Analyzing current performance...
❌ Error in cycle: Expecting property name enclosed in double quotes: line 10 column 1 (char 5967)
Waiting 60 seconds before retry...

======================================================================
CONTINUOUS IMPROVER - CYCLE 246
2026-01-30 03:43:46
======================================================================

Phase 1: PERCEIVE - Analyzing current performance...
❌ Error in cycle: Expecting property name enclosed in double quotes: line 10 column 1 (char 5967)
Waiting 60 seconds before retry...

======================================================================
CONTINUOUS IMPROVER - CYCLE 247
2026-01-30 03:44:46
======================================================================

Phase 1: PERCEIVE - Analyzing current performance...
❌ Error in cycle: Expecting property name enclosed in double quotes: line 10 column 1 (char 5967)
Waiting 60 seconds before retry...

======================================================================
CONTINUOUS IMPROVER - CYCLE 248
2026-01-30 03:45:46
======================================================================

Phase 1: PERCEIVE - Analyzing current performance...
❌ Error in cycle: Expecting property name enclosed in double quotes: line 10 column 1 (char 5967)
Waiting 60 seconds before retry...

======================================================================
CONTINUOUS IMPROVER - CYCLE 249
2026-01-30 03:46:46
======================================================================

Phase 1: PERCEIVE - Analyzing current performance...
❌ Error in cycle: Expecting property name enclosed in double quotes: line 10 column 1 (char 5967)
Waiting 60 seconds before retry...

======================================================================
CONTINUOUS IMPROVER - CYCLE 250
2026-01-30 03:47:46
======================================================================

Phase 1: PERCEIVE - Analyzing current performance...
❌ Error in cycle: Expecting property name enclosed in double quotes: line 10 column 1 (char 5967)
Waiting 60 seconds before retry...

======================================================================
CONTINUOUS IMPROVER - CYCLE 251
2026-01-30 03:48:46
======================================================================

Phase 1: PERCEIVE - Analyzing current performance...
❌ Error in cycle: Expecting property name enclosed in double quotes: line 10 column 1 (char 5967)
Waiting 60 seconds before retry...

======================================================================
CONTINUOUS IMPROVER - CYCLE 252
2026-01-30 03:49:46
======================================================================

Phase 1: PERCEIVE - Analyzing current performance...
❌ Error in cycle: Expecting property name enclosed in double quotes: line 10 column 1 (char 5967)
Waiting 60 seconds before retry...

======================================================================
CONTINUOUS IMPROVER - CYCLE 253
2026-01-30 03:50:46
======================================================================

Phase 1: PERCEIVE - Analyzing current performance...
❌ Error in cycle: Expecting property name enclosed in double quotes: line 10 column 1 (char 5967)
Waiting 60 seconds before retry...

======================================================================
CONTINUOUS IMPROVER - CYCLE 254
2026-01-30 03:51:46
======================================================================

Phase 1: PERCEIVE - Analyzing current performance...
❌ Error in cycle: Expecting property name enclosed in double quotes: line 10 column 1 (char 5967)
Waiting 60 seconds before retry...

======================================================================
CONTINUOUS IMPROVER - CYCLE 255
2026-01-30 03:52:46
======================================================================

Phase 1: PERCEIVE - Analyzing current performance...
❌ Error in cycle: Expecting property name enclosed in double quotes: line 10 column 1 (char 5967)
Waiting 60 seconds before retry...

======================================================================
CONTINUOUS IMPROVER - CYCLE 256
2026-01-30 03:53:46
======================================================================

Phase 1: PERCEIVE - Analyzing current performance...
❌ Error in cycle: Expecting property name enclosed in double quotes: line 10 column 1 (char 5967)
Waiting 60 seconds before retry...

======================================================================
CONTINUOUS IMPROVER - CYCLE 257
2026-01-30 03:54:46
======================================================================

Phase 1: PERCEIVE - Analyzing current performance...
❌ Error in cycle: Expecting property name enclosed in double quotes: line 10 column 1 (char 5967)
Waiting 60 seconds before retry...

======================================================================
CONTINUOUS IMPROVER - CYCLE 258
2026-01-30 03:55:46
======================================================================

Phase 1: PERCEIVE - Analyzing current performance...
❌ Error in cycle: Expecting property name enclosed in double quotes: line 10 column 1 (char 5967)
Waiting 60 seconds before retry...

======================================================================
CONTINUOUS IMPROVER - CYCLE 259
2026-01-30 03:56:46
======================================================================

Phase 1: PERCEIVE - Analyzing current performance...
❌ Error in cycle: Expecting property name enclosed in double quotes: line 10 column 1 (char 5967)
Waiting 60 seconds before retry...

======================================================================
CONTINUOUS IMPROVER - CYCLE 260
2026-01-30 03:57:46
======================================================================

Phase 1: PERCEIVE - Analyzing current performance...
❌ Error in cycle: Expecting property name enclosed in double quotes: line 10 column 1 (char 5967)
Waiting 60 seconds before retry...

======================================================================
CONTINUOUS IMPROVER - CYCLE 261
2026-01-30 03:58:46
======================================================================

Phase 1: PERCEIVE - Analyzing current performance...
❌ Error in cycle: Expecting property name enclosed in double quotes: line 10 column 1 (char 5967)
Waiting 60 seconds before retry...

======================================================================
CONTINUOUS IMPROVER - CYCLE 262
2026-01-30 03:59:46
======================================================================

Phase 1: PERCEIVE - Analyzing current performance...
❌ Error in cycle: Expecting property name enclosed in double quotes: line 10 column 1 (char 5967)
Waiting 60 seconds before retry...

======================================================================
CONTINUOUS IMPROVER - CYCLE 263
2026-01-30 04:00:46
======================================================================

Phase 1: PERCEIVE - Analyzing current performance...
❌ Error in cycle: Expecting property name enclosed in double quotes: line 10 column 1 (char 5967)
Waiting 60 seconds before retry...

======================================================================
CONTINUOUS IMPROVER - CYCLE 264
2026-01-30 04:01:46
======================================================================

Phase 1: PERCEIVE - Analyzing current performance...
❌ Error in cycle: Expecting property name enclosed in double quotes: line 10 column 1 (char 5967)
Waiting 60 seconds before retry...

======================================================================
CONTINUOUS IMPROVER - CYCLE 265
2026-01-30 04:02:46
======================================================================

Phase 1: PERCEIVE - Analyzing current performance...
❌ Error in cycle: Expecting property name enclosed in double quotes: line 10 column 1 (char 5967)
Waiting 60 seconds before retry...

======================================================================
CONTINUOUS IMPROVER - CYCLE 266
2026-01-30 04:03:46
======================================================================

Phase 1: PERCEIVE - Analyzing current performance...
❌ Error in cycle: Expecting property name enclosed in double quotes: line 10 column 1 (char 5967)
Waiting 60 seconds before retry...

======================================================================
CONTINUOUS IMPROVER - CYCLE 267
2026-01-30 04:04:46
======================================================================

Phase 1: PERCEIVE - Analyzing current performance...
❌ Error in cycle: Expecting property name enclosed in double quotes: line 10 column 1 (char 5967)
Waiting 60 seconds before retry...

======================================================================
CONTINUOUS IMPROVER - CYCLE 268
2026-01-30 04:05:46
======================================================================

Phase 1: PERCEIVE - Analyzing current performance...
❌ Error in cycle: Expecting property name enclosed in double quotes: line 10 column 1 (char 5967)
Waiting 60 seconds before retry...

======================================================================
CONTINUOUS IMPROVER - CYCLE 269
2026-01-30 04:06:46
======================================================================

Phase 1: PERCEIVE - Analyzing current performance...
❌ Error in cycle: Expecting property name enclosed in double quotes: line 10 column 1 (char 5967)
Waiting 60 seconds before retry...

======================================================================
CONTINUOUS IMPROVER - CYCLE 270
2026-01-30 04:07:46
======================================================================

Phase 1: PERCEIVE - Analyzing current performance...
❌ Error in cycle: Expecting property name enclosed in double quotes: line 10 column 1 (char 5967)
Waiting 60 seconds before retry...

======================================================================
CONTINUOUS IMPROVER - CYCLE 271
2026-01-30 04:08:46
======================================================================

Phase 1: PERCEIVE - Analyzing current performance...
❌ Error in cycle: Expecting property name enclosed in double quotes: line 10 column 1 (char 5967)
Waiting 60 seconds before retry...

======================================================================
CONTINUOUS IMPROVER - CYCLE 272
2026-01-30 04:09:46
======================================================================

Phase 1: PERCEIVE - Analyzing current performance...
❌ Error in cycle: Expecting property name enclosed in double quotes: line 10 column 1 (char 5967)
Waiting 60 seconds before retry...

======================================================================
CONTINUOUS IMPROVER - CYCLE 273
2026-01-30 04:10:46
======================================================================

Phase 1: PERCEIVE - Analyzing current performance...
❌ Error in cycle: Expecting property name enclosed in double quotes: line 10 column 1 (char 5967)
Waiting 60 seconds before retry...

======================================================================
CONTINUOUS IMPROVER - CYCLE 274
2026-01-30 04:11:46
======================================================================

Phase 1: PERCEIVE - Analyzing current performance...
❌ Error in cycle: Expecting property name enclosed in double quotes: line 10 column 1 (char 5967)
Waiting 60 seconds before retry...

======================================================================
CONTINUOUS IMPROVER - CYCLE 275
2026-01-30 04:12:46
======================================================================

Phase 1: PERCEIVE - Analyzing current performance...
❌ Error in cycle: Expecting property name enclosed in double quotes: line 10 column 1 (char 5967)
Waiting 60 seconds before retry...

======================================================================
CONTINUOUS IMPROVER - CYCLE 276
2026-01-30 04:13:46
======================================================================

Phase 1: PERCEIVE - Analyzing current performance...
❌ Error in cycle: Expecting property name enclosed in double quotes: line 10 column 1 (char 5967)
Waiting 60 seconds before retry...

======================================================================
CONTINUOUS IMPROVER - CYCLE 277
2026-01-30 04:14:46
======================================================================

Phase 1: PERCEIVE - Analyzing current performance...
❌ Error in cycle: Expecting property name enclosed in double quotes: line 10 column 1 (char 5967)
Waiting 60 seconds before retry...

======================================================================
CONTINUOUS IMPROVER - CYCLE 278
2026-01-30 04:15:46
======================================================================

Phase 1: PERCEIVE - Analyzing current performance...
❌ Error in cycle: Expecting property name enclosed in double quotes: line 10 column 1 (char 5967)
Waiting 60 seconds before retry...

======================================================================
CONTINUOUS IMPROVER - CYCLE 279
2026-01-30 04:16:46
======================================================================

Phase 1: PERCEIVE - Analyzing current performance...
❌ Error in cycle: Expecting property name enclosed in double quotes: line 10 column 1 (char 5967)
Waiting 60 seconds before retry...

======================================================================
CONTINUOUS IMPROVER - CYCLE 280
2026-01-30 04:17:46
======================================================================

Phase 1: PERCEIVE - Analyzing current performance...
❌ Error in cycle: Expecting property name enclosed in double quotes: line 10 column 1 (char 5967)
Waiting 60 seconds before retry...

======================================================================
CONTINUOUS IMPROVER - CYCLE 281
2026-01-30 04:18:46
======================================================================

Phase 1: PERCEIVE - Analyzing current performance...
❌ Error in cycle: Expecting property name enclosed in double quotes: line 10 column 1 (char 5967)
Waiting 60 seconds before retry...

======================================================================
CONTINUOUS IMPROVER - CYCLE 282
2026-01-30 04:19:46
======================================================================

Phase 1: PERCEIVE - Analyzing current performance...
❌ Error in cycle: Expecting property name enclosed in double quotes: line 10 column 1 (char 5967)
Waiting 60 seconds before retry...

======================================================================
CONTINUOUS IMPROVER - CYCLE 283
2026-01-30 04:20:46
======================================================================

Phase 1: PERCEIVE - Analyzing current performance...
❌ Error in cycle: Expecting property name enclosed in double quotes: line 10 column 1 (char 5967)
Waiting 60 seconds before retry...

======================================================================
CONTINUOUS IMPROVER - CYCLE 284
2026-01-30 04:21:46
======================================================================

Phase 1: PERCEIVE - Analyzing current performance...
❌ Error in cycle: Expecting property name enclosed in double quotes: line 10 column 1 (char 5967)
Waiting 60 seconds before retry...

======================================================================
CONTINUOUS IMPROVER - CYCLE 285
2026-01-30 04:22:46
======================================================================

Phase 1: PERCEIVE - Analyzing current performance...
❌ Error in cycle: Expecting property name enclosed in double quotes: line 10 column 1 (char 5967)
Waiting 60 seconds before retry...

======================================================================
CONTINUOUS IMPROVER - CYCLE 286
2026-01-30 04:23:46
======================================================================

Phase 1: PERCEIVE - Analyzing current performance...
❌ Error in cycle: Expecting property name enclosed in double quotes: line 10 column 1 (char 5967)
Waiting 60 seconds before retry...

======================================================================
CONTINUOUS IMPROVER - CYCLE 287
2026-01-30 04:24:46
======================================================================

Phase 1: PERCEIVE - Analyzing current performance...
❌ Error in cycle: Expecting property name enclosed in double quotes: line 10 column 1 (char 5967)
Waiting 60 seconds before retry...

======================================================================
CONTINUOUS IMPROVER - CYCLE 288
2026-01-30 04:25:46
======================================================================

Phase 1: PERCEIVE - Analyzing current performance...
❌ Error in cycle: Expecting property name enclosed in double quotes: line 10 column 1 (char 5967)
Waiting 60 seconds before retry...

======================================================================
CONTINUOUS IMPROVER - CYCLE 289
2026-01-30 04:26:46
======================================================================

Phase 1: PERCEIVE - Analyzing current performance...
❌ Error in cycle: Expecting property name enclosed in double quotes: line 10 column 1 (char 5967)
Waiting 60 seconds before retry...

======================================================================
CONTINUOUS IMPROVER - CYCLE 290
2026-01-30 04:27:46
======================================================================

Phase 1: PERCEIVE - Analyzing current performance...
❌ Error in cycle: Expecting property name enclosed in double quotes: line 10 column 1 (char 5967)
Waiting 60 seconds before retry...

======================================================================
CONTINUOUS IMPROVER - CYCLE 291
2026-01-30 04:28:46
======================================================================

Phase 1: PERCEIVE - Analyzing current performance...
❌ Error in cycle: Expecting property name enclosed in double quotes: line 10 column 1 (char 5967)