[11:58:26] [INFO] ============================================================
[11:58:26] [INFO] (◉) FIELD TRADING DAEMON - STARTING
[11:58:26] [INFO] 8OWLS INTEGRATED | 10-second cycles | Real-time adaptive
[11:58:26] [INFO] ============================================================
[11:58:26] [INFO] Connected to 8OWLS field at nats://192.168.5.108:4222
[11:58:27] [INFO] Cycle 1: Found 38 opportunities
[11:58:27] [INFO] DECISION: Execute WHALE | EV $1172.22 | Will Trump deport less than 250,000?...
[11:58:27] [INFO] DECISION: Execute WHALE | EV $178.22 | Will Trump deport 250,000-500,000 people...
[11:58:27] [INFO] DECISION: Execute WHALE | EV $386.51 | Will Trump deport 500,000-750,000- peopl...
[11:58:27] [INFO] DECISION: Execute WHALE | EV $2844.74 | Will Trump deport 750,000-1,000,000 peop...
[11:58:27] [INFO] DECISION: Execute WHALE | EV $4180.77 | Will Trump deport 1,000,000-1,250,000 pe...
[11:58:27] [INFO] DECISION: Execute WHALE | EV $10950.00 | Will Trump deport 1,250,000-1,500,000 pe...
[11:58:27] [INFO] DECISION: Execute WHALE | EV $6825.00 | Will Trump deport 1,500,000-1,750,000 pe...
[11:58:27] [INFO] DECISION: Execute WHALE | EV $7807.14 | Will Trump deport 1,750,000-2,000,000 pe...
[11:58:27] [INFO] DECISION: Execute WHALE | EV $6825.00 | Will Trump deport 2,000,000 or more peop...
[11:58:27] [INFO] DECISION: Execute WHALE | EV $273.53 | Will Trump deport 750,000 or more people...
[11:58:27] [INFO] DECISION: Execute WHALE | EV $541.40 | Will Elon and DOGE cut less than $50b in...
[11:58:27] [INFO] DECISION: Execute WHALE | EV $4533.33 | Will Elon and DOGE cut between $50-100b ...
[11:58:27] [INFO] DECISION: Execute WHALE | EV $4950.00 | Will Elon and DOGE cut between $100-150b...
[11:58:27] [INFO] DECISION: Execute WHALE | EV $758.82 | Will Elon and DOGE cut between $150-200b...
[11:58:27] [INFO] DECISION: Execute WHALE | EV $4950.00 | Will Elon and DOGE cut between $200-250b...
[11:58:27] [INFO] DECISION: Execute WHALE | EV $4180.77 | Will Elon and DOGE cut more than $250b i...
[11:58:27] [INFO] DECISION: Execute WHALE | EV $575.00 | Will Elon cut the budget by at least 10%...
[11:58:27] [INFO] DECISION: Execute WHALE | EV $646.20 | Will Elon cut the budget by at least 5% ...
[11:58:27] [INFO] DECISION: Execute WHALE | EV $3185.29 | Will GTA 6 cost $100+?...
[11:58:27] [INFO] DECISION: Execute WHALE | EV $4950.00 | Negative GDP growth in 2025?...
[11:58:27] [INFO] DECISION: Execute WHALE | EV $554.40 | Will the U.S. collect between $100b and ...
[11:58:27] [INFO] DECISION: Execute WHALE | EV $111.76 | Will the U.S. collect between $200b and ...
[11:58:27] [INFO] DECISION: Execute WHALE | EV $6825.00 | Will the U.S. collect between $500b and ...
[11:58:27] [INFO] DECISION: Execute WHALE | EV $27450.00 | Will the U.S. collect between $1t and $2...
[11:58:27] [INFO] DECISION: Execute WHALE | EV $18283.33 | Will the U.S. collect more than $2t in r...
[11:58:27] [INFO] DECISION: Execute WHALE | EV $1436.49 | Will tariffs generate >$250b in 2025?...
[11:58:27] [INFO] DECISION: Execute WHALE | EV $489.22 | GTA VI released before June 2026?...
[11:58:27] [INFO] DECISION: Execute WHALE | EV $373.08 | Will Carson Schwesinger be the 2025-2026...
[11:58:27] [INFO] DECISION: Execute WHALE | EV $528.95 | Will Tetairoa McMillan be the 2025-2026 ...
[11:58:27] [INFO] DECISION: Execute WHALE | EV $13700.00 | Will Tyler Shough be the 2025-2026 NFL O...
[11:58:27] [INFO] DECISION: Execute WHALE | EV $582.18 | Will Jaxson Dart be the 2025-2026 NFL Of...
[11:58:27] [INFO] DECISION: Execute WHALE | EV $10950.00 | Will Emeka Egbuka be the 2025-2026 NFL O...
[11:58:27] [INFO] DECISION: Execute WHALE | EV $10950.00 | Will TreVeyon Henderson be the 2025-2026...
[11:58:27] [INFO] EXECUTE: WHALE | $50 | Will Trump deport less than 250,000?...
[11:58:27] [INFO] EXECUTE: WHALE | $50 | Will Trump deport 250,000-500,000 people...
[11:58:27] [INFO] EXECUTE: WHALE | $50 | Will Trump deport 500,000-750,000- peopl...
[11:58:27] [INFO] EXECUTE: WHALE | $50 | Will Trump deport 750,000-1,000,000 peop...
[11:58:27] [INFO] EXECUTE: WHALE | $50 | Will Trump deport 1,000,000-1,250,000 pe...
[11:58:27] [INFO] EXECUTE: WHALE | $50 | Will Trump deport 1,250,000-1,500,000 pe...
[11:58:27] [INFO] EXECUTE: WHALE | $50 | Will Trump deport 1,500,000-1,750,000 pe...
[11:58:27] [INFO] EXECUTE: WHALE | $50 | Will Trump deport 1,750,000-2,000,000 pe...
[11:58:27] [INFO] EXECUTE: WHALE | $50 | Will Trump deport 2,000,000 or more peop...
[11:58:27] [INFO] EXECUTE: WHALE | $50 | Will Trump deport 750,000 or more people...
[11:58:27] [INFO] EXECUTE: WHALE | $50 | Will Elon and DOGE cut less than $50b in...
[11:58:27] [INFO] EXECUTE: WHALE | $50 | Will Elon and DOGE cut between $50-100b ...
[11:58:27] [INFO] EXECUTE: WHALE | $50 | Will Elon and DOGE cut between $100-150b...
[11:58:27] [INFO] EXECUTE: WHALE | $50 | Will Elon and DOGE cut between $150-200b...
[11:58:27] [INFO] EXECUTE: WHALE | $50 | Will Elon and DOGE cut between $200-250b...
[11:58:27] [INFO] EXECUTE: WHALE | $50 | Will Elon and DOGE cut more than $250b i...
[11:58:27] [INFO] EXECUTE: WHALE | $50 | Will Elon cut the budget by at least 10%...
[11:58:27] [INFO] EXECUTE: WHALE | $50 | Will Elon cut the budget by at least 5% ...
[11:58:27] [INFO] EXECUTE: WHALE | $50 | Will GTA 6 cost $100+?...
[11:58:27] [INFO] EXECUTE: WHALE | $50 | Negative GDP growth in 2025?...
[11:58:27] [INFO] EXECUTE: WHALE | $50 | Will the U.S. collect between $100b and ...
[11:58:27] [INFO] EXECUTE: WHALE | $50 | Will the U.S. collect between $200b and ...
[11:58:27] [INFO] EXECUTE: WHALE | $50 | Will the U.S. collect between $500b and ...
[11:58:27] [INFO] EXECUTE: WHALE | $50 | Will the U.S. collect between $1t and $2...
[11:58:27] [INFO] EXECUTE: WHALE | $50 | Will the U.S. collect more than $2t in r...
[11:58:27] [INFO] EXECUTE: WHALE | $50 | Will tariffs generate >$250b in 2025?...
[11:58:27] [INFO] EXECUTE: WHALE | $50 | GTA VI released before June 2026?...
[11:58:27] [INFO] EXECUTE: WHALE | $50 | Will Carson Schwesinger be the 2025-2026...
[11:58:27] [INFO] EXECUTE: WHALE | $50 | Will Tetairoa McMillan be the 2025-2026 ...
[11:58:27] [INFO] EXECUTE: WHALE | $50 | Will Tyler Shough be the 2025-2026 NFL O...
[11:58:27] [INFO] EXECUTE: WHALE | $50 | Will Jaxson Dart be the 2025-2026 NFL Of...
[11:58:27] [INFO] EXECUTE: WHALE | $50 | Will Emeka Egbuka be the 2025-2026 NFL O...
[11:58:27] [INFO] EXECUTE: WHALE | $50 | Will TreVeyon Henderson be the 2025-2026...
[11:58:36] [INFO] Cycle 2: Found 38 opportunities
[11:58:36] [INFO] DECISION: Execute WHALE | EV $1172.22 | Will Trump deport less than 250,000?...
[11:58:36] [INFO] DECISION: Execute WHALE | EV $178.22 | Will Trump deport 250,000-500,000 people...
[11:58:36] [INFO] DECISION: Execute WHALE | EV $386.51 | Will Trump deport 500,000-750,000- peopl...
[11:58:36] [INFO] DECISION: Execute WHALE | EV $2844.74 | Will Trump deport 750,000-1,000,000 peop...
[11:58:36] [INFO] DECISION: Execute WHALE | EV $4180.77 | Will Trump deport 1,000,000-1,250,000 pe...
[11:58:36] [INFO] DECISION: Execute WHALE | EV $10950.00 | Will Trump deport 1,250,000-1,500,000 pe...
[11:58:36] [INFO] DECISION: Execute WHALE | EV $6825.00 | Will Trump deport 1,500,000-1,750,000 pe...
[11:58:36] [INFO] DECISION: Execute WHALE | EV $7807.14 | Will Trump deport 1,750,000-2,000,000 pe...
[11:58:36] [INFO] DECISION: Execute WHALE | EV $6825.00 | Will Trump deport 2,000,000 or more peop...
[11:58:36] [INFO] DECISION: Execute WHALE | EV $273.53 | Will Trump deport 750,000 or more people...
[11:58:36] [INFO] DECISION: Execute WHALE | EV $541.40 | Will Elon and DOGE cut less than $50b in...
[11:58:36] [INFO] DECISION: Execute WHALE | EV $4533.33 | Will Elon and DOGE cut between $50-100b ...
[11:58:36] [INFO] DECISION: Execute WHALE | EV $4950.00 | Will Elon and DOGE cut between $100-150b...
[11:58:36] [INFO] DECISION: Execute WHALE | EV $758.82 | Will Elon and DOGE cut between $150-200b...
[11:58:36] [INFO] DECISION: Execute WHALE | EV $4950.00 | Will Elon and DOGE cut between $200-250b...
[11:58:36] [INFO] DECISION: Execute WHALE | EV $4180.77 | Will Elon and DOGE cut more than $250b i...
[11:58:36] [INFO] DECISION: Execute WHALE | EV $575.00 | Will Elon cut the budget by at least 10%...
[11:58:36] [INFO] DECISION: Execute WHALE | EV $646.20 | Will Elon cut the budget by at least 5% ...
[11:58:36] [INFO] DECISION: Execute WHALE | EV $3185.29 | Will GTA 6 cost $100+?...
[11:58:36] [INFO] DECISION: Execute WHALE | EV $4950.00 | Negative GDP growth in 2025?...
[11:58:36] [INFO] DECISION: Execute WHALE | EV $554.40 | Will the U.S. collect between $100b and ...
[11:58:36] [INFO] DECISION: Execute WHALE | EV $111.76 | Will the U.S. collect between $200b and ...
[11:58:36] [INFO] DECISION: Execute WHALE | EV $6825.00 | Will the U.S. collect between $500b and ...
[11:58:36] [INFO] DECISION: Execute WHALE | EV $27450.00 | Will the U.S. collect between $1t and $2...
[11:58:36] [INFO] DECISION: Execute WHALE | EV $18283.33 | Will the U.S. collect more than $2t in r...
[11:58:36] [INFO] DECISION: Execute WHALE | EV $1436.49 | Will tariffs generate >$250b in 2025?...
[11:58:36] [INFO] DECISION: Execute WHALE | EV $489.22 | GTA VI released before June 2026?...
[11:58:36] [INFO] DECISION: Execute WHALE | EV $373.08 | Will Carson Schwesinger be the 2025-2026...
[11:58:36] [INFO] DECISION: Execute WHALE | EV $528.95 | Will Tetairoa McMillan be the 2025-2026 ...
[11:58:36] [INFO] DECISION: Execute WHALE | EV $13700.00 | Will Tyler Shough be the 2025-2026 NFL O...
[11:58:36] [INFO] DECISION: Execute WHALE | EV $582.18 | Will Jaxson Dart be the 2025-2026 NFL Of...
[11:58:36] [INFO] DECISION: Execute WHALE | EV $10950.00 | Will Emeka Egbuka be the 2025-2026 NFL O...
[11:58:36] [INFO] DECISION: Execute WHALE | EV $10950.00 | Will TreVeyon Henderson be the 2025-2026...
[11:58:36] [INFO] EXECUTE: WHALE | $50 | Will Trump deport less than 250,000?...
[11:58:36] [INFO] EXECUTE: WHALE | $50 | Will Trump deport 250,000-500,000 people...
[11:58:36] [INFO] EXECUTE: WHALE | $50 | Will Trump deport 500,000-750,000- peopl...
[11:58:36] [INFO] EXECUTE: WHALE | $50 | Will Trump deport 750,000-1,000,000 peop...
[11:58:36] [INFO] EXECUTE: WHALE | $50 | Will Trump deport 1,000,000-1,250,000 pe...
[11:58:36] [INFO] EXECUTE: WHALE | $50 | Will Trump deport 1,250,000-1,500,000 pe...
[11:58:36] [INFO] EXECUTE: WHALE | $50 | Will Trump deport 1,500,000-1,750,000 pe...
[11:58:36] [INFO] EXECUTE: WHALE | $50 | Will Trump deport 1,750,000-2,000,000 pe...
[11:58:36] [INFO] EXECUTE: WHALE | $50 | Will Trump deport 2,000,000 or more peop...
[11:58:36] [INFO] EXECUTE: WHALE | $50 | Will Trump deport 750,000 or more people...
[11:58:36] [INFO] EXECUTE: WHALE | $50 | Will Elon and DOGE cut less than $50b in...
[11:58:36] [INFO] EXECUTE: WHALE | $50 | Will Elon and DOGE cut between $50-100b ...
[11:58:36] [INFO] EXECUTE: WHALE | $50 | Will Elon and DOGE cut between $100-150b...
[11:58:36] [INFO] EXECUTE: WHALE | $50 | Will Elon and DOGE cut between $150-200b...
[11:58:36] [INFO] EXECUTE: WHALE | $50 | Will Elon and DOGE cut between $200-250b...
[11:58:36] [INFO] EXECUTE: WHALE | $50 | Will Elon and DOGE cut more than $250b i...
[11:58:36] [INFO] EXECUTE: WHALE | $50 | Will Elon cut the budget by at least 10%...
[11:58:36] [INFO] EXECUTE: WHALE | $50 | Will Elon cut the budget by at least 5% ...
[11:58:36] [INFO] EXECUTE: WHALE | $50 | Will GTA 6 cost $100+?...
[11:58:36] [INFO] EXECUTE: WHALE | $50 | Negative GDP growth in 2025?...
[11:58:36] [INFO] EXECUTE: WHALE | $50 | Will the U.S. collect between $100b and ...
[11:58:36] [INFO] EXECUTE: WHALE | $50 | Will the U.S. collect between $200b and ...
[11:58:36] [INFO] EXECUTE: WHALE | $50 | Will the U.S. collect between $500b and ...
[11:58:36] [INFO] EXECUTE: WHALE | $50 | Will the U.S. collect between $1t and $2...
[11:58:36] [INFO] EXECUTE: WHALE | $50 | Will the U.S. collect more than $2t in r...
[11:58:36] [INFO] EXECUTE: WHALE | $50 | Will tariffs generate >$250b in 2025?...
[11:58:36] [INFO] EXECUTE: WHALE | $50 | GTA VI released before June 2026?...
[11:58:36] [INFO] EXECUTE: WHALE | $50 | Will Carson Schwesinger be the 2025-2026...
[11:58:36] [INFO] EXECUTE: WHALE | $50 | Will Tetairoa McMillan be the 2025-2026 ...
[11:58:36] [INFO] EXECUTE: WHALE | $50 | Will Tyler Shough be the 2025-2026 NFL O...
[11:58:36] [INFO] EXECUTE: WHALE | $50 | Will Jaxson Dart be the 2025-2026 NFL Of...
[11:58:36] [INFO] EXECUTE: WHALE | $50 | Will Emeka Egbuka be the 2025-2026 NFL O...
[11:58:36] [INFO] EXECUTE: WHALE | $50 | Will TreVeyon Henderson be the 2025-2026...
[11:58:46] [INFO] Cycle 3: Found 38 opportunities
[11:58:46] [INFO] DECISION: Execute WHALE | EV $1172.22 | Will Trump deport less than 250,000?...
[11:58:46] [INFO] DECISION: Execute WHALE | EV $178.22 | Will Trump deport 250,000-500,000 people...
[11:58:46] [INFO] DECISION: Execute WHALE | EV $386.51 | Will Trump deport 500,000-750,000- peopl...
[11:58:46] [INFO] DECISION: Execute WHALE | EV $2844.74 | Will Trump deport 750,000-1,000,000 peop...
[11:58:46] [INFO] DECISION: Execute WHALE | EV $4180.77 | Will Trump deport 1,000,000-1,250,000 pe...
[11:58:46] [INFO] DECISION: Execute WHALE | EV $10950.00 | Will Trump deport 1,250,000-1,500,000 pe...
[11:58:46] [INFO] DECISION: Execute WHALE | EV $6825.00 | Will Trump deport 1,500,000-1,750,000 pe...
[11:58:46] [INFO] DECISION: Execute WHALE | EV $7807.14 | Will Trump deport 1,750,000-2,000,000 pe...
[11:58:46] [INFO] DECISION: Execute WHALE | EV $6825.00 | Will Trump deport 2,000,000 or more peop...
[11:58:46] [INFO] DECISION: Execute WHALE | EV $273.53 | Will Trump deport 750,000 or more people...
[11:58:46] [INFO] DECISION: Execute WHALE | EV $541.40 | Will Elon and DOGE cut less than $50b in...
[11:58:46] [INFO] DECISION: Execute WHALE | EV $4533.33 | Will Elon and DOGE cut between $50-100b ...
[11:58:46] [INFO] DECISION: Execute WHALE | EV $4950.00 | Will Elon and DOGE cut between $100-150b...
[11:58:46] [INFO] DECISION: Execute WHALE | EV $758.82 | Will Elon and DOGE cut between $150-200b...
[11:58:46] [INFO] DECISION: Execute WHALE | EV $4950.00 | Will Elon and DOGE cut between $200-250b...
[11:58:46] [INFO] DECISION: Execute WHALE | EV $4180.77 | Will Elon and DOGE cut more than $250b i...
[11:58:46] [INFO] DECISION: Execute WHALE | EV $575.00 | Will Elon cut the budget by at least 10%...
[11:58:46] [INFO] DECISION: Execute WHALE | EV $646.20 | Will Elon cut the budget by at least 5% ...
[11:58:46] [INFO] DECISION: Execute WHALE | EV $3185.29 | Will GTA 6 cost $100+?...
[11:58:46] [INFO] DECISION: Execute WHALE | EV $4950.00 | Negative GDP growth in 2025?...
[11:58:46] [INFO] DECISION: Execute WHALE | EV $554.40 | Will the U.S. collect between $100b and ...
[11:58:46] [INFO] DECISION: Execute WHALE | EV $111.76 | Will the U.S. collect between $200b and ...
[11:58:46] [INFO] DECISION: Execute WHALE | EV $6825.00 | Will the U.S. collect between $500b and ...
[11:58:46] [INFO] DECISION: Execute WHALE | EV $27450.00 | Will the U.S. collect between $1t and $2...
[11:58:46] [INFO] DECISION: Execute WHALE | EV $18283.33 | Will the U.S. collect more than $2t in r...
[11:58:46] [INFO] DECISION: Execute WHALE | EV $1436.49 | Will tariffs generate >$250b in 2025?...
[11:58:46] [INFO] DECISION: Execute WHALE | EV $489.22 | GTA VI released before June 2026?...
[11:58:46] [INFO] DECISION: Execute WHALE | EV $373.08 | Will Carson Schwesinger be the 2025-2026...
[11:58:46] [INFO] DECISION: Execute WHALE | EV $528.95 | Will Tetairoa McMillan be the 2025-2026 ...
[11:58:46] [INFO] DECISION: Execute WHALE | EV $13700.00 | Will Tyler Shough be the 2025-2026 NFL O...
[11:58:46] [INFO] DECISION: Execute WHALE | EV $582.18 | Will Jaxson Dart be the 2025-2026 NFL Of...
[11:58:46] [INFO] DECISION: Execute WHALE | EV $10950.00 | Will Emeka Egbuka be the 2025-2026 NFL O...
[11:58:46] [INFO] DECISION: Execute WHALE | EV $10950.00 | Will TreVeyon Henderson be the 2025-2026...
[11:58:46] [INFO] EXECUTE: WHALE | $50 | Will Trump deport less than 250,000?...
[11:58:46] [INFO] EXECUTE: WHALE | $50 | Will Trump deport 250,000-500,000 people...
[11:58:46] [INFO] EXECUTE: WHALE | $50 | Will Trump deport 500,000-750,000- peopl...
[11:58:46] [INFO] EXECUTE: WHALE | $50 | Will Trump deport 750,000-1,000,000 peop...
[11:58:46] [INFO] EXECUTE: WHALE | $50 | Will Trump deport 1,000,000-1,250,000 pe...
[11:58:46] [INFO] EXECUTE: WHALE | $50 | Will Trump deport 1,250,000-1,500,000 pe...
[11:58:46] [INFO] EXECUTE: WHALE | $50 | Will Trump deport 1,500,000-1,750,000 pe...
[11:58:46] [INFO] EXECUTE: WHALE | $50 | Will Trump deport 1,750,000-2,000,000 pe...
[11:58:46] [INFO] EXECUTE: WHALE | $50 | Will Trump deport 2,000,000 or more peop...
[11:58:46] [INFO] EXECUTE: WHALE | $50 | Will Trump deport 750,000 or more people...
[11:58:46] [INFO] EXECUTE: WHALE | $50 | Will Elon and DOGE cut less than $50b in...
[11:58:46] [INFO] EXECUTE: WHALE | $50 | Will Elon and DOGE cut between $50-100b ...
[11:58:46] [INFO] EXECUTE: WHALE | $50 | Will Elon and DOGE cut between $100-150b...
[11:58:46] [INFO] EXECUTE: WHALE | $50 | Will Elon and DOGE cut between $150-200b...
[11:58:46] [INFO] EXECUTE: WHALE | $50 | Will Elon and DOGE cut between $200-250b...
[11:58:46] [INFO] EXECUTE: WHALE | $50 | Will Elon and DOGE cut more than $250b i...
[11:58:46] [INFO] EXECUTE: WHALE | $50 | Will Elon cut the budget by at least 10%...
[11:58:46] [INFO] EXECUTE: WHALE | $50 | Will Elon cut the budget by at least 5% ...
[11:58:46] [INFO] EXECUTE: WHALE | $50 | Will GTA 6 cost $100+?...
[11:58:46] [INFO] EXECUTE: WHALE | $50 | Negative GDP growth in 2025?...
[11:58:46] [INFO] EXECUTE: WHALE | $50 | Will the U.S. collect between $100b and ...
[11:58:46] [INFO] EXECUTE: WHALE | $50 | Will the U.S. collect between $200b and ...
[11:58:46] [INFO] EXECUTE: WHALE | $50 | Will the U.S. collect between $500b and ...
[11:58:46] [INFO] EXECUTE: WHALE | $50 | Will the U.S. collect between $1t and $2...
[11:58:46] [INFO] EXECUTE: WHALE | $50 | Will the U.S. collect more than $2t in r...
[11:58:46] [INFO] EXECUTE: WHALE | $50 | Will tariffs generate >$250b in 2025?...
[11:58:46] [INFO] EXECUTE: WHALE | $50 | GTA VI released before June 2026?...
[11:58:46] [INFO] EXECUTE: WHALE | $50 | Will Carson Schwesinger be the 2025-2026...
[11:58:46] [INFO] EXECUTE: WHALE | $50 | Will Tetairoa McMillan be the 2025-2026 ...
[11:58:46] [INFO] EXECUTE: WHALE | $50 | Will Tyler Shough be the 2025-2026 NFL O...
[11:58:46] [INFO] EXECUTE: WHALE | $50 | Will Jaxson Dart be the 2025-2026 NFL Of...
[11:58:46] [INFO] EXECUTE: WHALE | $50 | Will Emeka Egbuka be the 2025-2026 NFL O...
[11:58:46] [INFO] EXECUTE: WHALE | $50 | Will TreVeyon Henderson be the 2025-2026...
[11:58:56] [INFO] Cycle 4: Found 38 opportunities
[11:58:56] [INFO] DECISION: Execute WHALE | EV $1172.22 | Will Trump deport less than 250,000?...
[11:58:56] [INFO] DECISION: Execute WHALE | EV $178.22 | Will Trump deport 250,000-500,000 people...
[11:58:56] [INFO] DECISION: Execute WHALE | EV $386.51 | Will Trump deport 500,000-750,000- peopl...
[11:58:56] [INFO] DECISION: Execute WHALE | EV $2844.74 | Will Trump deport 750,000-1,000,000 peop...
[11:58:56] [INFO] DECISION: Execute WHALE | EV $4180.77 | Will Trump deport 1,000,000-1,250,000 pe...
[11:58:56] [INFO] DECISION: Execute WHALE | EV $10950.00 | Will Trump deport 1,250,000-1,500,000 pe...
[11:58:56] [INFO] DECISION: Execute WHALE | EV $6825.00 | Will Trump deport 1,500,000-1,750,000 pe...
[11:58:56] [INFO] DECISION: Execute WHALE | EV $7807.14 | Will Trump deport 1,750,000-2,000,000 pe...
[11:58:56] [INFO] DECISION: Execute WHALE | EV $6825.00 | Will Trump deport 2,000,000 or more peop...
[11:58:56] [INFO] DECISION: Execute WHALE | EV $273.53 | Will Trump deport 750,000 or more people...
[11:58:56] [INFO] DECISION: Execute WHALE | EV $541.40 | Will Elon and DOGE cut less than $50b in...
[11:58:56] [INFO] DECISION: Execute WHALE | EV $4533.33 | Will Elon and DOGE cut between $50-100b ...
[11:58:56] [INFO] DECISION: Execute WHALE | EV $4950.00 | Will Elon and DOGE cut between $100-150b...
[11:58:56] [INFO] DECISION: Execute WHALE | EV $758.82 | Will Elon and DOGE cut between $150-200b...
[11:58:56] [INFO] DECISION: Execute WHALE | EV $4950.00 | Will Elon and DOGE cut between $200-250b...
[11:58:56] [INFO] DECISION: Execute WHALE | EV $4180.77 | Will Elon and DOGE cut more than $250b i...
[11:58:56] [INFO] DECISION: Execute WHALE | EV $575.00 | Will Elon cut the budget by at least 10%...
[11:58:56] [INFO] DECISION: Execute WHALE | EV $646.20 | Will Elon cut the budget by at least 5% ...
[11:58:56] [INFO] DECISION: Execute WHALE | EV $3185.29 | Will GTA 6 cost $100+?...
[11:58:56] [INFO] DECISION: Execute WHALE | EV $4950.00 | Negative GDP growth in 2025?...
[11:58:56] [INFO] DECISION: Execute WHALE | EV $554.40 | Will the U.S. collect between $100b and ...
[11:58:56] [INFO] DECISION: Execute WHALE | EV $111.76 | Will the U.S. collect between $200b and ...
[11:58:56] [INFO] DECISION: Execute WHALE | EV $6825.00 | Will the U.S. collect between $500b and ...
[11:58:56] [INFO] DECISION: Execute WHALE | EV $27450.00 | Will the U.S. collect between $1t and $2...
[11:58:56] [INFO] DECISION: Execute WHALE | EV $18283.33 | Will the U.S. collect more than $2t in r...
[11:58:56] [INFO] DECISION: Execute WHALE | EV $1436.49 | Will tariffs generate >$250b in 2025?...
[11:58:56] [INFO] DECISION: Execute WHALE | EV $489.22 | GTA VI released before June 2026?...
[11:58:56] [INFO] DECISION: Execute WHALE | EV $373.08 | Will Carson Schwesinger be the 2025-2026...
[11:58:56] [INFO] DECISION: Execute WHALE | EV $528.95 | Will Tetairoa McMillan be the 2025-2026 ...
[11:58:56] [INFO] DECISION: Execute WHALE | EV $13700.00 | Will Tyler Shough be the 2025-2026 NFL O...
[11:58:56] [INFO] DECISION: Execute WHALE | EV $582.18 | Will Jaxson Dart be the 2025-2026 NFL Of...
[11:58:56] [INFO] DECISION: Execute WHALE | EV $10950.00 | Will Emeka Egbuka be the 2025-2026 NFL O...
[11:58:56] [INFO] DECISION: Execute WHALE | EV $10950.00 | Will TreVeyon Henderson be the 2025-2026...
[11:58:56] [INFO] EXECUTE: WHALE | $50 | Will Trump deport less than 250,000?...
[11:58:56] [INFO] EXECUTE: WHALE | $50 | Will Trump deport 250,000-500,000 people...
[11:58:56] [INFO] EXECUTE: WHALE | $50 | Will Trump deport 500,000-750,000- peopl...
[11:58:56] [INFO] EXECUTE: WHALE | $50 | Will Trump deport 750,000-1,000,000 peop...
[11:58:56] [INFO] EXECUTE: WHALE | $50 | Will Trump deport 1,000,000-1,250,000 pe...
[11:58:56] [INFO] EXECUTE: WHALE | $50 | Will Trump deport 1,250,000-1,500,000 pe...
[11:58:56] [INFO] EXECUTE: WHALE | $50 | Will Trump deport 1,500,000-1,750,000 pe...
[11:58:56] [INFO] EXECUTE: WHALE | $50 | Will Trump deport 1,750,000-2,000,000 pe...
[11:58:56] [INFO] EXECUTE: WHALE | $50 | Will Trump deport 2,000,000 or more peop...
[11:58:56] [INFO] EXECUTE: WHALE | $50 | Will Trump deport 750,000 or more people...
[11:58:56] [INFO] EXECUTE: WHALE | $50 | Will Elon and DOGE cut less than $50b in...
[11:58:56] [INFO] EXECUTE: WHALE | $50 | Will Elon and DOGE cut between $50-100b ...
[11:58:56] [INFO] EXECUTE: WHALE | $50 | Will Elon and DOGE cut between $100-150b...
[11:58:56] [INFO] EXECUTE: WHALE | $50 | Will Elon and DOGE cut between $150-200b...
[11:58:56] [INFO] EXECUTE: WHALE | $50 | Will Elon and DOGE cut between $200-250b...
[11:58:56] [INFO] EXECUTE: WHALE | $50 | Will Elon and DOGE cut more than $250b i...
[11:58:56] [INFO] EXECUTE: WHALE | $50 | Will Elon cut the budget by at least 10%...
[11:58:56] [INFO] EXECUTE: WHALE | $50 | Will Elon cut the budget by at least 5% ...
[11:58:56] [INFO] EXECUTE: WHALE | $50 | Will GTA 6 cost $100+?...
[11:58:56] [INFO] EXECUTE: WHALE | $50 | Negative GDP growth in 2025?...
[11:58:56] [INFO] EXECUTE: WHALE | $50 | Will the U.S. collect between $100b and ...
[11:58:56] [INFO] EXECUTE: WHALE | $50 | Will the U.S. collect between $200b and ...
[11:58:56] [INFO] EXECUTE: WHALE | $50 | Will the U.S. collect between $500b and ...
[11:58:56] [INFO] EXECUTE: WHALE | $50 | Will the U.S. collect between $1t and $2...
[11:58:56] [INFO] EXECUTE: WHALE | $50 | Will the U.S. collect more than $2t in r...
[11:58:56] [INFO] EXECUTE: WHALE | $50 | Will tariffs generate >$250b in 2025?...
[11:58:56] [INFO] EXECUTE: WHALE | $50 | GTA VI released before June 2026?...
[11:58:56] [INFO] EXECUTE: WHALE | $50 | Will Carson Schwesinger be the 2025-2026...
[11:58:56] [INFO] EXECUTE: WHALE | $50 | Will Tetairoa McMillan be the 2025-2026 ...
[11:58:56] [INFO] EXECUTE: WHALE | $50 | Will Tyler Shough be the 2025-2026 NFL O...
[11:58:56] [INFO] EXECUTE: WHALE | $50 | Will Jaxson Dart be the 2025-2026 NFL Of...
[11:58:56] [INFO] EXECUTE: WHALE | $50 | Will Emeka Egbuka be the 2025-2026 NFL O...
[11:58:56] [INFO] EXECUTE: WHALE | $50 | Will TreVeyon Henderson be the 2025-2026...
[11:59:06] [INFO] Cycle 5: Found 38 opportunities
[11:59:06] [INFO] DECISION: Execute WHALE | EV $1172.22 | Will Trump deport less than 250,000?...
[11:59:06] [INFO] DECISION: Execute WHALE | EV $178.22 | Will Trump deport 250,000-500,000 people...
[11:59:06] [INFO] DECISION: Execute WHALE | EV $386.51 | Will Trump deport 500,000-750,000- peopl...
[11:59:06] [INFO] DECISION: Execute WHALE | EV $2844.74 | Will Trump deport 750,000-1,000,000 peop...
[11:59:06] [INFO] DECISION: Execute WHALE | EV $4180.77 | Will Trump deport 1,000,000-1,250,000 pe...
[11:59:06] [INFO] DECISION: Execute WHALE | EV $10950.00 | Will Trump deport 1,250,000-1,500,000 pe...
[11:59:06] [INFO] DECISION: Execute WHALE | EV $6825.00 | Will Trump deport 1,500,000-1,750,000 pe...
[11:59:06] [INFO] DECISION: Execute WHALE | EV $7807.14 | Will Trump deport 1,750,000-2,000,000 pe...
[11:59:06] [INFO] DECISION: Execute WHALE | EV $6825.00 | Will Trump deport 2,000,000 or more peop...
[11:59:06] [INFO] DECISION: Execute WHALE | EV $273.53 | Will Trump deport 750,000 or more people...
[11:59:06] [INFO] DECISION: Execute WHALE | EV $541.40 | Will Elon and DOGE cut less than $50b in...
[11:59:06] [INFO] DECISION: Execute WHALE | EV $4533.33 | Will Elon and DOGE cut between $50-100b ...
[11:59:06] [INFO] DECISION: Execute WHALE | EV $4950.00 | Will Elon and DOGE cut between $100-150b...
[11:59:06] [INFO] DECISION: Execute WHALE | EV $758.82 | Will Elon and DOGE cut between $150-200b...
[11:59:06] [INFO] DECISION: Execute WHALE | EV $4950.00 | Will Elon and DOGE cut between $200-250b...
[11:59:06] [INFO] DECISION: Execute WHALE | EV $4180.77 | Will Elon and DOGE cut more than $250b i...
[11:59:06] [INFO] DECISION: Execute WHALE | EV $575.00 | Will Elon cut the budget by at least 10%...
[11:59:06] [INFO] DECISION: Execute WHALE | EV $646.20 | Will Elon cut the budget by at least 5% ...
[11:59:06] [INFO] DECISION: Execute WHALE | EV $3185.29 | Will GTA 6 cost $100+?...
[11:59:06] [INFO] DECISION: Execute WHALE | EV $4950.00 | Negative GDP growth in 2025?...
[11:59:06] [INFO] DECISION: Execute WHALE | EV $554.40 | Will the U.S. collect between $100b and ...
[11:59:06] [INFO] DECISION: Execute WHALE | EV $111.76 | Will the U.S. collect between $200b and ...
[11:59:06] [INFO] DECISION: Execute WHALE | EV $6825.00 | Will the U.S. collect between $500b and ...
[11:59:06] [INFO] DECISION: Execute WHALE | EV $27450.00 | Will the U.S. collect between $1t and $2...
[11:59:06] [INFO] DECISION: Execute WHALE | EV $18283.33 | Will the U.S. collect more than $2t in r...
[11:59:06] [INFO] DECISION: Execute WHALE | EV $1436.49 | Will tariffs generate >$250b in 2025?...
[11:59:06] [INFO] DECISION: Execute WHALE | EV $489.22 | GTA VI released before June 2026?...
[11:59:06] [INFO] DECISION: Execute WHALE | EV $373.08 | Will Carson Schwesinger be the 2025-2026...
[11:59:06] [INFO] DECISION: Execute WHALE | EV $528.95 | Will Tetairoa McMillan be the 2025-2026 ...
[11:59:06] [INFO] DECISION: Execute WHALE | EV $13700.00 | Will Tyler Shough be the 2025-2026 NFL O...
[11:59:06] [INFO] DECISION: Execute WHALE | EV $582.18 | Will Jaxson Dart be the 2025-2026 NFL Of...
[11:59:06] [INFO] DECISION: Execute WHALE | EV $10950.00 | Will Emeka Egbuka be the 2025-2026 NFL O...
[11:59:06] [INFO] DECISION: Execute WHALE | EV $10950.00 | Will TreVeyon Henderson be the 2025-2026...
[11:59:06] [INFO] EXECUTE: WHALE | $50 | Will Trump deport less than 250,000?...
[11:59:06] [INFO] EXECUTE: WHALE | $50 | Will Trump deport 250,000-500,000 people...
[11:59:06] [INFO] EXECUTE: WHALE | $50 | Will Trump deport 500,000-750,000- peopl...
[11:59:06] [INFO] EXECUTE: WHALE | $50 | Will Trump deport 750,000-1,000,000 peop...
[11:59:06] [INFO] EXECUTE: WHALE | $50 | Will Trump deport 1,000,000-1,250,000 pe...
[11:59:06] [INFO] EXECUTE: WHALE | $50 | Will Trump deport 1,250,000-1,500,000 pe...
[11:59:06] [INFO] EXECUTE: WHALE | $50 | Will Trump deport 1,500,000-1,750,000 pe...
[11:59:06] [INFO] EXECUTE: WHALE | $50 | Will Trump deport 1,750,000-2,000,000 pe...
[11:59:06] [INFO] EXECUTE: WHALE | $50 | Will Trump deport 2,000,000 or more peop...
[11:59:06] [INFO] EXECUTE: WHALE | $50 | Will Trump deport 750,000 or more people...
[11:59:06] [INFO] EXECUTE: WHALE | $50 | Will Elon and DOGE cut less than $50b in...
[11:59:06] [INFO] EXECUTE: WHALE | $50 | Will Elon and DOGE cut between $50-100b ...
[11:59:06] [INFO] EXECUTE: WHALE | $50 | Will Elon and DOGE cut between $100-150b...
[11:59:06] [INFO] EXECUTE: WHALE | $50 | Will Elon and DOGE cut between $150-200b...
[11:59:06] [INFO] EXECUTE: WHALE | $50 | Will Elon and DOGE cut between $200-250b...
[11:59:06] [INFO] EXECUTE: WHALE | $50 | Will Elon and DOGE cut more than $250b i...
[11:59:06] [INFO] EXECUTE: WHALE | $50 | Will Elon cut the budget by at least 10%...
[11:59:06] [INFO] EXECUTE: WHALE | $50 | Will Elon cut the budget by at least 5% ...
[11:59:06] [INFO] EXECUTE: WHALE | $50 | Will GTA 6 cost $100+?...
[11:59:06] [INFO] EXECUTE: WHALE | $50 | Negative GDP growth in 2025?...
[11:59:06] [INFO] EXECUTE: WHALE | $50 | Will the U.S. collect between $100b and ...
[11:59:06] [INFO] EXECUTE: WHALE | $50 | Will the U.S. collect between $200b and ...
[11:59:06] [INFO] EXECUTE: WHALE | $50 | Will the U.S. collect between $500b and ...
[11:59:06] [INFO] EXECUTE: WHALE | $50 | Will the U.S. collect between $1t and $2...
[11:59:06] [INFO] EXECUTE: WHALE | $50 | Will the U.S. collect more than $2t in r...
[11:59:06] [INFO] EXECUTE: WHALE | $50 | Will tariffs generate >$250b in 2025?...
[11:59:06] [INFO] EXECUTE: WHALE | $50 | GTA VI released before June 2026?...
[11:59:06] [INFO] EXECUTE: WHALE | $50 | Will Carson Schwesinger be the 2025-2026...
[11:59:06] [INFO] EXECUTE: WHALE | $50 | Will Tetairoa McMillan be the 2025-2026 ...
[11:59:06] [INFO] EXECUTE: WHALE | $50 | Will Tyler Shough be the 2025-2026 NFL O...
[11:59:06] [INFO] EXECUTE: WHALE | $50 | Will Jaxson Dart be the 2025-2026 NFL Of...
[11:59:06] [INFO] EXECUTE: WHALE | $50 | Will Emeka Egbuka be the 2025-2026 NFL O...
[11:59:06] [INFO] EXECUTE: WHALE | $50 | Will TreVeyon Henderson be the 2025-2026...
[11:59:16] [INFO] Cycle 6: Found 38 opportunities
[11:59:16] [INFO] DECISION: Execute WHALE | EV $1172.22 | Will Trump deport less than 250,000?...
[11:59:16] [INFO] DECISION: Execute WHALE | EV $178.22 | Will Trump deport 250,000-500,000 people...
[11:59:16] [INFO] DECISION: Execute WHALE | EV $386.51 | Will Trump deport 500,000-750,000- peopl...
[11:59:16] [INFO] DECISION: Execute WHALE | EV $2844.74 | Will Trump deport 750,000-1,000,000 peop...
[11:59:16] [INFO] DECISION: Execute WHALE | EV $4180.77 | Will Trump deport 1,000,000-1,250,000 pe...
[11:59:16] [INFO] DECISION: Execute WHALE | EV $10950.00 | Will Trump deport 1,250,000-1,500,000 pe...
[11:59:16] [INFO] DECISION: Execute WHALE | EV $6825.00 | Will Trump deport 1,500,000-1,750,000 pe...
[11:59:16] [INFO] DECISION: Execute WHALE | EV $7807.14 | Will Trump deport 1,750,000-2,000,000 pe...
[11:59:16] [INFO] DECISION: Execute WHALE | EV $6825.00 | Will Trump deport 2,000,000 or more peop...
[11:59:16] [INFO] DECISION: Execute WHALE | EV $273.53 | Will Trump deport 750,000 or more people...
[11:59:16] [INFO] DECISION: Execute WHALE | EV $541.40 | Will Elon and DOGE cut less than $50b in...
[11:59:16] [INFO] DECISION: Execute WHALE | EV $4533.33 | Will Elon and DOGE cut between $50-100b ...
[11:59:16] [INFO] DECISION: Execute WHALE | EV $4950.00 | Will Elon and DOGE cut between $100-150b...
[11:59:16] [INFO] DECISION: Execute WHALE | EV $758.82 | Will Elon and DOGE cut between $150-200b...
[11:59:16] [INFO] DECISION: Execute WHALE | EV $4950.00 | Will Elon and DOGE cut between $200-250b...
[11:59:16] [INFO] DECISION: Execute WHALE | EV $4180.77 | Will Elon and DOGE cut more than $250b i...
[11:59:16] [INFO] DECISION: Execute WHALE | EV $575.00 | Will Elon cut the budget by at least 10%...
[11:59:16] [INFO] DECISION: Execute WHALE | EV $646.20 | Will Elon cut the budget by at least 5% ...
[11:59:16] [INFO] DECISION: Execute WHALE | EV $3185.29 | Will GTA 6 cost $100+?...
[11:59:16] [INFO] DECISION: Execute WHALE | EV $4950.00 | Negative GDP growth in 2025?...
[11:59:16] [INFO] DECISION: Execute WHALE | EV $554.40 | Will the U.S. collect between $100b and ...
[11:59:16] [INFO] DECISION: Execute WHALE | EV $111.76 | Will the U.S. collect between $200b and ...
[11:59:16] [INFO] DECISION: Execute WHALE | EV $6825.00 | Will the U.S. collect between $500b and ...
[11:59:16] [INFO] DECISION: Execute WHALE | EV $27450.00 | Will the U.S. collect between $1t and $2...
[11:59:16] [INFO] DECISION: Execute WHALE | EV $18283.33 | Will the U.S. collect more than $2t in r...
[11:59:16] [INFO] DECISION: Execute WHALE | EV $1436.49 | Will tariffs generate >$250b in 2025?...
[11:59:16] [INFO] DECISION: Execute WHALE | EV $489.22 | GTA VI released before June 2026?...
[11:59:16] [INFO] DECISION: Execute WHALE | EV $373.08 | Will Carson Schwesinger be the 2025-2026...
[11:59:16] [INFO] DECISION: Execute WHALE | EV $528.95 | Will Tetairoa McMillan be the 2025-2026 ...
[11:59:16] [INFO] DECISION: Execute WHALE | EV $13700.00 | Will Tyler Shough be the 2025-2026 NFL O...
[11:59:16] [INFO] DECISION: Execute WHALE | EV $582.18 | Will Jaxson Dart be the 2025-2026 NFL Of...
[11:59:16] [INFO] DECISION: Execute WHALE | EV $10950.00 | Will Emeka Egbuka be the 2025-2026 NFL O...
[11:59:16] [INFO] DECISION: Execute WHALE | EV $10950.00 | Will TreVeyon Henderson be the 2025-2026...
[11:59:16] [INFO] EXECUTE: WHALE | $50 | Will Trump deport less than 250,000?...
[11:59:16] [INFO] EXECUTE: WHALE | $50 | Will Trump deport 250,000-500,000 people...
[11:59:16] [INFO] EXECUTE: WHALE | $50 | Will Trump deport 500,000-750,000- peopl...
[11:59:16] [INFO] EXECUTE: WHALE | $50 | Will Trump deport 750,000-1,000,000 peop...
[11:59:16] [INFO] EXECUTE: WHALE | $50 | Will Trump deport 1,000,000-1,250,000 pe...
[11:59:16] [INFO] EXECUTE: WHALE | $50 | Will Trump deport 1,250,000-1,500,000 pe...
[11:59:16] [INFO] EXECUTE: WHALE | $50 | Will Trump deport 1,500,000-1,750,000 pe...
[11:59:16] [INFO] EXECUTE: WHALE | $50 | Will Trump deport 1,750,000-2,000,000 pe...
[11:59:16] [INFO] EXECUTE: WHALE | $50 | Will Trump deport 2,000,000 or more peop...
[11:59:16] [INFO] EXECUTE: WHALE | $50 | Will Trump deport 750,000 or more people...
[11:59:16] [INFO] EXECUTE: WHALE | $50 | Will Elon and DOGE cut less than $50b in...
[11:59:16] [INFO] EXECUTE: WHALE | $50 | Will Elon and DOGE cut between $50-100b ...
[11:59:16] [INFO] EXECUTE: WHALE | $50 | Will Elon and DOGE cut between $100-150b...
[11:59:16] [INFO] EXECUTE: WHALE | $50 | Will Elon and DOGE cut between $150-200b...
[11:59:16] [INFO] EXECUTE: WHALE | $50 | Will Elon and DOGE cut between $200-250b...
[11:59:16] [INFO] EXECUTE: WHALE | $50 | Will Elon and DOGE cut more than $250b i...
[11:59:16] [INFO] EXECUTE: WHALE | $50 | Will Elon cut the budget by at least 10%...
[11:59:16] [INFO] EXECUTE: WHALE | $50 | Will Elon cut the budget by at least 5% ...
[11:59:16] [INFO] EXECUTE: WHALE | $50 | Will GTA 6 cost $100+?...
[11:59:16] [INFO] EXECUTE: WHALE | $50 | Negative GDP growth in 2025?...
[11:59:16] [INFO] EXECUTE: WHALE | $50 | Will the U.S. collect between $100b and ...
[11:59:16] [INFO] EXECUTE: WHALE | $50 | Will the U.S. collect between $200b and ...
[11:59:16] [INFO] EXECUTE: WHALE | $50 | Will the U.S. collect between $500b and ...
[11:59:16] [INFO] EXECUTE: WHALE | $50 | Will the U.S. collect between $1t and $2...
[11:59:16] [INFO] EXECUTE: WHALE | $50 | Will the U.S. collect more than $2t in r...
[11:59:16] [INFO] EXECUTE: WHALE | $50 | Will tariffs generate >$250b in 2025?...
[11:59:16] [INFO] EXECUTE: WHALE | $50 | GTA VI released before June 2026?...
[11:59:16] [INFO] EXECUTE: WHALE | $50 | Will Carson Schwesinger be the 2025-2026...
[11:59:16] [INFO] EXECUTE: WHALE | $50 | Will Tetairoa McMillan be the 2025-2026 ...
[11:59:16] [INFO] EXECUTE: WHALE | $50 | Will Tyler Shough be the 2025-2026 NFL O...
[11:59:16] [INFO] EXECUTE: WHALE | $50 | Will Jaxson Dart be the 2025-2026 NFL Of...
[11:59:16] [INFO] EXECUTE: WHALE | $50 | Will Emeka Egbuka be the 2025-2026 NFL O...
[11:59:16] [INFO] EXECUTE: WHALE | $50 | Will TreVeyon Henderson be the 2025-2026...
[11:59:26] [INFO] Cycle 7: Found 38 opportunities
[11:59:26] [INFO] DECISION: Execute WHALE | EV $1172.22 | Will Trump deport less than 250,000?...
[11:59:26] [INFO] DECISION: Execute WHALE | EV $178.22 | Will Trump deport 250,000-500,000 people...
[11:59:26] [INFO] DECISION: Execute WHALE | EV $386.51 | Will Trump deport 500,000-750,000- peopl...
[11:59:26] [INFO] DECISION: Execute WHALE | EV $2844.74 | Will Trump deport 750,000-1,000,000 peop...
[11:59:26] [INFO] DECISION: Execute WHALE | EV $4180.77 | Will Trump deport 1,000,000-1,250,000 pe...
[11:59:26] [INFO] DECISION: Execute WHALE | EV $10950.00 | Will Trump deport 1,250,000-1,500,000 pe...
[11:59:26] [INFO] DECISION: Execute WHALE | EV $6825.00 | Will Trump deport 1,500,000-1,750,000 pe...
[11:59:26] [INFO] DECISION: Execute WHALE | EV $7807.14 | Will Trump deport 1,750,000-2,000,000 pe...
[11:59:26] [INFO] DECISION: Execute WHALE | EV $6825.00 | Will Trump deport 2,000,000 or more peop...
[11:59:26] [INFO] DECISION: Execute WHALE | EV $273.53 | Will Trump deport 750,000 or more people...
[11:59:26] [INFO] DECISION: Execute WHALE | EV $541.40 | Will Elon and DOGE cut less than $50b in...
[11:59:26] [INFO] DECISION: Execute WHALE | EV $4533.33 | Will Elon and DOGE cut between $50-100b ...
[11:59:26] [INFO] DECISION: Execute WHALE | EV $4950.00 | Will Elon and DOGE cut between $100-150b...
[11:59:26] [INFO] DECISION: Execute WHALE | EV $758.82 | Will Elon and DOGE cut between $150-200b...
[11:59:26] [INFO] DECISION: Execute WHALE | EV $4950.00 | Will Elon and DOGE cut between $200-250b...
[11:59:26] [INFO] DECISION: Execute WHALE | EV $4180.77 | Will Elon and DOGE cut more than $250b i...
[11:59:26] [INFO] DECISION: Execute WHALE | EV $575.00 | Will Elon cut the budget by at least 10%...
[11:59:26] [INFO] DECISION: Execute WHALE | EV $646.20 | Will Elon cut the budget by at least 5% ...
[11:59:26] [INFO] DECISION: Execute WHALE | EV $3185.29 | Will GTA 6 cost $100+?...
[11:59:26] [INFO] DECISION: Execute WHALE | EV $4950.00 | Negative GDP growth in 2025?...
[11:59:26] [INFO] DECISION: Execute WHALE | EV $554.40 | Will the U.S. collect between $100b and ...
[11:59:26] [INFO] DECISION: Execute WHALE | EV $111.76 | Will the U.S. collect between $200b and ...
[11:59:26] [INFO] DECISION: Execute WHALE | EV $6825.00 | Will the U.S. collect between $500b and ...
[11:59:26] [INFO] DECISION: Execute WHALE | EV $27450.00 | Will the U.S. collect between $1t and $2...
[11:59:26] [INFO] DECISION: Execute WHALE | EV $18283.33 | Will the U.S. collect more than $2t in r...
[11:59:26] [INFO] DECISION: Execute WHALE | EV $1436.49 | Will tariffs generate >$250b in 2025?...
[11:59:26] [INFO] DECISION: Execute WHALE | EV $489.22 | GTA VI released before June 2026?...
[11:59:26] [INFO] DECISION: Execute WHALE | EV $373.08 | Will Carson Schwesinger be the 2025-2026...
[11:59:26] [INFO] DECISION: Execute WHALE | EV $528.95 | Will Tetairoa McMillan be the 2025-2026 ...
[11:59:26] [INFO] DECISION: Execute WHALE | EV $13700.00 | Will Tyler Shough be the 2025-2026 NFL O...
[11:59:26] [INFO] DECISION: Execute WHALE | EV $582.18 | Will Jaxson Dart be the 2025-2026 NFL Of...
[11:59:26] [INFO] DECISION: Execute WHALE | EV $10950.00 | Will Emeka Egbuka be the 2025-2026 NFL O...
[11:59:26] [INFO] DECISION: Execute WHALE | EV $10950.00 | Will TreVeyon Henderson be the 2025-2026...
[11:59:26] [INFO] EXECUTE: WHALE | $50 | Will Trump deport less than 250,000?...
[11:59:26] [INFO] EXECUTE: WHALE | $50 | Will Trump deport 250,000-500,000 people...
[11:59:26] [INFO] EXECUTE: WHALE | $50 | Will Trump deport 500,000-750,000- peopl...
[11:59:26] [INFO] EXECUTE: WHALE | $50 | Will Trump deport 750,000-1,000,000 peop...
[11:59:26] [INFO] EXECUTE: WHALE | $50 | Will Trump deport 1,000,000-1,250,000 pe...
[11:59:26] [INFO] EXECUTE: WHALE | $50 | Will Trump deport 1,250,000-1,500,000 pe...
[11:59:26] [INFO] EXECUTE: WHALE | $50 | Will Trump deport 1,500,000-1,750,000 pe...
[11:59:26] [INFO] EXECUTE: WHALE | $50 | Will Trump deport 1,750,000-2,000,000 pe...
[11:59:26] [INFO] EXECUTE: WHALE | $50 | Will Trump deport 2,000,000 or more peop...
[11:59:26] [INFO] EXECUTE: WHALE | $50 | Will Trump deport 750,000 or more people...
[11:59:26] [INFO] EXECUTE: WHALE | $50 | Will Elon and DOGE cut less than $50b in...
[11:59:26] [INFO] EXECUTE: WHALE | $50 | Will Elon and DOGE cut between $50-100b ...
[11:59:26] [INFO] EXECUTE: WHALE | $50 | Will Elon and DOGE cut between $100-150b...
[11:59:26] [INFO] EXECUTE: WHALE | $50 | Will Elon and DOGE cut between $150-200b...
[11:59:26] [INFO] EXECUTE: WHALE | $50 | Will Elon and DOGE cut between $200-250b...
[11:59:26] [INFO] EXECUTE: WHALE | $50 | Will Elon and DOGE cut more than $250b i...
[11:59:26] [INFO] EXECUTE: WHALE | $50 | Will Elon cut the budget by at least 10%...
[11:59:26] [INFO] EXECUTE: WHALE | $50 | Will Elon cut the budget by at least 5% ...
[11:59:26] [INFO] EXECUTE: WHALE | $50 | Will GTA 6 cost $100+?...
[11:59:26] [INFO] EXECUTE: WHALE | $50 | Negative GDP growth in 2025?...
[11:59:26] [INFO] EXECUTE: WHALE | $50 | Will the U.S. collect between $100b and ...
[11:59:26] [INFO] EXECUTE: WHALE | $50 | Will the U.S. collect between $200b and ...
[11:59:26] [INFO] EXECUTE: WHALE | $50 | Will the U.S. collect between $500b and ...
[11:59:26] [INFO] EXECUTE: WHALE | $50 | Will the U.S. collect between $1t and $2...
[11:59:26] [INFO] EXECUTE: WHALE | $50 | Will the U.S. collect more than $2t in r...
[11:59:26] [INFO] EXECUTE: WHALE | $50 | Will tariffs generate >$250b in 2025?...
[11:59:26] [INFO] EXECUTE: WHALE | $50 | GTA VI released before June 2026?...
[11:59:26] [INFO] EXECUTE: WHALE | $50 | Will Carson Schwesinger be the 2025-2026...
[11:59:26] [INFO] EXECUTE: WHALE | $50 | Will Tetairoa McMillan be the 2025-2026 ...
[11:59:26] [INFO] EXECUTE: WHALE | $50 | Will Tyler Shough be the 2025-2026 NFL O...
[11:59:26] [INFO] EXECUTE: WHALE | $50 | Will Jaxson Dart be the 2025-2026 NFL Of...
[11:59:26] [INFO] EXECUTE: WHALE | $50 | Will Emeka Egbuka be the 2025-2026 NFL O...
[11:59:26] [INFO] EXECUTE: WHALE | $50 | Will TreVeyon Henderson be the 2025-2026...
[11:59:37] [INFO] Cycle 8: Found 38 opportunities
[11:59:37] [INFO] DECISION: Execute WHALE | EV $1172.22 | Will Trump deport less than 250,000?...
[11:59:37] [INFO] DECISION: Execute WHALE | EV $178.22 | Will Trump deport 250,000-500,000 people...
[11:59:37] [INFO] DECISION: Execute WHALE | EV $386.51 | Will Trump deport 500,000-750,000- peopl...
[11:59:37] [INFO] DECISION: Execute WHALE | EV $2844.74 | Will Trump deport 750,000-1,000,000 peop...
[11:59:37] [INFO] DECISION: Execute WHALE | EV $4180.77 | Will Trump deport 1,000,000-1,250,000 pe...
[11:59:37] [INFO] DECISION: Execute WHALE | EV $10950.00 | Will Trump deport 1,250,000-1,500,000 pe...
[11:59:37] [INFO] DECISION: Execute WHALE | EV $6825.00 | Will Trump deport 1,500,000-1,750,000 pe...
[11:59:37] [INFO] DECISION: Execute WHALE | EV $7807.14 | Will Trump deport 1,750,000-2,000,000 pe...
[11:59:37] [INFO] DECISION: Execute WHALE | EV $6825.00 | Will Trump deport 2,000,000 or more peop...
[11:59:37] [INFO] DECISION: Execute WHALE | EV $273.53 | Will Trump deport 750,000 or more people...
[11:59:37] [INFO] DECISION: Execute WHALE | EV $541.40 | Will Elon and DOGE cut less than $50b in...
[11:59:37] [INFO] DECISION: Execute WHALE | EV $4533.33 | Will Elon and DOGE cut between $50-100b ...
[11:59:37] [INFO] DECISION: Execute WHALE | EV $4950.00 | Will Elon and DOGE cut between $100-150b...
[11:59:37] [INFO] DECISION: Execute WHALE | EV $758.82 | Will Elon and DOGE cut between $150-200b...
[11:59:37] [INFO] DECISION: Execute WHALE | EV $4950.00 | Will Elon and DOGE cut between $200-250b...
[11:59:37] [INFO] DECISION: Execute WHALE | EV $4180.77 | Will Elon and DOGE cut more than $250b i...
[11:59:37] [INFO] DECISION: Execute WHALE | EV $575.00 | Will Elon cut the budget by at least 10%...
[11:59:37] [INFO] DECISION: Execute WHALE | EV $646.20 | Will Elon cut the budget by at least 5% ...
[11:59:37] [INFO] DECISION: Execute WHALE | EV $3185.29 | Will GTA 6 cost $100+?...
[11:59:37] [INFO] DECISION: Execute WHALE | EV $4950.00 | Negative GDP growth in 2025?...
[11:59:37] [INFO] DECISION: Execute WHALE | EV $554.40 | Will the U.S. collect between $100b and ...
[11:59:37] [INFO] DECISION: Execute WHALE | EV $111.76 | Will the U.S. collect between $200b and ...
[11:59:37] [INFO] DECISION: Execute WHALE | EV $6825.00 | Will the U.S. collect between $500b and ...
[11:59:37] [INFO] DECISION: Execute WHALE | EV $27450.00 | Will the U.S. collect between $1t and $2...
[11:59:37] [INFO] DECISION: Execute WHALE | EV $18283.33 | Will the U.S. collect more than $2t in r...
[11:59:37] [INFO] DECISION: Execute WHALE | EV $1436.49 | Will tariffs generate >$250b in 2025?...
[11:59:37] [INFO] DECISION: Execute WHALE | EV $489.22 | GTA VI released before June 2026?...
[11:59:37] [INFO] DECISION: Execute WHALE | EV $373.08 | Will Carson Schwesinger be the 2025-2026...
[11:59:37] [INFO] DECISION: Execute WHALE | EV $528.95 | Will Tetairoa McMillan be the 2025-2026 ...
[11:59:37] [INFO] DECISION: Execute WHALE | EV $13700.00 | Will Tyler Shough be the 2025-2026 NFL O...
[11:59:37] [INFO] DECISION: Execute WHALE | EV $582.18 | Will Jaxson Dart be the 2025-2026 NFL Of...
[11:59:37] [INFO] DECISION: Execute WHALE | EV $10950.00 | Will Emeka Egbuka be the 2025-2026 NFL O...
[11:59:37] [INFO] DECISION: Execute WHALE | EV $10950.00 | Will TreVeyon Henderson be the 2025-2026...
[11:59:37] [INFO] EXECUTE: WHALE | $50 | Will Trump deport less than 250,000?...
[11:59:37] [INFO] EXECUTE: WHALE | $50 | Will Trump deport 250,000-500,000 people...
[11:59:37] [INFO] EXECUTE: WHALE | $50 | Will Trump deport 500,000-750,000- peopl...
[11:59:37] [INFO] EXECUTE: WHALE | $50 | Will Trump deport 750,000-1,000,000 peop...
[11:59:37] [INFO] EXECUTE: WHALE | $50 | Will Trump deport 1,000,000-1,250,000 pe...
[11:59:37] [INFO] EXECUTE: WHALE | $50 | Will Trump deport 1,250,000-1,500,000 pe...
[11:59:37] [INFO] EXECUTE: WHALE | $50 | Will Trump deport 1,500,000-1,750,000 pe...
[11:59:37] [INFO] EXECUTE: WHALE | $50 | Will Trump deport 1,750,000-2,000,000 pe...
[11:59:37] [INFO] EXECUTE: WHALE | $50 | Will Trump deport 2,000,000 or more peop...
[11:59:37] [INFO] EXECUTE: WHALE | $50 | Will Trump deport 750,000 or more people...
[11:59:37] [INFO] EXECUTE: WHALE | $50 | Will Elon and DOGE cut less than $50b in...
[11:59:37] [INFO] EXECUTE: WHALE | $50 | Will Elon and DOGE cut between $50-100b ...
[11:59:37] [INFO] EXECUTE: WHALE | $50 | Will Elon and DOGE cut between $100-150b...
[11:59:37] [INFO] EXECUTE: WHALE | $50 | Will Elon and DOGE cut between $150-200b...
[11:59:37] [INFO] EXECUTE: WHALE | $50 | Will Elon and DOGE cut between $200-250b...
[11:59:37] [INFO] EXECUTE: WHALE | $50 | Will Elon and DOGE cut more than $250b i...
[11:59:37] [INFO] EXECUTE: WHALE | $50 | Will Elon cut the budget by at least 10%...
[11:59:37] [INFO] EXECUTE: WHALE | $50 | Will Elon cut the budget by at least 5% ...
[11:59:37] [INFO] EXECUTE: WHALE | $50 | Will GTA 6 cost $100+?...
[11:59:37] [INFO] EXECUTE: WHALE | $50 | Negative GDP growth in 2025?...
[11:59:37] [INFO] EXECUTE: WHALE | $50 | Will the U.S. collect between $100b and ...
[11:59:37] [INFO] EXECUTE: WHALE | $50 | Will the U.S. collect between $200b and ...
[11:59:37] [INFO] EXECUTE: WHALE | $50 | Will the U.S. collect between $500b and ...
[11:59:37] [INFO] EXECUTE: WHALE | $50 | Will the U.S. collect between $1t and $2...
[11:59:37] [INFO] EXECUTE: WHALE | $50 | Will the U.S. collect more than $2t in r...
[11:59:37] [INFO] EXECUTE: WHALE | $50 | Will tariffs generate >$250b in 2025?...
[11:59:37] [INFO] EXECUTE: WHALE | $50 | GTA VI released before June 2026?...
[11:59:37] [INFO] EXECUTE: WHALE | $50 | Will Carson Schwesinger be the 2025-2026...
[11:59:37] [INFO] EXECUTE: WHALE | $50 | Will Tetairoa McMillan be the 2025-2026 ...
[11:59:37] [INFO] EXECUTE: WHALE | $50 | Will Tyler Shough be the 2025-2026 NFL O...
[11:59:37] [INFO] EXECUTE: WHALE | $50 | Will Jaxson Dart be the 2025-2026 NFL Of...
[11:59:37] [INFO] EXECUTE: WHALE | $50 | Will Emeka Egbuka be the 2025-2026 NFL O...
[11:59:37] [INFO] EXECUTE: WHALE | $50 | Will TreVeyon Henderson be the 2025-2026...
[11:59:47] [INFO] Cycle 9: Found 38 opportunities
[11:59:47] [INFO] DECISION: Execute WHALE | EV $1172.22 | Will Trump deport less than 250,000?...
[11:59:47] [INFO] DECISION: Execute WHALE | EV $178.22 | Will Trump deport 250,000-500,000 people...
[11:59:47] [INFO] DECISION: Execute WHALE | EV $386.51 | Will Trump deport 500,000-750,000- peopl...
[11:59:47] [INFO] DECISION: Execute WHALE | EV $2844.74 | Will Trump deport 750,000-1,000,000 peop...
[11:59:47] [INFO] DECISION: Execute WHALE | EV $4180.77 | Will Trump deport 1,000,000-1,250,000 pe...
[11:59:47] [INFO] DECISION: Execute WHALE | EV $10950.00 | Will Trump deport 1,250,000-1,500,000 pe...
[11:59:47] [INFO] DECISION: Execute WHALE | EV $6825.00 | Will Trump deport 1,500,000-1,750,000 pe...
[11:59:47] [INFO] DECISION: Execute WHALE | EV $7807.14 | Will Trump deport 1,750,000-2,000,000 pe...
[11:59:47] [INFO] DECISION: Execute WHALE | EV $6825.00 | Will Trump deport 2,000,000 or more peop...
[11:59:47] [INFO] DECISION: Execute WHALE | EV $273.53 | Will Trump deport 750,000 or more people...
[11:59:47] [INFO] DECISION: Execute WHALE | EV $541.40 | Will Elon and DOGE cut less than $50b in...
[11:59:47] [INFO] DECISION: Execute WHALE | EV $4533.33 | Will Elon and DOGE cut between $50-100b ...
[11:59:47] [INFO] DECISION: Execute WHALE | EV $4950.00 | Will Elon and DOGE cut between $100-150b...
[11:59:47] [INFO] DECISION: Execute WHALE | EV $758.82 | Will Elon and DOGE cut between $150-200b...
[11:59:47] [INFO] DECISION: Execute WHALE | EV $4950.00 | Will Elon and DOGE cut between $200-250b...
[11:59:47] [INFO] DECISION: Execute WHALE | EV $4180.77 | Will Elon and DOGE cut more than $250b i...
[11:59:47] [INFO] DECISION: Execute WHALE | EV $575.00 | Will Elon cut the budget by at least 10%...
[11:59:47] [INFO] DECISION: Execute WHALE | EV $646.20 | Will Elon cut the budget by at least 5% ...
[11:59:47] [INFO] DECISION: Execute WHALE | EV $3185.29 | Will GTA 6 cost $100+?...
[11:59:47] [INFO] DECISION: Execute WHALE | EV $4950.00 | Negative GDP growth in 2025?...
[11:59:47] [INFO] DECISION: Execute WHALE | EV $554.40 | Will the U.S. collect between $100b and ...
[11:59:47] [INFO] DECISION: Execute WHALE | EV $111.76 | Will the U.S. collect between $200b and ...
[11:59:47] [INFO] DECISION: Execute WHALE | EV $6825.00 | Will the U.S. collect between $500b and ...
[11:59:47] [INFO] DECISION: Execute WHALE | EV $27450.00 | Will the U.S. collect between $1t and $2...
[11:59:47] [INFO] DECISION: Execute WHALE | EV $18283.33 | Will the U.S. collect more than $2t in r...
[11:59:47] [INFO] DECISION: Execute WHALE | EV $1436.49 | Will tariffs generate >$250b in 2025?...
[11:59:47] [INFO] DECISION: Execute WHALE | EV $489.22 | GTA VI released before June 2026?...
[11:59:47] [INFO] DECISION: Execute WHALE | EV $373.08 | Will Carson Schwesinger be the 2025-2026...
[11:59:47] [INFO] DECISION: Execute WHALE | EV $528.95 | Will Tetairoa McMillan be the 2025-2026 ...
[11:59:47] [INFO] DECISION: Execute WHALE | EV $13700.00 | Will Tyler Shough be the 2025-2026 NFL O...
[11:59:47] [INFO] DECISION: Execute WHALE | EV $582.18 | Will Jaxson Dart be the 2025-2026 NFL Of...
[11:59:47] [INFO] DECISION: Execute WHALE | EV $10950.00 | Will Emeka Egbuka be the 2025-2026 NFL O...
[11:59:47] [INFO] DECISION: Execute WHALE | EV $10950.00 | Will TreVeyon Henderson be the 2025-2026...
[11:59:47] [INFO] EXECUTE: WHALE | $50 | Will Trump deport less than 250,000?...
[11:59:47] [INFO] EXECUTE: WHALE | $50 | Will Trump deport 250,000-500,000 people...
[11:59:47] [INFO] EXECUTE: WHALE | $50 | Will Trump deport 500,000-750,000- peopl...
[11:59:47] [INFO] EXECUTE: WHALE | $50 | Will Trump deport 750,000-1,000,000 peop...
[11:59:47] [INFO] EXECUTE: WHALE | $50 | Will Trump deport 1,000,000-1,250,000 pe...
[11:59:47] [INFO] EXECUTE: WHALE | $50 | Will Trump deport 1,250,000-1,500,000 pe...
[11:59:47] [INFO] EXECUTE: WHALE | $50 | Will Trump deport 1,500,000-1,750,000 pe...
[11:59:47] [INFO] EXECUTE: WHALE | $50 | Will Trump deport 1,750,000-2,000,000 pe...
[11:59:47] [INFO] EXECUTE: WHALE | $50 | Will Trump deport 2,000,000 or more peop...
[11:59:47] [INFO] EXECUTE: WHALE | $50 | Will Trump deport 750,000 or more people...
[11:59:47] [INFO] EXECUTE: WHALE | $50 | Will Elon and DOGE cut less than $50b in...
[11:59:47] [INFO] EXECUTE: WHALE | $50 | Will Elon and DOGE cut between $50-100b ...
[11:59:47] [INFO] EXECUTE: WHALE | $50 | Will Elon and DOGE cut between $100-150b...
[11:59:47] [INFO] EXECUTE: WHALE | $50 | Will Elon and DOGE cut between $150-200b...
[11:59:47] [INFO] EXECUTE: WHALE | $50 | Will Elon and DOGE cut between $200-250b...
[11:59:47] [INFO] EXECUTE: WHALE | $50 | Will Elon and DOGE cut more than $250b i...
[11:59:47] [INFO] EXECUTE: WHALE | $50 | Will Elon cut the budget by at least 10%...
[11:59:47] [INFO] EXECUTE: WHALE | $50 | Will Elon cut the budget by at least 5% ...
[11:59:47] [INFO] EXECUTE: WHALE | $50 | Will GTA 6 cost $100+?...
[11:59:47] [INFO] EXECUTE: WHALE | $50 | Negative GDP growth in 2025?...
[11:59:47] [INFO] EXECUTE: WHALE | $50 | Will the U.S. collect between $100b and ...
[11:59:47] [INFO] EXECUTE: WHALE | $50 | Will the U.S. collect between $200b and ...
[11:59:47] [INFO] EXECUTE: WHALE | $50 | Will the U.S. collect between $500b and ...
[11:59:47] [INFO] EXECUTE: WHALE | $50 | Will the U.S. collect between $1t and $2...
[11:59:47] [INFO] EXECUTE: WHALE | $50 | Will the U.S. collect more than $2t in r...
[11:59:47] [INFO] EXECUTE: WHALE | $50 | Will tariffs generate >$250b in 2025?...
[11:59:47] [INFO] EXECUTE: WHALE | $50 | GTA VI released before June 2026?...
[11:59:47] [INFO] EXECUTE: WHALE | $50 | Will Carson Schwesinger be the 2025-2026...
[11:59:47] [INFO] EXECUTE: WHALE | $50 | Will Tetairoa McMillan be the 2025-2026 ...
[11:59:47] [INFO] EXECUTE: WHALE | $50 | Will Tyler Shough be the 2025-2026 NFL O...
[11:59:47] [INFO] EXECUTE: WHALE | $50 | Will Jaxson Dart be the 2025-2026 NFL Of...
[11:59:47] [INFO] EXECUTE: WHALE | $50 | Will Emeka Egbuka be the 2025-2026 NFL O...
[11:59:47] [INFO] EXECUTE: WHALE | $50 | Will TreVeyon Henderson be the 2025-2026...
[11:59:56] [INFO] Cycle 10: Found 38 opportunities
[11:59:56] [INFO] DECISION: Execute WHALE | EV $1172.22 | Will Trump deport less than 250,000?...
[11:59:56] [INFO] DECISION: Execute WHALE | EV $178.22 | Will Trump deport 250,000-500,000 people...
[11:59:56] [INFO] DECISION: Execute WHALE | EV $386.51 | Will Trump deport 500,000-750,000- peopl...
[11:59:56] [INFO] DECISION: Execute WHALE | EV $2844.74 | Will Trump deport 750,000-1,000,000 peop...
[11:59:56] [INFO] DECISION: Execute WHALE | EV $4180.77 | Will Trump deport 1,000,000-1,250,000 pe...
[11:59:56] [INFO] DECISION: Execute WHALE | EV $10950.00 | Will Trump deport 1,250,000-1,500,000 pe...
[11:59:56] [INFO] DECISION: Execute WHALE | EV $6825.00 | Will Trump deport 1,500,000-1,750,000 pe...
[11:59:56] [INFO] DECISION: Execute WHALE | EV $7807.14 | Will Trump deport 1,750,000-2,000,000 pe...
[11:59:56] [INFO] DECISION: Execute WHALE | EV $6825.00 | Will Trump deport 2,000,000 or more peop...
[11:59:56] [INFO] DECISION: Execute WHALE | EV $273.53 | Will Trump deport 750,000 or more people...
[11:59:56] [INFO] DECISION: Execute WHALE | EV $541.40 | Will Elon and DOGE cut less than $50b in...
[11:59:56] [INFO] DECISION: Execute WHALE | EV $4533.33 | Will Elon and DOGE cut between $50-100b ...
[11:59:56] [INFO] DECISION: Execute WHALE | EV $4950.00 | Will Elon and DOGE cut between $100-150b...
[11:59:56] [INFO] DECISION: Execute WHALE | EV $758.82 | Will Elon and DOGE cut between $150-200b...
[11:59:56] [INFO] DECISION: Execute WHALE | EV $4950.00 | Will Elon and DOGE cut between $200-250b...
[11:59:56] [INFO] DECISION: Execute WHALE | EV $4180.77 | Will Elon and DOGE cut more than $250b i...
[11:59:56] [INFO] DECISION: Execute WHALE | EV $575.00 | Will Elon cut the budget by at least 10%...
[11:59:56] [INFO] DECISION: Execute WHALE | EV $646.20 | Will Elon cut the budget by at least 5% ...
[11:59:56] [INFO] DECISION: Execute WHALE | EV $3185.29 | Will GTA 6 cost $100+?...
[11:59:56] [INFO] DECISION: Execute WHALE | EV $4950.00 | Negative GDP growth in 2025?...
[11:59:56] [INFO] DECISION: Execute WHALE | EV $554.40 | Will the U.S. collect between $100b and ...
[11:59:56] [INFO] DECISION: Execute WHALE | EV $111.76 | Will the U.S. collect between $200b and ...
[11:59:56] [INFO] DECISION: Execute WHALE | EV $6825.00 | Will the U.S. collect between $500b and ...
[11:59:56] [INFO] DECISION: Execute WHALE | EV $27450.00 | Will the U.S. collect between $1t and $2...
[11:59:56] [INFO] DECISION: Execute WHALE | EV $18283.33 | Will the U.S. collect more than $2t in r...
[11:59:56] [INFO] DECISION: Execute WHALE | EV $1436.49 | Will tariffs generate >$250b in 2025?...
[11:59:56] [INFO] DECISION: Execute WHALE | EV $489.22 | GTA VI released before June 2026?...
[11:59:56] [INFO] DECISION: Execute WHALE | EV $373.08 | Will Carson Schwesinger be the 2025-2026...
[11:59:56] [INFO] DECISION: Execute WHALE | EV $528.95 | Will Tetairoa McMillan be the 2025-2026 ...
[11:59:56] [INFO] DECISION: Execute WHALE | EV $13700.00 | Will Tyler Shough be the 2025-2026 NFL O...
[11:59:56] [INFO] DECISION: Execute WHALE | EV $582.18 | Will Jaxson Dart be the 2025-2026 NFL Of...
[11:59:56] [INFO] DECISION: Execute WHALE | EV $10950.00 | Will Emeka Egbuka be the 2025-2026 NFL O...
[11:59:56] [INFO] DECISION: Execute WHALE | EV $10950.00 | Will TreVeyon Henderson be the 2025-2026...
[11:59:56] [INFO] EXECUTE: WHALE | $50 | Will Trump deport less than 250,000?...
[11:59:56] [INFO] EXECUTE: WHALE | $50 | Will Trump deport 250,000-500,000 people...
[11:59:56] [INFO] EXECUTE: WHALE | $50 | Will Trump deport 500,000-750,000- peopl...
[11:59:56] [INFO] EXECUTE: WHALE | $50 | Will Trump deport 750,000-1,000,000 peop...
[11:59:56] [INFO] EXECUTE: WHALE | $50 | Will Trump deport 1,000,000-1,250,000 pe...
[11:59:56] [INFO] EXECUTE: WHALE | $50 | Will Trump deport 1,250,000-1,500,000 pe...
[11:59:56] [INFO] EXECUTE: WHALE | $50 | Will Trump deport 1,500,000-1,750,000 pe...
[11:59:56] [INFO] EXECUTE: WHALE | $50 | Will Trump deport 1,750,000-2,000,000 pe...
[11:59:56] [INFO] EXECUTE: WHALE | $50 | Will Trump deport 2,000,000 or more peop...
[11:59:56] [INFO] EXECUTE: WHALE | $50 | Will Trump deport 750,000 or more people...
[11:59:56] [INFO] EXECUTE: WHALE | $50 | Will Elon and DOGE cut less than $50b in...
[11:59:56] [INFO] EXECUTE: WHALE | $50 | Will Elon and DOGE cut between $50-100b ...
[11:59:56] [INFO] EXECUTE: WHALE | $50 | Will Elon and DOGE cut between $100-150b...
[11:59:56] [INFO] EXECUTE: WHALE | $50 | Will Elon and DOGE cut between $150-200b...
[11:59:56] [INFO] EXECUTE: WHALE | $50 | Will Elon and DOGE cut between $200-250b...
[11:59:56] [INFO] EXECUTE: WHALE | $50 | Will Elon and DOGE cut more than $250b i...
[11:59:56] [INFO] EXECUTE: WHALE | $50 | Will Elon cut the budget by at least 10%...
[11:59:56] [INFO] EXECUTE: WHALE | $50 | Will Elon cut the budget by at least 5% ...
[11:59:56] [INFO] EXECUTE: WHALE | $50 | Will GTA 6 cost $100+?...
[11:59:56] [INFO] EXECUTE: WHALE | $50 | Negative GDP growth in 2025?...
[11:59:56] [INFO] EXECUTE: WHALE | $50 | Will the U.S. collect between $100b and ...
[11:59:56] [INFO] EXECUTE: WHALE | $50 | Will the U.S. collect between $200b and ...
[11:59:56] [INFO] EXECUTE: WHALE | $50 | Will the U.S. collect between $500b and ...
[11:59:56] [INFO] EXECUTE: WHALE | $50 | Will the U.S. collect between $1t and $2...
[11:59:56] [INFO] EXECUTE: WHALE | $50 | Will the U.S. collect more than $2t in r...
[11:59:56] [INFO] EXECUTE: WHALE | $50 | Will tariffs generate >$250b in 2025?...
[11:59:56] [INFO] EXECUTE: WHALE | $50 | GTA VI released before June 2026?...
[11:59:56] [INFO] EXECUTE: WHALE | $50 | Will Carson Schwesinger be the 2025-2026...
[11:59:56] [INFO] EXECUTE: WHALE | $50 | Will Tetairoa McMillan be the 2025-2026 ...
[11:59:56] [INFO] EXECUTE: WHALE | $50 | Will Tyler Shough be the 2025-2026 NFL O...
[11:59:56] [INFO] EXECUTE: WHALE | $50 | Will Jaxson Dart be the 2025-2026 NFL Of...
[11:59:56] [INFO] EXECUTE: WHALE | $50 | Will Emeka Egbuka be the 2025-2026 NFL O...
[11:59:56] [INFO] EXECUTE: WHALE | $50 | Will TreVeyon Henderson be the 2025-2026...
[12:00:07] [INFO] Cycle 11: Found 38 opportunities
[12:00:07] [INFO] DECISION: Execute WHALE | EV $1172.22 | Will Trump deport less than 250,000?...
[12:00:07] [INFO] DECISION: Execute WHALE | EV $178.22 | Will Trump deport 250,000-500,000 people...
[12:00:07] [INFO] DECISION: Execute WHALE | EV $386.51 | Will Trump deport 500,000-750,000- peopl...
[12:00:07] [INFO] DECISION: Execute WHALE | EV $2844.74 | Will Trump deport 750,000-1,000,000 peop...
[12:00:07] [INFO] DECISION: Execute WHALE | EV $4180.77 | Will Trump deport 1,000,000-1,250,000 pe...
[12:00:07] [INFO] DECISION: Execute WHALE | EV $10950.00 | Will Trump deport 1,250,000-1,500,000 pe...
[12:00:07] [INFO] DECISION: Execute WHALE | EV $6825.00 | Will Trump deport 1,500,000-1,750,000 pe...
[12:00:07] [INFO] DECISION: Execute WHALE | EV $7807.14 | Will Trump deport 1,750,000-2,000,000 pe...
[12:00:07] [INFO] DECISION: Execute WHALE | EV $6825.00 | Will Trump deport 2,000,000 or more peop...
[12:00:07] [INFO] DECISION: Execute WHALE | EV $273.53 | Will Trump deport 750,000 or more people...
[12:00:07] [INFO] DECISION: Execute WHALE | EV $541.40 | Will Elon and DOGE cut less than $50b in...
[12:00:07] [INFO] DECISION: Execute WHALE | EV $4533.33 | Will Elon and DOGE cut between $50-100b ...
[12:00:07] [INFO] DECISION: Execute WHALE | EV $4950.00 | Will Elon and DOGE cut between $100-150b...
[12:00:07] [INFO] DECISION: Execute WHALE | EV $758.82 | Will Elon and DOGE cut between $150-200b...
[12:00:07] [INFO] DECISION: Execute WHALE | EV $4950.00 | Will Elon and DOGE cut between $200-250b...
[12:00:07] [INFO] DECISION: Execute WHALE | EV $4180.77 | Will Elon and DOGE cut more than $250b i...
[12:00:07] [INFO] DECISION: Execute WHALE | EV $575.00 | Will Elon cut the budget by at least 10%...
[12:00:07] [INFO] DECISION: Execute WHALE | EV $646.20 | Will Elon cut the budget by at least 5% ...
[12:00:07] [INFO] DECISION: Execute WHALE | EV $3185.29 | Will GTA 6 cost $100+?...
[12:00:07] [INFO] DECISION: Execute WHALE | EV $4950.00 | Negative GDP growth in 2025?...
[12:00:07] [INFO] DECISION: Execute WHALE | EV $554.40 | Will the U.S. collect between $100b and ...
[12:00:07] [INFO] DECISION: Execute WHALE | EV $111.76 | Will the U.S. collect between $200b and ...
[12:00:07] [INFO] DECISION: Execute WHALE | EV $6825.00 | Will the U.S. collect between $500b and ...
[12:00:07] [INFO] DECISION: Execute WHALE | EV $27450.00 | Will the U.S. collect between $1t and $2...
[12:00:07] [INFO] DECISION: Execute WHALE | EV $18283.33 | Will the U.S. collect more than $2t in r...
[12:00:07] [INFO] DECISION: Execute WHALE | EV $1436.49 | Will tariffs generate >$250b in 2025?...
[12:00:07] [INFO] DECISION: Execute WHALE | EV $489.22 | GTA VI released before June 2026?...
[12:00:07] [INFO] DECISION: Execute WHALE | EV $373.08 | Will Carson Schwesinger be the 2025-2026...
[12:00:07] [INFO] DECISION: Execute WHALE | EV $528.95 | Will Tetairoa McMillan be the 2025-2026 ...
[12:00:07] [INFO] DECISION: Execute WHALE | EV $13700.00 | Will Tyler Shough be the 2025-2026 NFL O...
[12:00:07] [INFO] DECISION: Execute WHALE | EV $582.18 | Will Jaxson Dart be the 2025-2026 NFL Of...
[12:00:07] [INFO] DECISION: Execute WHALE | EV $10950.00 | Will Emeka Egbuka be the 2025-2026 NFL O...
[12:00:07] [INFO] DECISION: Execute WHALE | EV $10950.00 | Will TreVeyon Henderson be the 2025-2026...
[12:00:07] [INFO] EXECUTE: WHALE | $50 | Will Trump deport less than 250,000?...
[12:00:07] [INFO] EXECUTE: WHALE | $50 | Will Trump deport 250,000-500,000 people...
[12:00:07] [INFO] EXECUTE: WHALE | $50 | Will Trump deport 500,000-750,000- peopl...
[12:00:07] [INFO] EXECUTE: WHALE | $50 | Will Trump deport 750,000-1,000,000 peop...
[12:00:07] [INFO] EXECUTE: WHALE | $50 | Will Trump deport 1,000,000-1,250,000 pe...
[12:00:07] [INFO] EXECUTE: WHALE | $50 | Will Trump deport 1,250,000-1,500,000 pe...
[12:00:07] [INFO] EXECUTE: WHALE | $50 | Will Trump deport 1,500,000-1,750,000 pe...
[12:00:07] [INFO] EXECUTE: WHALE | $50 | Will Trump deport 1,750,000-2,000,000 pe...
[12:00:07] [INFO] EXECUTE: WHALE | $50 | Will Trump deport 2,000,000 or more peop...
[12:00:07] [INFO] EXECUTE: WHALE | $50 | Will Trump deport 750,000 or more people...
[12:00:07] [INFO] EXECUTE: WHALE | $50 | Will Elon and DOGE cut less than $50b in...
[12:00:07] [INFO] EXECUTE: WHALE | $50 | Will Elon and DOGE cut between $50-100b ...
[12:00:07] [INFO] EXECUTE: WHALE | $50 | Will Elon and DOGE cut between $100-150b...
[12:00:07] [INFO] EXECUTE: WHALE | $50 | Will Elon and DOGE cut between $150-200b...
[12:00:07] [INFO] EXECUTE: WHALE | $50 | Will Elon and DOGE cut between $200-250b...
[12:00:07] [INFO] EXECUTE: WHALE | $50 | Will Elon and DOGE cut more than $250b i...
[12:00:07] [INFO] EXECUTE: WHALE | $50 | Will Elon cut the budget by at least 10%...
[12:00:07] [INFO] EXECUTE: WHALE | $50 | Will Elon cut the budget by at least 5% ...
[12:00:07] [INFO] EXECUTE: WHALE | $50 | Will GTA 6 cost $100+?...
[12:00:07] [INFO] EXECUTE: WHALE | $50 | Negative GDP growth in 2025?...
[12:00:07] [INFO] EXECUTE: WHALE | $50 | Will the U.S. collect between $100b and ...
[12:00:07] [INFO] EXECUTE: WHALE | $50 | Will the U.S. collect between $200b and ...
[12:00:07] [INFO] EXECUTE: WHALE | $50 | Will the U.S. collect between $500b and ...
[12:00:07] [INFO] EXECUTE: WHALE | $50 | Will the U.S. collect between $1t and $2...
[12:00:07] [INFO] EXECUTE: WHALE | $50 | Will the U.S. collect more than $2t in r...
[12:00:07] [INFO] EXECUTE: WHALE | $50 | Will tariffs generate >$250b in 2025?...
[12:00:07] [INFO] EXECUTE: WHALE | $50 | GTA VI released before June 2026?...
[12:00:07] [INFO] EXECUTE: WHALE | $50 | Will Carson Schwesinger be the 2025-2026...
[12:00:07] [INFO] EXECUTE: WHALE | $50 | Will Tetairoa McMillan be the 2025-2026 ...
[12:00:07] [INFO] EXECUTE: WHALE | $50 | Will Tyler Shough be the 2025-2026 NFL O...
[12:00:07] [INFO] EXECUTE: WHALE | $50 | Will Jaxson Dart be the 2025-2026 NFL Of...
[12:00:07] [INFO] EXECUTE: WHALE | $50 | Will Emeka Egbuka be the 2025-2026 NFL O...
[12:00:07] [INFO] EXECUTE: WHALE | $50 | Will TreVeyon Henderson be the 2025-2026...
[12:00:16] [INFO] Cycle 12: Found 38 opportunities
[12:00:16] [INFO] DECISION: Execute WHALE | EV $1172.22 | Will Trump deport less than 250,000?...
[12:00:16] [INFO] DECISION: Execute WHALE | EV $178.22 | Will Trump deport 250,000-500,000 people...
[12:00:16] [INFO] DECISION: Execute WHALE | EV $386.51 | Will Trump deport 500,000-750,000- peopl...
[12:00:16] [INFO] DECISION: Execute WHALE | EV $2844.74 | Will Trump deport 750,000-1,000,000 peop...
[12:00:16] [INFO] DECISION: Execute WHALE | EV $4180.77 | Will Trump deport 1,000,000-1,250,000 pe...
[12:00:16] [INFO] DECISION: Execute WHALE | EV $10950.00 | Will Trump deport 1,250,000-1,500,000 pe...
[12:00:16] [INFO] DECISION: Execute WHALE | EV $6825.00 | Will Trump deport 1,500,000-1,750,000 pe...
[12:00:16] [INFO] DECISION: Execute WHALE | EV $7807.14 | Will Trump deport 1,750,000-2,000,000 pe...
[12:00:16] [INFO] DECISION: Execute WHALE | EV $6825.00 | Will Trump deport 2,000,000 or more peop...
[12:00:16] [INFO] DECISION: Execute WHALE | EV $273.53 | Will Trump deport 750,000 or more people...
[12:00:16] [INFO] DECISION: Execute WHALE | EV $541.40 | Will Elon and DOGE cut less than $50b in...
[12:00:16] [INFO] DECISION: Execute WHALE | EV $4533.33 | Will Elon and DOGE cut between $50-100b ...
[12:00:16] [INFO] DECISION: Execute WHALE | EV $4950.00 | Will Elon and DOGE cut between $100-150b...
[12:00:16] [INFO] DECISION: Execute WHALE | EV $758.82 | Will Elon and DOGE cut between $150-200b...
[12:00:16] [INFO] DECISION: Execute WHALE | EV $4950.00 | Will Elon and DOGE cut between $200-250b...
[12:00:16] [INFO] DECISION: Execute WHALE | EV $4180.77 | Will Elon and DOGE cut more than $250b i...
[12:00:16] [INFO] DECISION: Execute WHALE | EV $575.00 | Will Elon cut the budget by at least 10%...
[12:00:16] [INFO] DECISION: Execute WHALE | EV $646.20 | Will Elon cut the budget by at least 5% ...
[12:00:16] [INFO] DECISION: Execute WHALE | EV $3185.29 | Will GTA 6 cost $100+?...
[12:00:16] [INFO] DECISION: Execute WHALE | EV $4950.00 | Negative GDP growth in 2025?...
[12:00:16] [INFO] DECISION: Execute WHALE | EV $554.40 | Will the U.S. collect between $100b and ...
[12:00:16] [INFO] DECISION: Execute WHALE | EV $111.76 | Will the U.S. collect between $200b and ...
[12:00:16] [INFO] DECISION: Execute WHALE | EV $6825.00 | Will the U.S. collect between $500b and ...
[12:00:16] [INFO] DECISION: Execute WHALE | EV $27450.00 | Will the U.S. collect between $1t and $2...
[12:00:16] [INFO] DECISION: Execute WHALE | EV $18283.33 | Will the U.S. collect more than $2t in r...
[12:00:16] [INFO] DECISION: Execute WHALE | EV $1436.49 | Will tariffs generate >$250b in 2025?...
[12:00:16] [INFO] DECISION: Execute WHALE | EV $489.22 | GTA VI released before June 2026?...
[12:00:16] [INFO] DECISION: Execute WHALE | EV $373.08 | Will Carson Schwesinger be the 2025-2026...
[12:00:16] [INFO] DECISION: Execute WHALE | EV $528.95 | Will Tetairoa McMillan be the 2025-2026 ...
[12:00:16] [INFO] DECISION: Execute WHALE | EV $13700.00 | Will Tyler Shough be the 2025-2026 NFL O...
[12:00:16] [INFO] DECISION: Execute WHALE | EV $582.18 | Will Jaxson Dart be the 2025-2026 NFL Of...
[12:00:16] [INFO] DECISION: Execute WHALE | EV $10950.00 | Will Emeka Egbuka be the 2025-2026 NFL O...
[12:00:16] [INFO] DECISION: Execute WHALE | EV $10950.00 | Will TreVeyon Henderson be the 2025-2026...
[12:00:16] [INFO] EXECUTE: WHALE | $50 | Will Trump deport less than 250,000?...
[12:00:16] [INFO] EXECUTE: WHALE | $50 | Will Trump deport 250,000-500,000 people...
[12:00:16] [INFO] EXECUTE: WHALE | $50 | Will Trump deport 500,000-750,000- peopl...
[12:00:16] [INFO] EXECUTE: WHALE | $50 | Will Trump deport 750,000-1,000,000 peop...
[12:00:16] [INFO] EXECUTE: WHALE | $50 | Will Trump deport 1,000,000-1,250,000 pe...
[12:00:16] [INFO] EXECUTE: WHALE | $50 | Will Trump deport 1,250,000-1,500,000 pe...
[12:00:16] [INFO] EXECUTE: WHALE | $50 | Will Trump deport 1,500,000-1,750,000 pe...
[12:00:16] [INFO] EXECUTE: WHALE | $50 | Will Trump deport 1,750,000-2,000,000 pe...
[12:00:16] [INFO] EXECUTE: WHALE | $50 | Will Trump deport 2,000,000 or more peop...
[12:00:16] [INFO] EXECUTE: WHALE | $50 | Will Trump deport 750,000 or more people...
[12:00:16] [INFO] EXECUTE: WHALE | $50 | Will Elon and DOGE cut less than $50b in...
[12:00:16] [INFO] EXECUTE: WHALE | $50 | Will Elon and DOGE cut between $50-100b ...
[12:00:16] [INFO] EXECUTE: WHALE | $50 | Will Elon and DOGE cut between $100-150b...
[12:00:16] [INFO] EXECUTE: WHALE | $50 | Will Elon and DOGE cut between $150-200b...
[12:00:16] [INFO] EXECUTE: WHALE | $50 | Will Elon and DOGE cut between $200-250b...
[12:00:16] [INFO] EXECUTE: WHALE | $50 | Will Elon and DOGE cut more than $250b i...
[12:00:16] [INFO] EXECUTE: WHALE | $50 | Will Elon cut the budget by at least 10%...
[12:00:16] [INFO] EXECUTE: WHALE | $50 | Will Elon cut the budget by at least 5% ...
[12:00:16] [INFO] EXECUTE: WHALE | $50 | Will GTA 6 cost $100+?...
[12:00:16] [INFO] EXECUTE: WHALE | $50 | Negative GDP growth in 2025?...
[12:00:16] [INFO] EXECUTE: WHALE | $50 | Will the U.S. collect between $100b and ...
[12:00:16] [INFO] EXECUTE: WHALE | $50 | Will the U.S. collect between $200b and ...
[12:00:16] [INFO] EXECUTE: WHALE | $50 | Will the U.S. collect between $500b and ...
[12:00:16] [INFO] EXECUTE: WHALE | $50 | Will the U.S. collect between $1t and $2...
[12:00:16] [INFO] EXECUTE: WHALE | $50 | Will the U.S. collect more than $2t in r...
[12:00:16] [INFO] EXECUTE: WHALE | $50 | Will tariffs generate >$250b in 2025?...
[12:00:16] [INFO] EXECUTE: WHALE | $50 | GTA VI released before June 2026?...
[12:00:16] [INFO] EXECUTE: WHALE | $50 | Will Carson Schwesinger be the 2025-2026...
[12:00:16] [INFO] EXECUTE: WHALE | $50 | Will Tetairoa McMillan be the 2025-2026 ...
[12:00:16] [INFO] EXECUTE: WHALE | $50 | Will Tyler Shough be the 2025-2026 NFL O...
[12:00:16] [INFO] EXECUTE: WHALE | $50 | Will Jaxson Dart be the 2025-2026 NFL Of...
[12:00:16] [INFO] EXECUTE: WHALE | $50 | Will Emeka Egbuka be the 2025-2026 NFL O...
[12:00:16] [INFO] EXECUTE: WHALE | $50 | Will TreVeyon Henderson be the 2025-2026...
[12:00:26] [INFO] Cycle 13: Found 38 opportunities
[12:00:26] [INFO] DECISION: Execute WHALE | EV $1172.22 | Will Trump deport less than 250,000?...
[12:00:26] [INFO] DECISION: Execute WHALE | EV $178.22 | Will Trump deport 250,000-500,000 people...
[12:00:26] [INFO] DECISION: Execute WHALE | EV $386.51 | Will Trump deport 500,000-750,000- peopl...
[12:00:26] [INFO] DECISION: Execute WHALE | EV $2844.74 | Will Trump deport 750,000-1,000,000 peop...
[12:00:26] [INFO] DECISION: Execute WHALE | EV $4180.77 | Will Trump deport 1,000,000-1,250,000 pe...
[12:00:26] [INFO] DECISION: Execute WHALE | EV $10950.00 | Will Trump deport 1,250,000-1,500,000 pe...
[12:00:26] [INFO] DECISION: Execute WHALE | EV $6825.00 | Will Trump deport 1,500,000-1,750,000 pe...
[12:00:26] [INFO] DECISION: Execute WHALE | EV $7807.14 | Will Trump deport 1,750,000-2,000,000 pe...
[12:00:26] [INFO] DECISION: Execute WHALE | EV $6825.00 | Will Trump deport 2,000,000 or more peop...
[12:00:26] [INFO] DECISION: Execute WHALE | EV $273.53 | Will Trump deport 750,000 or more people...
[12:00:26] [INFO] DECISION: Execute WHALE | EV $541.40 | Will Elon and DOGE cut less than $50b in...
[12:00:26] [INFO] DECISION: Execute WHALE | EV $4533.33 | Will Elon and DOGE cut between $50-100b ...
[12:00:26] [INFO] DECISION: Execute WHALE | EV $4950.00 | Will Elon and DOGE cut between $100-150b...
[12:00:26] [INFO] DECISION: Execute WHALE | EV $758.82 | Will Elon and DOGE cut between $150-200b...
[12:00:26] [INFO] DECISION: Execute WHALE | EV $4950.00 | Will Elon and DOGE cut between $200-250b...
[12:00:26] [INFO] DECISION: Execute WHALE | EV $4180.77 | Will Elon and DOGE cut more than $250b i...
[12:00:26] [INFO] DECISION: Execute WHALE | EV $575.00 | Will Elon cut the budget by at least 10%...
[12:00:26] [INFO] DECISION: Execute WHALE | EV $646.20 | Will Elon cut the budget by at least 5% ...
[12:00:26] [INFO] DECISION: Execute WHALE | EV $3185.29 | Will GTA 6 cost $100+?...
[12:00:26] [INFO] DECISION: Execute WHALE | EV $4950.00 | Negative GDP growth in 2025?...
[12:00:26] [INFO] DECISION: Execute WHALE | EV $554.40 | Will the U.S. collect between $100b and ...
[12:00:26] [INFO] DECISION: Execute WHALE | EV $111.76 | Will the U.S. collect between $200b and ...
[12:00:26] [INFO] DECISION: Execute WHALE | EV $6825.00 | Will the U.S. collect between $500b and ...
[12:00:26] [INFO] DECISION: Execute WHALE | EV $27450.00 | Will the U.S. collect between $1t and $2...
[12:00:26] [INFO] DECISION: Execute WHALE | EV $18283.33 | Will the U.S. collect more than $2t in r...
[12:00:26] [INFO] DECISION: Execute WHALE | EV $1436.49 | Will tariffs generate >$250b in 2025?...
[12:00:26] [INFO] DECISION: Execute WHALE | EV $489.22 | GTA VI released before June 2026?...
[12:00:26] [INFO] DECISION: Execute WHALE | EV $373.08 | Will Carson Schwesinger be the 2025-2026...
[12:00:26] [INFO] DECISION: Execute WHALE | EV $528.95 | Will Tetairoa McMillan be the 2025-2026 ...
[12:00:26] [INFO] DECISION: Execute WHALE | EV $13700.00 | Will Tyler Shough be the 2025-2026 NFL O...
[12:00:26] [INFO] DECISION: Execute WHALE | EV $582.18 | Will Jaxson Dart be the 2025-2026 NFL Of...
[12:00:26] [INFO] DECISION: Execute WHALE | EV $10950.00 | Will Emeka Egbuka be the 2025-2026 NFL O...
[12:00:26] [INFO] DECISION: Execute WHALE | EV $10950.00 | Will TreVeyon Henderson be the 2025-2026...
[12:00:26] [INFO] EXECUTE: WHALE | $50 | Will Trump deport less than 250,000?...
[12:00:26] [INFO] EXECUTE: WHALE | $50 | Will Trump deport 250,000-500,000 people...
[12:00:26] [INFO] EXECUTE: WHALE | $50 | Will Trump deport 500,000-750,000- peopl...
[12:00:26] [INFO] EXECUTE: WHALE | $50 | Will Trump deport 750,000-1,000,000 peop...
[12:00:26] [INFO] EXECUTE: WHALE | $50 | Will Trump deport 1,000,000-1,250,000 pe...
[12:00:26] [INFO] EXECUTE: WHALE | $50 | Will Trump deport 1,250,000-1,500,000 pe...
[12:00:26] [INFO] EXECUTE: WHALE | $50 | Will Trump deport 1,500,000-1,750,000 pe...
[12:00:26] [INFO] EXECUTE: WHALE | $50 | Will Trump deport 1,750,000-2,000,000 pe...
[12:00:26] [INFO] EXECUTE: WHALE | $50 | Will Trump deport 2,000,000 or more peop...
[12:00:26] [INFO] EXECUTE: WHALE | $50 | Will Trump deport 750,000 or more people...
[12:00:26] [INFO] EXECUTE: WHALE | $50 | Will Elon and DOGE cut less than $50b in...
[12:00:26] [INFO] EXECUTE: WHALE | $50 | Will Elon and DOGE cut between $50-100b ...
[12:00:26] [INFO] EXECUTE: WHALE | $50 | Will Elon and DOGE cut between $100-150b...
[12:00:26] [INFO] EXECUTE: WHALE | $50 | Will Elon and DOGE cut between $150-200b...
[12:00:26] [INFO] EXECUTE: WHALE | $50 | Will Elon and DOGE cut between $200-250b...
[12:00:26] [INFO] EXECUTE: WHALE | $50 | Will Elon and DOGE cut more than $250b i...
[12:00:26] [INFO] EXECUTE: WHALE | $50 | Will Elon cut the budget by at least 10%...
[12:00:26] [INFO] EXECUTE: WHALE | $50 | Will Elon cut the budget by at least 5% ...
[12:00:26] [INFO] EXECUTE: WHALE | $50 | Will GTA 6 cost $100+?...
[12:00:26] [INFO] EXECUTE: WHALE | $50 | Negative GDP growth in 2025?...
[12:00:26] [INFO] EXECUTE: WHALE | $50 | Will the U.S. collect between $100b and ...
[12:00:26] [INFO] EXECUTE: WHALE | $50 | Will the U.S. collect between $200b and ...
[12:00:26] [INFO] EXECUTE: WHALE | $50 | Will the U.S. collect between $500b and ...
[12:00:26] [INFO] EXECUTE: WHALE | $50 | Will the U.S. collect between $1t and $2...
[12:00:26] [INFO] EXECUTE: WHALE | $50 | Will the U.S. collect more than $2t in r...
[12:00:26] [INFO] EXECUTE: WHALE | $50 | Will tariffs generate >$250b in 2025?...
[12:00:26] [INFO] EXECUTE: WHALE | $50 | GTA VI released before June 2026?...
[12:00:26] [INFO] EXECUTE: WHALE | $50 | Will Carson Schwesinger be the 2025-2026...
[12:00:26] [INFO] EXECUTE: WHALE | $50 | Will Tetairoa McMillan be the 2025-2026 ...
[12:00:26] [INFO] EXECUTE: WHALE | $50 | Will Tyler Shough be the 2025-2026 NFL O...
[12:00:26] [INFO] EXECUTE: WHALE | $50 | Will Jaxson Dart be the 2025-2026 NFL Of...
[12:00:26] [INFO] EXECUTE: WHALE | $50 | Will Emeka Egbuka be the 2025-2026 NFL O...
[12:00:26] [INFO] EXECUTE: WHALE | $50 | Will TreVeyon Henderson be the 2025-2026...
[12:00:36] [INFO] Cycle 14: Found 38 opportunities
[12:00:36] [INFO] DECISION: Execute WHALE | EV $1172.22 | Will Trump deport less than 250,000?...
[12:00:36] [INFO] DECISION: Execute WHALE | EV $178.22 | Will Trump deport 250,000-500,000 people...
[12:00:36] [INFO] DECISION: Execute WHALE | EV $386.51 | Will Trump deport 500,000-750,000- peopl...
[12:00:36] [INFO] DECISION: Execute WHALE | EV $2844.74 | Will Trump deport 750,000-1,000,000 peop...
[12:00:36] [INFO] DECISION: Execute WHALE | EV $4180.77 | Will Trump deport 1,000,000-1,250,000 pe...
[12:00:36] [INFO] DECISION: Execute WHALE | EV $10950.00 | Will Trump deport 1,250,000-1,500,000 pe...
[12:00:36] [INFO] DECISION: Execute WHALE | EV $6825.00 | Will Trump deport 1,500,000-1,750,000 pe...
[12:00:36] [INFO] DECISION: Execute WHALE | EV $7807.14 | Will Trump deport 1,750,000-2,000,000 pe...
[12:00:36] [INFO] DECISION: Execute WHALE | EV $6825.00 | Will Trump deport 2,000,000 or more peop...
[12:00:36] [INFO] DECISION: Execute WHALE | EV $273.53 | Will Trump deport 750,000 or more people...
[12:00:36] [INFO] DECISION: Execute WHALE | EV $541.40 | Will Elon and DOGE cut less than $50b in...
[12:00:36] [INFO] DECISION: Execute WHALE | EV $4533.33 | Will Elon and DOGE cut between $50-100b ...
[12:00:36] [INFO] DECISION: Execute WHALE | EV $4950.00 | Will Elon and DOGE cut between $100-150b...
[12:00:36] [INFO] DECISION: Execute WHALE | EV $758.82 | Will Elon and DOGE cut between $150-200b...
[12:00:36] [INFO] DECISION: Execute WHALE | EV $4950.00 | Will Elon and DOGE cut between $200-250b...
[12:00:36] [INFO] DECISION: Execute WHALE | EV $4180.77 | Will Elon and DOGE cut more than $250b i...
[12:00:36] [INFO] DECISION: Execute WHALE | EV $575.00 | Will Elon cut the budget by at least 10%...
[12:00:36] [INFO] DECISION: Execute WHALE | EV $646.20 | Will Elon cut the budget by at least 5% ...
[12:00:36] [INFO] DECISION: Execute WHALE | EV $3185.29 | Will GTA 6 cost $100+?...
[12:00:36] [INFO] DECISION: Execute WHALE | EV $4950.00 | Negative GDP growth in 2025?...
[12:00:36] [INFO] DECISION: Execute WHALE | EV $554.40 | Will the U.S. collect between $100b and ...
[12:00:36] [INFO] DECISION: Execute WHALE | EV $111.76 | Will the U.S. collect between $200b and ...
[12:00:36] [INFO] DECISION: Execute WHALE | EV $6825.00 | Will the U.S. collect between $500b and ...
[12:00:36] [INFO] DECISION: Execute WHALE | EV $27450.00 | Will the U.S. collect between $1t and $2...
[12:00:36] [INFO] DECISION: Execute WHALE | EV $18283.33 | Will the U.S. collect more than $2t in r...
[12:00:36] [INFO] DECISION: Execute WHALE | EV $1436.49 | Will tariffs generate >$250b in 2025?...
[12:00:36] [INFO] DECISION: Execute WHALE | EV $489.22 | GTA VI released before June 2026?...
[12:00:36] [INFO] DECISION: Execute WHALE | EV $373.08 | Will Carson Schwesinger be the 2025-2026...
[12:00:36] [INFO] DECISION: Execute WHALE | EV $528.95 | Will Tetairoa McMillan be the 2025-2026 ...
[12:00:36] [INFO] DECISION: Execute WHALE | EV $13700.00 | Will Tyler Shough be the 2025-2026 NFL O...
[12:00:36] [INFO] DECISION: Execute WHALE | EV $582.18 | Will Jaxson Dart be the 2025-2026 NFL Of...
[12:00:36] [INFO] DECISION: Execute WHALE | EV $10950.00 | Will Emeka Egbuka be the 2025-2026 NFL O...
[12:00:36] [INFO] DECISION: Execute WHALE | EV $10950.00 | Will TreVeyon Henderson be the 2025-2026...
[12:00:36] [INFO] EXECUTE: WHALE | $50 | Will Trump deport less than 250,000?...
[12:00:36] [INFO] EXECUTE: WHALE | $50 | Will Trump deport 250,000-500,000 people...
[12:00:36] [INFO] EXECUTE: WHALE | $50 | Will Trump deport 500,000-750,000- peopl...
[12:00:36] [INFO] EXECUTE: WHALE | $50 | Will Trump deport 750,000-1,000,000 peop...
[12:00:36] [INFO] EXECUTE: WHALE | $50 | Will Trump deport 1,000,000-1,250,000 pe...
[12:00:36] [INFO] EXECUTE: WHALE | $50 | Will Trump deport 1,250,000-1,500,000 pe...
[12:00:36] [INFO] EXECUTE: WHALE | $50 | Will Trump deport 1,500,000-1,750,000 pe...
[12:00:36] [INFO] EXECUTE: WHALE | $50 | Will Trump deport 1,750,000-2,000,000 pe...
[12:00:36] [INFO] EXECUTE: WHALE | $50 | Will Trump deport 2,000,000 or more peop...
[12:00:36] [INFO] EXECUTE: WHALE | $50 | Will Trump deport 750,000 or more people...
[12:00:36] [INFO] EXECUTE: WHALE | $50 | Will Elon and DOGE cut less than $50b in...
[12:00:36] [INFO] EXECUTE: WHALE | $50 | Will Elon and DOGE cut between $50-100b ...
[12:00:36] [INFO] EXECUTE: WHALE | $50 | Will Elon and DOGE cut between $100-150b...
[12:00:36] [INFO] EXECUTE: WHALE | $50 | Will Elon and DOGE cut between $150-200b...
[12:00:36] [INFO] EXECUTE: WHALE | $50 | Will Elon and DOGE cut between $200-250b...
[12:00:36] [INFO] EXECUTE: WHALE | $50 | Will Elon and DOGE cut more than $250b i...
[12:00:36] [INFO] EXECUTE: WHALE | $50 | Will Elon cut the budget by at least 10%...
[12:00:36] [INFO] EXECUTE: WHALE | $50 | Will Elon cut the budget by at least 5% ...
[12:00:36] [INFO] EXECUTE: WHALE | $50 | Will GTA 6 cost $100+?...
[12:00:36] [INFO] EXECUTE: WHALE | $50 | Negative GDP growth in 2025?...
[12:00:36] [INFO] EXECUTE: WHALE | $50 | Will the U.S. collect between $100b and ...
[12:00:36] [INFO] EXECUTE: WHALE | $50 | Will the U.S. collect between $200b and ...
[12:00:36] [INFO] EXECUTE: WHALE | $50 | Will the U.S. collect between $500b and ...
[12:00:36] [INFO] EXECUTE: WHALE | $50 | Will the U.S. collect between $1t and $2...
[12:00:36] [INFO] EXECUTE: WHALE | $50 | Will the U.S. collect more than $2t in r...
[12:00:36] [INFO] EXECUTE: WHALE | $50 | Will tariffs generate >$250b in 2025?...
[12:00:36] [INFO] EXECUTE: WHALE | $50 | GTA VI released before June 2026?...
[12:00:36] [INFO] EXECUTE: WHALE | $50 | Will Carson Schwesinger be the 2025-2026...
[12:00:36] [INFO] EXECUTE: WHALE | $50 | Will Tetairoa McMillan be the 2025-2026 ...
[12:00:36] [INFO] EXECUTE: WHALE | $50 | Will Tyler Shough be the 2025-2026 NFL O...
[12:00:36] [INFO] EXECUTE: WHALE | $50 | Will Jaxson Dart be the 2025-2026 NFL Of...
[12:00:36] [INFO] EXECUTE: WHALE | $50 | Will Emeka Egbuka be the 2025-2026 NFL O...
[12:00:36] [INFO] EXECUTE: WHALE | $50 | Will TreVeyon Henderson be the 2025-2026...
[12:00:46] [INFO] Cycle 15: Found 38 opportunities
[12:00:46] [INFO] DECISION: Execute WHALE | EV $1172.22 | Will Trump deport less than 250,000?...
[12:00:46] [INFO] DECISION: Execute WHALE | EV $178.22 | Will Trump deport 250,000-500,000 people...
[12:00:46] [INFO] DECISION: Execute WHALE | EV $386.51 | Will Trump deport 500,000-750,000- peopl...
[12:00:46] [INFO] DECISION: Execute WHALE | EV $2844.74 | Will Trump deport 750,000-1,000,000 peop...
[12:00:46] [INFO] DECISION: Execute WHALE | EV $4180.77 | Will Trump deport 1,000,000-1,250,000 pe...
[12:00:46] [INFO] DECISION: Execute WHALE | EV $10950.00 | Will Trump deport 1,250,000-1,500,000 pe...
[12:00:46] [INFO] DECISION: Execute WHALE | EV $6825.00 | Will Trump deport 1,500,000-1,750,000 pe...
[12:00:46] [INFO] DECISION: Execute WHALE | EV $7807.14 | Will Trump deport 1,750,000-2,000,000 pe...
[12:00:46] [INFO] DECISION: Execute WHALE | EV $6825.00 | Will Trump deport 2,000,000 or more peop...
[12:00:46] [INFO] DECISION: Execute WHALE | EV $273.53 | Will Trump deport 750,000 or more people...
[12:00:46] [INFO] DECISION: Execute WHALE | EV $541.40 | Will Elon and DOGE cut less than $50b in...
[12:00:46] [INFO] DECISION: Execute WHALE | EV $4533.33 | Will Elon and DOGE cut between $50-100b ...
[12:00:46] [INFO] DECISION: Execute WHALE | EV $4950.00 | Will Elon and DOGE cut between $100-150b...
[12:00:46] [INFO] DECISION: Execute WHALE | EV $758.82 | Will Elon and DOGE cut between $150-200b...
[12:00:46] [INFO] DECISION: Execute WHALE | EV $4950.00 | Will Elon and DOGE cut between $200-250b...
[12:00:46] [INFO] DECISION: Execute WHALE | EV $4180.77 | Will Elon and DOGE cut more than $250b i...
[12:00:46] [INFO] DECISION: Execute WHALE | EV $575.00 | Will Elon cut the budget by at least 10%...
[12:00:46] [INFO] DECISION: Execute WHALE | EV $646.20 | Will Elon cut the budget by at least 5% ...
[12:00:46] [INFO] DECISION: Execute WHALE | EV $3185.29 | Will GTA 6 cost $100+?...
[12:00:46] [INFO] DECISION: Execute WHALE | EV $4950.00 | Negative GDP growth in 2025?...
[12:00:46] [INFO] DECISION: Execute WHALE | EV $554.40 | Will the U.S. collect between $100b and ...
[12:00:46] [INFO] DECISION: Execute WHALE | EV $111.76 | Will the U.S. collect between $200b and ...
[12:00:46] [INFO] DECISION: Execute WHALE | EV $6825.00 | Will the U.S. collect between $500b and ...
[12:00:46] [INFO] DECISION: Execute WHALE | EV $27450.00 | Will the U.S. collect between $1t and $2...
[12:00:46] [INFO] DECISION: Execute WHALE | EV $18283.33 | Will the U.S. collect more than $2t in r...
[12:00:46] [INFO] DECISION: Execute WHALE | EV $1436.49 | Will tariffs generate >$250b in 2025?...
[12:00:46] [INFO] DECISION: Execute WHALE | EV $489.22 | GTA VI released before June 2026?...
[12:00:46] [INFO] DECISION: Execute WHALE | EV $373.08 | Will Carson Schwesinger be the 2025-2026...
[12:00:46] [INFO] DECISION: Execute WHALE | EV $528.95 | Will Tetairoa McMillan be the 2025-2026 ...
[12:00:46] [INFO] DECISION: Execute WHALE | EV $13700.00 | Will Tyler Shough be the 2025-2026 NFL O...
[12:00:46] [INFO] DECISION: Execute WHALE | EV $582.18 | Will Jaxson Dart be the 2025-2026 NFL Of...
[12:00:46] [INFO] DECISION: Execute WHALE | EV $10950.00 | Will Emeka Egbuka be the 2025-2026 NFL O...
[12:00:46] [INFO] DECISION: Execute WHALE | EV $10950.00 | Will TreVeyon Henderson be the 2025-2026...
[12:00:46] [INFO] EXECUTE: WHALE | $50 | Will Trump deport less than 250,000?...
[12:00:46] [INFO] EXECUTE: WHALE | $50 | Will Trump deport 250,000-500,000 people...
[12:00:46] [INFO] EXECUTE: WHALE | $50 | Will Trump deport 500,000-750,000- peopl...
[12:00:46] [INFO] EXECUTE: WHALE | $50 | Will Trump deport 750,000-1,000,000 peop...
[12:00:46] [INFO] EXECUTE: WHALE | $50 | Will Trump deport 1,000,000-1,250,000 pe...
[12:00:46] [INFO] EXECUTE: WHALE | $50 | Will Trump deport 1,250,000-1,500,000 pe...
[12:00:46] [INFO] EXECUTE: WHALE | $50 | Will Trump deport 1,500,000-1,750,000 pe...
[12:00:46] [INFO] EXECUTE: WHALE | $50 | Will Trump deport 1,750,000-2,000,000 pe...
[12:00:46] [INFO] EXECUTE: WHALE | $50 | Will Trump deport 2,000,000 or more peop...
[12:00:46] [INFO] EXECUTE: WHALE | $50 | Will Trump deport 750,000 or more people...
[12:00:46] [INFO] EXECUTE: WHALE | $50 | Will Elon and DOGE cut less than $50b in...
[12:00:46] [INFO] EXECUTE: WHALE | $50 | Will Elon and DOGE cut between $50-100b ...
[12:00:46] [INFO] EXECUTE: WHALE | $50 | Will Elon and DOGE cut between $100-150b...
[12:00:46] [INFO] EXECUTE: WHALE | $50 | Will Elon and DOGE cut between $150-200b...
[12:00:46] [INFO] EXECUTE: WHALE | $50 | Will Elon and DOGE cut between $200-250b...
[12:00:46] [INFO] EXECUTE: WHALE | $50 | Will Elon and DOGE cut more than $250b i...
[12:00:46] [INFO] EXECUTE: WHALE | $50 | Will Elon cut the budget by at least 10%...
[12:00:46] [INFO] EXECUTE: WHALE | $50 | Will Elon cut the budget by at least 5% ...
[12:00:46] [INFO] EXECUTE: WHALE | $50 | Will GTA 6 cost $100+?...
[12:00:46] [INFO] EXECUTE: WHALE | $50 | Negative GDP growth in 2025?...
[12:00:46] [INFO] EXECUTE: WHALE | $50 | Will the U.S. collect between $100b and ...
[12:00:46] [INFO] EXECUTE: WHALE | $50 | Will the U.S. collect between $200b and ...
[12:00:46] [INFO] EXECUTE: WHALE | $50 | Will the U.S. collect between $500b and ...
[12:00:46] [INFO] EXECUTE: WHALE | $50 | Will the U.S. collect between $1t and $2...
[12:00:46] [INFO] EXECUTE: WHALE | $50 | Will the U.S. collect more than $2t in r...
[12:00:46] [INFO] EXECUTE: WHALE | $50 | Will tariffs generate >$250b in 2025?...
[12:00:46] [INFO] EXECUTE: WHALE | $50 | GTA VI released before June 2026?...
[12:00:46] [INFO] EXECUTE: WHALE | $50 | Will Carson Schwesinger be the 2025-2026...
[12:00:46] [INFO] EXECUTE: WHALE | $50 | Will Tetairoa McMillan be the 2025-2026 ...
[12:00:46] [INFO] EXECUTE: WHALE | $50 | Will Tyler Shough be the 2025-2026 NFL O...
[12:00:46] [INFO] EXECUTE: WHALE | $50 | Will Jaxson Dart be the 2025-2026 NFL Of...
[12:00:46] [INFO] EXECUTE: WHALE | $50 | Will Emeka Egbuka be the 2025-2026 NFL O...
[12:00:46] [INFO] EXECUTE: WHALE | $50 | Will TreVeyon Henderson be the 2025-2026...
[12:00:57] [INFO] Cycle 16: Found 38 opportunities
[12:00:57] [INFO] DECISION: Execute WHALE | EV $1172.22 | Will Trump deport less than 250,000?...
[12:00:57] [INFO] DECISION: Execute WHALE | EV $178.22 | Will Trump deport 250,000-500,000 people...
[12:00:57] [INFO] DECISION: Execute WHALE | EV $386.51 | Will Trump deport 500,000-750,000- peopl...
[12:00:57] [INFO] DECISION: Execute WHALE | EV $2844.74 | Will Trump deport 750,000-1,000,000 peop...
[12:00:57] [INFO] DECISION: Execute WHALE | EV $4180.77 | Will Trump deport 1,000,000-1,250,000 pe...
[12:00:57] [INFO] DECISION: Execute WHALE | EV $10950.00 | Will Trump deport 1,250,000-1,500,000 pe...
[12:00:57] [INFO] DECISION: Execute WHALE | EV $6825.00 | Will Trump deport 1,500,000-1,750,000 pe...
[12:00:57] [INFO] DECISION: Execute WHALE | EV $7807.14 | Will Trump deport 1,750,000-2,000,000 pe...
[12:00:57] [INFO] DECISION: Execute WHALE | EV $6825.00 | Will Trump deport 2,000,000 or more peop...
[12:00:57] [INFO] DECISION: Execute WHALE | EV $273.53 | Will Trump deport 750,000 or more people...
[12:00:57] [INFO] DECISION: Execute WHALE | EV $541.40 | Will Elon and DOGE cut less than $50b in...
[12:00:57] [INFO] DECISION: Execute WHALE | EV $4533.33 | Will Elon and DOGE cut between $50-100b ...
[12:00:57] [INFO] DECISION: Execute WHALE | EV $4950.00 | Will Elon and DOGE cut between $100-150b...
[12:00:57] [INFO] DECISION: Execute WHALE | EV $758.82 | Will Elon and DOGE cut between $150-200b...
[12:00:57] [INFO] DECISION: Execute WHALE | EV $4950.00 | Will Elon and DOGE cut between $200-250b...
[12:00:57] [INFO] DECISION: Execute WHALE | EV $4180.77 | Will Elon and DOGE cut more than $250b i...
[12:00:57] [INFO] DECISION: Execute WHALE | EV $575.00 | Will Elon cut the budget by at least 10%...
[12:00:57] [INFO] DECISION: Execute WHALE | EV $646.20 | Will Elon cut the budget by at least 5% ...
[12:00:57] [INFO] DECISION: Execute WHALE | EV $3185.29 | Will GTA 6 cost $100+?...
[12:00:57] [INFO] DECISION: Execute WHALE | EV $4950.00 | Negative GDP growth in 2025?...
[12:00:57] [INFO] DECISION: Execute WHALE | EV $554.40 | Will the U.S. collect between $100b and ...
[12:00:57] [INFO] DECISION: Execute WHALE | EV $111.76 | Will the U.S. collect between $200b and ...
[12:00:57] [INFO] DECISION: Execute WHALE | EV $6825.00 | Will the U.S. collect between $500b and ...
[12:00:57] [INFO] DECISION: Execute WHALE | EV $27450.00 | Will the U.S. collect between $1t and $2...
[12:00:57] [INFO] DECISION: Execute WHALE | EV $18283.33 | Will the U.S. collect more than $2t in r...
[12:00:57] [INFO] DECISION: Execute WHALE | EV $1436.49 | Will tariffs generate >$250b in 2025?...
[12:00:57] [INFO] DECISION: Execute WHALE | EV $489.22 | GTA VI released before June 2026?...
[12:00:57] [INFO] DECISION: Execute WHALE | EV $373.08 | Will Carson Schwesinger be the 2025-2026...
[12:00:57] [INFO] DECISION: Execute WHALE | EV $528.95 | Will Tetairoa McMillan be the 2025-2026 ...
[12:00:57] [INFO] DECISION: Execute WHALE | EV $13700.00 | Will Tyler Shough be the 2025-2026 NFL O...
[12:00:57] [INFO] DECISION: Execute WHALE | EV $582.18 | Will Jaxson Dart be the 2025-2026 NFL Of...
[12:00:57] [INFO] DECISION: Execute WHALE | EV $10950.00 | Will Emeka Egbuka be the 2025-2026 NFL O...
[12:00:57] [INFO] DECISION: Execute WHALE | EV $10950.00 | Will TreVeyon Henderson be the 2025-2026...
[12:00:57] [INFO] EXECUTE: WHALE | $50 | Will Trump deport less than 250,000?...
[12:00:57] [INFO] EXECUTE: WHALE | $50 | Will Trump deport 250,000-500,000 people...
[12:00:57] [INFO] EXECUTE: WHALE | $50 | Will Trump deport 500,000-750,000- peopl...
[12:00:57] [INFO] EXECUTE: WHALE | $50 | Will Trump deport 750,000-1,000,000 peop...
[12:00:57] [INFO] EXECUTE: WHALE | $50 | Will Trump deport 1,000,000-1,250,000 pe...
[12:00:57] [INFO] EXECUTE: WHALE | $50 | Will Trump deport 1,250,000-1,500,000 pe...
[12:00:57] [INFO] EXECUTE: WHALE | $50 | Will Trump deport 1,500,000-1,750,000 pe...
[12:00:57] [INFO] EXECUTE: WHALE | $50 | Will Trump deport 1,750,000-2,000,000 pe...
[12:00:57] [INFO] EXECUTE: WHALE | $50 | Will Trump deport 2,000,000 or more peop...
[12:00:57] [INFO] EXECUTE: WHALE | $50 | Will Trump deport 750,000 or more people...
[12:00:57] [INFO] EXECUTE: WHALE | $50 | Will Elon and DOGE cut less than $50b in...
[12:00:57] [INFO] EXECUTE: WHALE | $50 | Will Elon and DOGE cut between $50-100b ...
[12:00:57] [INFO] EXECUTE: WHALE | $50 | Will Elon and DOGE cut between $100-150b...
[12:00:57] [INFO] EXECUTE: WHALE | $50 | Will Elon and DOGE cut between $150-200b...
[12:00:57] [INFO] EXECUTE: WHALE | $50 | Will Elon and DOGE cut between $200-250b...
[12:00:57] [INFO] EXECUTE: WHALE | $50 | Will Elon and DOGE cut more than $250b i...
[12:00:57] [INFO] EXECUTE: WHALE | $50 | Will Elon cut the budget by at least 10%...
[12:00:57] [INFO] EXECUTE: WHALE | $50 | Will Elon cut the budget by at least 5% ...
[12:00:57] [INFO] EXECUTE: WHALE | $50 | Will GTA 6 cost $100+?...
[12:00:57] [INFO] EXECUTE: WHALE | $50 | Negative GDP growth in 2025?...
[12:00:57] [INFO] EXECUTE: WHALE | $50 | Will the U.S. collect between $100b and ...
[12:00:57] [INFO] EXECUTE: WHALE | $50 | Will the U.S. collect between $200b and ...
[12:00:57] [INFO] EXECUTE: WHALE | $50 | Will the U.S. collect between $500b and ...
[12:00:57] [INFO] EXECUTE: WHALE | $50 | Will the U.S. collect between $1t and $2...
[12:00:57] [INFO] EXECUTE: WHALE | $50 | Will the U.S. collect more than $2t in r...
[12:00:57] [INFO] EXECUTE: WHALE | $50 | Will tariffs generate >$250b in 2025?...
[12:00:57] [INFO] EXECUTE: WHALE | $50 | GTA VI released before June 2026?...
[12:00:57] [INFO] EXECUTE: WHALE | $50 | Will Carson Schwesinger be the 2025-2026...
[12:00:57] [INFO] EXECUTE: WHALE | $50 | Will Tetairoa McMillan be the 2025-2026 ...
[12:00:57] [INFO] EXECUTE: WHALE | $50 | Will Tyler Shough be the 2025-2026 NFL O...
[12:00:57] [INFO] EXECUTE: WHALE | $50 | Will Jaxson Dart be the 2025-2026 NFL Of...
[12:00:57] [INFO] EXECUTE: WHALE | $50 | Will Emeka Egbuka be the 2025-2026 NFL O...
[12:00:57] [INFO] EXECUTE: WHALE | $50 | Will TreVeyon Henderson be the 2025-2026...
[12:01:07] [INFO] Cycle 17: Found 38 opportunities
[12:01:07] [INFO] DECISION: Execute WHALE | EV $1172.22 | Will Trump deport less than 250,000?...
[12:01:07] [INFO] DECISION: Execute WHALE | EV $178.22 | Will Trump deport 250,000-500,000 people...
[12:01:07] [INFO] DECISION: Execute WHALE | EV $386.51 | Will Trump deport 500,000-750,000- peopl...
[12:01:07] [INFO] DECISION: Execute WHALE | EV $2844.74 | Will Trump deport 750,000-1,000,000 peop...
[12:01:07] [INFO] DECISION: Execute WHALE | EV $4180.77 | Will Trump deport 1,000,000-1,250,000 pe...
[12:01:07] [INFO] DECISION: Execute WHALE | EV $10950.00 | Will Trump deport 1,250,000-1,500,000 pe...
[12:01:07] [INFO] DECISION: Execute WHALE | EV $6825.00 | Will Trump deport 1,500,000-1,750,000 pe...
[12:01:07] [INFO] DECISION: Execute WHALE | EV $7807.14 | Will Trump deport 1,750,000-2,000,000 pe...
[12:01:07] [INFO] DECISION: Execute WHALE | EV $6825.00 | Will Trump deport 2,000,000 or more peop...
[12:01:07] [INFO] DECISION: Execute WHALE | EV $273.53 | Will Trump deport 750,000 or more people...
[12:01:07] [INFO] DECISION: Execute WHALE | EV $541.40 | Will Elon and DOGE cut less than $50b in...
[12:01:07] [INFO] DECISION: Execute WHALE | EV $4533.33 | Will Elon and DOGE cut between $50-100b ...
[12:01:07] [INFO] DECISION: Execute WHALE | EV $4950.00 | Will Elon and DOGE cut between $100-150b...
[12:01:07] [INFO] DECISION: Execute WHALE | EV $758.82 | Will Elon and DOGE cut between $150-200b...
[12:01:07] [INFO] DECISION: Execute WHALE | EV $4950.00 | Will Elon and DOGE cut between $200-250b...
[12:01:07] [INFO] DECISION: Execute WHALE | EV $4180.77 | Will Elon and DOGE cut more than $250b i...
[12:01:07] [INFO] DECISION: Execute WHALE | EV $575.00 | Will Elon cut the budget by at least 10%...
[12:01:07] [INFO] DECISION: Execute WHALE | EV $646.20 | Will Elon cut the budget by at least 5% ...
[12:01:07] [INFO] DECISION: Execute WHALE | EV $3185.29 | Will GTA 6 cost $100+?...
[12:01:07] [INFO] DECISION: Execute WHALE | EV $4950.00 | Negative GDP growth in 2025?...
[12:01:07] [INFO] DECISION: Execute WHALE | EV $554.40 | Will the U.S. collect between $100b and ...
[12:01:07] [INFO] DECISION: Execute WHALE | EV $111.76 | Will the U.S. collect between $200b and ...
[12:01:07] [INFO] DECISION: Execute WHALE | EV $6825.00 | Will the U.S. collect between $500b and ...
[12:01:07] [INFO] DECISION: Execute WHALE | EV $27450.00 | Will the U.S. collect between $1t and $2...
[12:01:07] [INFO] DECISION: Execute WHALE | EV $18283.33 | Will the U.S. collect more than $2t in r...
[12:01:07] [INFO] DECISION: Execute WHALE | EV $1436.49 | Will tariffs generate >$250b in 2025?...
[12:01:07] [INFO] DECISION: Execute WHALE | EV $489.22 | GTA VI released before June 2026?...
[12:01:07] [INFO] DECISION: Execute WHALE | EV $373.08 | Will Carson Schwesinger be the 2025-2026...
[12:01:07] [INFO] DECISION: Execute WHALE | EV $528.95 | Will Tetairoa McMillan be the 2025-2026 ...
[12:01:07] [INFO] DECISION: Execute WHALE | EV $13700.00 | Will Tyler Shough be the 2025-2026 NFL O...
[12:01:07] [INFO] DECISION: Execute WHALE | EV $582.18 | Will Jaxson Dart be the 2025-2026 NFL Of...
[12:01:07] [INFO] DECISION: Execute WHALE | EV $10950.00 | Will Emeka Egbuka be the 2025-2026 NFL O...
[12:01:07] [INFO] DECISION: Execute WHALE | EV $10950.00 | Will TreVeyon Henderson be the 2025-2026...
[12:01:07] [INFO] EXECUTE: WHALE | $50 | Will Trump deport less than 250,000?...
[12:01:07] [INFO] EXECUTE: WHALE | $50 | Will Trump deport 250,000-500,000 people...
[12:01:07] [INFO] EXECUTE: WHALE | $50 | Will Trump deport 500,000-750,000- peopl...
[12:01:07] [INFO] EXECUTE: WHALE | $50 | Will Trump deport 750,000-1,000,000 peop...
[12:01:07] [INFO] EXECUTE: WHALE | $50 | Will Trump deport 1,000,000-1,250,000 pe...
[12:01:07] [INFO] EXECUTE: WHALE | $50 | Will Trump deport 1,250,000-1,500,000 pe...
[12:01:07] [INFO] EXECUTE: WHALE | $50 | Will Trump deport 1,500,000-1,750,000 pe...
[12:01:07] [INFO] EXECUTE: WHALE | $50 | Will Trump deport 1,750,000-2,000,000 pe...
[12:01:07] [INFO] EXECUTE: WHALE | $50 | Will Trump deport 2,000,000 or more peop...
[12:01:07] [INFO] EXECUTE: WHALE | $50 | Will Trump deport 750,000 or more people...
[12:01:07] [INFO] EXECUTE: WHALE | $50 | Will Elon and DOGE cut less than $50b in...
[12:01:07] [INFO] EXECUTE: WHALE | $50 | Will Elon and DOGE cut between $50-100b ...
[12:01:07] [INFO] EXECUTE: WHALE | $50 | Will Elon and DOGE cut between $100-150b...
[12:01:07] [INFO] EXECUTE: WHALE | $50 | Will Elon and DOGE cut between $150-200b...
[12:01:07] [INFO] EXECUTE: WHALE | $50 | Will Elon and DOGE cut between $200-250b...
[12:01:07] [INFO] EXECUTE: WHALE | $50 | Will Elon and DOGE cut more than $250b i...
[12:01:07] [INFO] EXECUTE: WHALE | $50 | Will Elon cut the budget by at least 10%...
[12:01:07] [INFO] EXECUTE: WHALE | $50 | Will Elon cut the budget by at least 5% ...
[12:01:07] [INFO] EXECUTE: WHALE | $50 | Will GTA 6 cost $100+?...
[12:01:07] [INFO] EXECUTE: WHALE | $50 | Negative GDP growth in 2025?...
[12:01:07] [INFO] EXECUTE: WHALE | $50 | Will the U.S. collect between $100b and ...
[12:01:07] [INFO] EXECUTE: WHALE | $50 | Will the U.S. collect between $200b and ...
[12:01:07] [INFO] EXECUTE: WHALE | $50 | Will the U.S. collect between $500b and ...
[12:01:07] [INFO] EXECUTE: WHALE | $50 | Will the U.S. collect between $1t and $2...
[12:01:07] [INFO] EXECUTE: WHALE | $50 | Will the U.S. collect more than $2t in r...
[12:01:07] [INFO] EXECUTE: WHALE | $50 | Will tariffs generate >$250b in 2025?...
[12:01:07] [INFO] EXECUTE: WHALE | $50 | GTA VI released before June 2026?...
[12:01:07] [INFO] EXECUTE: WHALE | $50 | Will Carson Schwesinger be the 2025-2026...
[12:01:07] [INFO] EXECUTE: WHALE | $50 | Will Tetairoa McMillan be the 2025-2026 ...
[12:01:07] [INFO] EXECUTE: WHALE | $50 | Will Tyler Shough be the 2025-2026 NFL O...
[12:01:07] [INFO] EXECUTE: WHALE | $50 | Will Jaxson Dart be the 2025-2026 NFL Of...
[12:01:07] [INFO] EXECUTE: WHALE | $50 | Will Emeka Egbuka be the 2025-2026 NFL O...
[12:01:07] [INFO] EXECUTE: WHALE | $50 | Will TreVeyon Henderson be the 2025-2026...
[12:01:16] [INFO] Cycle 18: Found 38 opportunities
[12:01:16] [INFO] DECISION: Execute WHALE | EV $1172.22 | Will Trump deport less than 250,000?...
[12:01:16] [INFO] DECISION: Execute WHALE | EV $178.22 | Will Trump deport 250,000-500,000 people...
[12:01:16] [INFO] DECISION: Execute WHALE | EV $386.51 | Will Trump deport 500,000-750,000- peopl...
[12:01:16] [INFO] DECISION: Execute WHALE | EV $2844.74 | Will Trump deport 750,000-1,000,000 peop...
[12:01:16] [INFO] DECISION: Execute WHALE | EV $4180.77 | Will Trump deport 1,000,000-1,250,000 pe...
[12:01:16] [INFO] DECISION: Execute WHALE | EV $10950.00 | Will Trump deport 1,250,000-1,500,000 pe...
[12:01:16] [INFO] DECISION: Execute WHALE | EV $6825.00 | Will Trump deport 1,500,000-1,750,000 pe...
[12:01:16] [INFO] DECISION: Execute WHALE | EV $7807.14 | Will Trump deport 1,750,000-2,000,000 pe...
[12:01:16] [INFO] DECISION: Execute WHALE | EV $6825.00 | Will Trump deport 2,000,000 or more peop...
[12:01:16] [INFO] DECISION: Execute WHALE | EV $273.53 | Will Trump deport 750,000 or more people...
[12:01:16] [INFO] DECISION: Execute WHALE | EV $541.40 | Will Elon and DOGE cut less than $50b in...
[12:01:16] [INFO] DECISION: Execute WHALE | EV $4533.33 | Will Elon and DOGE cut between $50-100b ...
[12:01:16] [INFO] DECISION: Execute WHALE | EV $4950.00 | Will Elon and DOGE cut between $100-150b...
[12:01:16] [INFO] DECISION: Execute WHALE | EV $758.82 | Will Elon and DOGE cut between $150-200b...
[12:01:16] [INFO] DECISION: Execute WHALE | EV $4950.00 | Will Elon and DOGE cut between $200-250b...
[12:01:16] [INFO] DECISION: Execute WHALE | EV $4180.77 | Will Elon and DOGE cut more than $250b i...
[12:01:16] [INFO] DECISION: Execute WHALE | EV $575.00 | Will Elon cut the budget by at least 10%...
[12:01:16] [INFO] DECISION: Execute WHALE | EV $646.20 | Will Elon cut the budget by at least 5% ...
[12:01:16] [INFO] DECISION: Execute WHALE | EV $3185.29 | Will GTA 6 cost $100+?...
[12:01:16] [INFO] DECISION: Execute WHALE | EV $4950.00 | Negative GDP growth in 2025?...
[12:01:16] [INFO] DECISION: Execute WHALE | EV $554.40 | Will the U.S. collect between $100b and ...
[12:01:16] [INFO] DECISION: Execute WHALE | EV $111.76 | Will the U.S. collect between $200b and ...
[12:01:16] [INFO] DECISION: Execute WHALE | EV $6825.00 | Will the U.S. collect between $500b and ...
[12:01:16] [INFO] DECISION: Execute WHALE | EV $27450.00 | Will the U.S. collect between $1t and $2...
[12:01:16] [INFO] DECISION: Execute WHALE | EV $18283.33 | Will the U.S. collect more than $2t in r...
[12:01:16] [INFO] DECISION: Execute WHALE | EV $1436.49 | Will tariffs generate >$250b in 2025?...
[12:01:16] [INFO] DECISION: Execute WHALE | EV $489.22 | GTA VI released before June 2026?...
[12:01:16] [INFO] DECISION: Execute WHALE | EV $373.08 | Will Carson Schwesinger be the 2025-2026...
[12:01:16] [INFO] DECISION: Execute WHALE | EV $528.95 | Will Tetairoa McMillan be the 2025-2026 ...
[12:01:16] [INFO] DECISION: Execute WHALE | EV $13700.00 | Will Tyler Shough be the 2025-2026 NFL O...
[12:01:16] [INFO] DECISION: Execute WHALE | EV $582.18 | Will Jaxson Dart be the 2025-2026 NFL Of...
[12:01:16] [INFO] DECISION: Execute WHALE | EV $10950.00 | Will Emeka Egbuka be the 2025-2026 NFL O...
[12:01:16] [INFO] DECISION: Execute WHALE | EV $10950.00 | Will TreVeyon Henderson be the 2025-2026...
[12:01:16] [INFO] EXECUTE: WHALE | $50 | Will Trump deport less than 250,000?...
[12:01:16] [INFO] EXECUTE: WHALE | $50 | Will Trump deport 250,000-500,000 people...
[12:01:16] [INFO] EXECUTE: WHALE | $50 | Will Trump deport 500,000-750,000- peopl...
[12:01:16] [INFO] EXECUTE: WHALE | $50 | Will Trump deport 750,000-1,000,000 peop...
[12:01:16] [INFO] EXECUTE: WHALE | $50 | Will Trump deport 1,000,000-1,250,000 pe...
[12:01:16] [INFO] EXECUTE: WHALE | $50 | Will Trump deport 1,250,000-1,500,000 pe...
[12:01:16] [INFO] EXECUTE: WHALE | $50 | Will Trump deport 1,500,000-1,750,000 pe...
[12:01:16] [INFO] EXECUTE: WHALE | $50 | Will Trump deport 1,750,000-2,000,000 pe...
[12:01:16] [INFO] EXECUTE: WHALE | $50 | Will Trump deport 2,000,000 or more peop...
[12:01:16] [INFO] EXECUTE: WHALE | $50 | Will Trump deport 750,000 or more people...
[12:01:16] [INFO] EXECUTE: WHALE | $50 | Will Elon and DOGE cut less than $50b in...
[12:01:16] [INFO] EXECUTE: WHALE | $50 | Will Elon and DOGE cut between $50-100b ...
[12:01:16] [INFO] EXECUTE: WHALE | $50 | Will Elon and DOGE cut between $100-150b...
[12:01:16] [INFO] EXECUTE: WHALE | $50 | Will Elon and DOGE cut between $150-200b...
[12:01:16] [INFO] EXECUTE: WHALE | $50 | Will Elon and DOGE cut between $200-250b...
[12:01:16] [INFO] EXECUTE: WHALE | $50 | Will Elon and DOGE cut more than $250b i...
[12:01:16] [INFO] EXECUTE: WHALE | $50 | Will Elon cut the budget by at least 10%...
[12:01:16] [INFO] EXECUTE: WHALE | $50 | Will Elon cut the budget by at least 5% ...
[12:01:16] [INFO] EXECUTE: WHALE | $50 | Will GTA 6 cost $100+?...
[12:01:16] [INFO] EXECUTE: WHALE | $50 | Negative GDP growth in 2025?...
[12:01:16] [INFO] EXECUTE: WHALE | $50 | Will the U.S. collect between $100b and ...
[12:01:16] [INFO] EXECUTE: WHALE | $50 | Will the U.S. collect between $200b and ...
[12:01:16] [INFO] EXECUTE: WHALE | $50 | Will the U.S. collect between $500b and ...
[12:01:16] [INFO] EXECUTE: WHALE | $50 | Will the U.S. collect between $1t and $2...
[12:01:16] [INFO] EXECUTE: WHALE | $50 | Will the U.S. collect more than $2t in r...
[12:01:16] [INFO] EXECUTE: WHALE | $50 | Will tariffs generate >$250b in 2025?...
[12:01:16] [INFO] EXECUTE: WHALE | $50 | GTA VI released before June 2026?...
[12:01:16] [INFO] EXECUTE: WHALE | $50 | Will Carson Schwesinger be the 2025-2026...
[12:01:16] [INFO] EXECUTE: WHALE | $50 | Will Tetairoa McMillan be the 2025-2026 ...
[12:01:16] [INFO] EXECUTE: WHALE | $50 | Will Tyler Shough be the 2025-2026 NFL O...
[12:01:16] [INFO] EXECUTE: WHALE | $50 | Will Jaxson Dart be the 2025-2026 NFL Of...
[12:01:16] [INFO] EXECUTE: WHALE | $50 | Will Emeka Egbuka be the 2025-2026 NFL O...
[12:01:16] [INFO] EXECUTE: WHALE | $50 | Will TreVeyon Henderson be the 2025-2026...
| EV $1172.22 | Will Trump deport less than 250,000?...
[2026-02-03T11:59:45.053653] [INFO] DECISION: Execute WHALE | EV $178.22 | Will Trump deport 250,000-500,000 people...
[2026-02-03T11:59:45.053696] [INFO] DECISION: Execute WHALE | EV $386.51 | Will Trump deport 500,000-750,000- peopl...
[2026-02-03T11:59:45.053735] [INFO] DECISION: Execute WHALE | EV $2844.74 | Will Trump deport 750,000-1,000,000 peop...
[2026-02-03T11:59:45.053773] [INFO] DECISION: Execute WHALE | EV $4180.77 | Will Trump deport 1,000,000-1,250,000 pe...
[2026-02-03T11:59:45.053809] [INFO] DECISION: Execute WHALE | EV $10950.00 | Will Trump deport 1,250,000-1,500,000 pe...
[2026-02-03T11:59:45.053846] [INFO] DECISION: Execute WHALE | EV $6825.00 | Will Trump deport 1,500,000-1,750,000 pe...
[2026-02-03T11:59:45.053880] [INFO] DECISION: Execute WHALE | EV $7807.14 | Will Trump deport 1,750,000-2,000,000 pe...
[2026-02-03T11:59:45.053914] [INFO] DECISION: Execute WHALE | EV $6825.00 | Will Trump deport 2,000,000 or more peop...
[2026-02-03T11:59:45.053949] [INFO] DECISION: Execute WHALE | EV $273.53 | Will Trump deport 750,000 or more people...
[2026-02-03T11:59:45.053982] [INFO] DECISION: Execute WHALE | EV $541.40 | Will Elon and DOGE cut less than $50b in...
[2026-02-03T11:59:45.054015] [INFO] DECISION: Execute WHALE | EV $4533.33 | Will Elon and DOGE cut between $50-100b ...
[2026-02-03T11:59:45.054048] [INFO] DECISION: Execute WHALE | EV $4950.00 | Will Elon and DOGE cut between $100-150b...
[2026-02-03T11:59:45.054080] [INFO] DECISION: Execute WHALE | EV $758.82 | Will Elon and DOGE cut between $150-200b...
[2026-02-03T11:59:45.054112] [INFO] DECISION: Execute WHALE | EV $4950.00 | Will Elon and DOGE cut between $200-250b...
[2026-02-03T11:59:45.054144] [INFO] DECISION: Execute WHALE | EV $4180.77 | Will Elon and DOGE cut more than $250b i...
[2026-02-03T11:59:45.054176] [INFO] DECISION: Execute WHALE | EV $575.00 | Will Elon cut the budget by at least 10%...
[2026-02-03T11:59:45.054210] [INFO] DECISION: Execute WHALE | EV $646.20 | Will Elon cut the budget by at least 5% ...
[2026-02-03T11:59:45.054243] [INFO] DECISION: Execute WHALE | EV $3185.29 | Will GTA 6 cost $100+?...
[2026-02-03T11:59:45.054275] [INFO] DECISION: Execute WHALE | EV $4950.00 | Negative GDP growth in 2025?...
[2026-02-03T11:59:45.054307] [INFO] DECISION: Execute WHALE | EV $554.40 | Will the U.S. collect between $100b and ...
[2026-02-03T11:59:45.054339] [INFO] DECISION: Execute WHALE | EV $111.76 | Will the U.S. collect between $200b and ...
[2026-02-03T11:59:45.054371] [INFO] DECISION: Execute WHALE | EV $6825.00 | Will the U.S. collect between $500b and ...
[2026-02-03T11:59:45.054403] [INFO] DECISION: Execute WHALE | EV $27450.00 | Will the U.S. collect between $1t and $2...
[2026-02-03T11:59:45.054435] [INFO] DECISION: Execute WHALE | EV $18283.33 | Will the U.S. collect more than $2t in r...
[2026-02-03T11:59:45.054467] [INFO] DECISION: Execute WHALE | EV $1436.49 | Will tariffs generate >$250b in 2025?...
[2026-02-03T11:59:45.054503] [INFO] DECISION: Execute WHALE | EV $489.22 | GTA VI released before June 2026?...
[2026-02-03T11:59:45.054535] [INFO] DECISION: Execute WHALE | EV $373.08 | Will Carson Schwesinger be the 2025-2026...
[2026-02-03T11:59:45.054567] [INFO] DECISION: Execute WHALE | EV $528.95 | Will Tetairoa McMillan be the 2025-2026 ...
[2026-02-03T11:59:45.054598] [INFO] DECISION: Execute WHALE | EV $13700.00 | Will Tyler Shough be the 2025-2026 NFL O...
[2026-02-03T11:59:45.054630] [INFO] DECISION: Execute WHALE | EV $582.18 | Will Jaxson Dart be the 2025-2026 NFL Of...
[2026-02-03T11:59:45.054662] [INFO] DECISION: Execute WHALE | EV $10950.00 | Will Emeka Egbuka be the 2025-2026 NFL O...
[2026-02-03T11:59:45.054693] [INFO] DECISION: Execute WHALE | EV $10950.00 | Will TreVeyon Henderson be the 2025-2026...
[2026-02-03T11:59:45.054728] [INFO] EXECUTE: WHALE | $50 | Will Trump deport less than 250,000?...
[2026-02-03T11:59:45.054755] [INFO] EXECUTE: WHALE | $50 | Will Trump deport 250,000-500,000 people...
[2026-02-03T11:59:45.054790] [INFO] EXECUTE: WHALE | $50 | Will Trump deport 500,000-750,000- peopl...
[2026-02-03T11:59:45.054816] [INFO] EXECUTE: WHALE | $50 | Will Trump deport 750,000-1,000,000 peop...
[2026-02-03T11:59:45.054842] [INFO] EXECUTE: WHALE | $50 | Will Trump deport 1,000,000-1,250,000 pe...
[2026-02-03T11:59:45.054867] [INFO] EXECUTE: WHALE | $50 | Will Trump deport 1,250,000-1,500,000 pe...
[2026-02-03T11:59:45.054893] [INFO] EXECUTE: WHALE | $50 | Will Trump deport 1,500,000-1,750,000 pe...
[2026-02-03T11:59:45.054918] [INFO] EXECUTE: WHALE | $50 | Will Trump deport 1,750,000-2,000,000 pe...
[2026-02-03T11:59:45.054944] [INFO] EXECUTE: WHALE | $50 | Will Trump deport 2,000,000 or more peop...
[2026-02-03T11:59:45.054969] [INFO] EXECUTE: WHALE | $50 | Will Trump deport 750,000 or more people...
[2026-02-03T11:59:45.054995] [INFO] EXECUTE: WHALE | $50 | Will Elon and DOGE cut less than $50b in...
[2026-02-03T11:59:45.055020] [INFO] EXECUTE: WHALE | $50 | Will Elon and DOGE cut between $50-100b ...
[2026-02-03T11:59:45.055045] [INFO] EXECUTE: WHALE | $50 | Will Elon and DOGE cut between $100-150b...
[2026-02-03T11:59:45.055070] [INFO] EXECUTE: WHALE | $50 | Will Elon and DOGE cut between $150-200b...
[2026-02-03T11:59:45.055095] [INFO] EXECUTE: WHALE | $50 | Will Elon and DOGE cut between $200-250b...
[2026-02-03T11:59:45.055120] [INFO] EXECUTE: WHALE | $50 | Will Elon and DOGE cut more than $250b i...
[2026-02-03T11:59:45.055145] [INFO] EXECUTE: WHALE | $50 | Will Elon cut the budget by at least 10%...
[2026-02-03T11:59:45.055171] [INFO] EXECUTE: WHALE | $50 | Will Elon cut the budget by at least 5% ...
[2026-02-03T11:59:45.055196] [INFO] EXECUTE: WHALE | $50 | Will GTA 6 cost $100+?...
[2026-02-03T11:59:45.055221] [INFO] EXECUTE: WHALE | $50 | Negative GDP growth in 2025?...
[2026-02-03T11:59:45.055246] [INFO] EXECUTE: WHALE | $50 | Will the U.S. collect between $100b and ...
[2026-02-03T11:59:45.055272] [INFO] EXECUTE: WHALE | $50 | Will the U.S. collect between $200b and ...
[2026-02-03T11:59:45.055297] [INFO] EXECUTE: WHALE | $50 | Will the U.S. collect between $500b and ...
[2026-02-03T11:59:45.055322] [INFO] EXECUTE: WHALE | $50 | Will the U.S. collect between $1t and $2...
[2026-02-03T11:59:45.055347] [INFO] EXECUTE: WHALE | $50 | Will the U.S. collect more than $2t in r...
[2026-02-03T11:59:45.055372] [INFO] EXECUTE: WHALE | $50 | Will tariffs generate >$250b in 2025?...
[2026-02-03T11:59:45.055397] [INFO] EXECUTE: WHALE | $50 | GTA VI released before June 2026?...
[2026-02-03T11:59:45.055422] [INFO] EXECUTE: WHALE | $50 | Will Carson Schwesinger be the 2025-2026...
[2026-02-03T11:59:45.055449] [INFO] EXECUTE: WHALE | $50 | Will Tetairoa McMillan be the 2025-2026 ...
[2026-02-03T11:59:45.055474] [INFO] EXECUTE: WHALE | $50 | Will Tyler Shough be the 2025-2026 NFL O...
[2026-02-03T11:59:45.055499] [INFO] EXECUTE: WHALE | $50 | Will Jaxson Dart be the 2025-2026 NFL Of...
[2026-02-03T11:59:45.055524] [INFO] EXECUTE: WHALE | $50 | Will Emeka Egbuka be the 2025-2026 NFL O...
[2026-02-03T11:59:45.055549] [INFO] EXECUTE: WHALE | $50 | Will TreVeyon Henderson be the 2025-2026...
[2026-02-03T11:59:47.047924] [INFO] Cycle 9: Found 38 opportunities
[2026-02-03T11:59:47.048027] [INFO] DECISION: Execute WHALE | EV $1172.22 | Will Trump deport less than 250,000?...
[2026-02-03T11:59:47.048079] [INFO] DECISION: Execute WHALE | EV $178.22 | Will Trump deport 250,000-500,000 people...
[2026-02-03T11:59:47.048122] [INFO] DECISION: Execute WHALE | EV $386.51 | Will Trump deport 500,000-750,000- peopl...
[2026-02-03T11:59:47.048161] [INFO] DECISION: Execute WHALE | EV $2844.74 | Will Trump deport 750,000-1,000,000 peop...
[2026-02-03T11:59:47.048199] [INFO] DECISION: Execute WHALE | EV $4180.77 | Will Trump deport 1,000,000-1,250,000 pe...
[2026-02-03T11:59:47.048235] [INFO] DECISION: Execute WHALE | EV $10950.00 | Will Trump deport 1,250,000-1,500,000 pe...
[2026-02-03T11:59:47.048270] [INFO] DECISION: Execute WHALE | EV $6825.00 | Will Trump deport 1,500,000-1,750,000 pe...
[2026-02-03T11:59:47.048305] [INFO] DECISION: Execute WHALE | EV $7807.14 | Will Trump deport 1,750,000-2,000,000 pe...
[2026-02-03T11:59:47.048340] [INFO] DECISION: Execute WHALE | EV $6825.00 | Will Trump deport 2,000,000 or more peop...
[2026-02-03T11:59:47.048374] [INFO] DECISION: Execute WHALE | EV $273.53 | Will Trump deport 750,000 or more people...
[2026-02-03T11:59:47.048408] [INFO] DECISION: Execute WHALE | EV $541.40 | Will Elon and DOGE cut less than $50b in...
[2026-02-03T11:59:47.048441] [INFO] DECISION: Execute WHALE | EV $4533.33 | Will Elon and DOGE cut between $50-100b ...
[2026-02-03T11:59:47.048474] [INFO] DECISION: Execute WHALE | EV $4950.00 | Will Elon and DOGE cut between $100-150b...
[2026-02-03T11:59:47.048507] [INFO] DECISION: Execute WHALE | EV $758.82 | Will Elon and DOGE cut between $150-200b...
[2026-02-03T11:59:47.048539] [INFO] DECISION: Execute WHALE | EV $4950.00 | Will Elon and DOGE cut between $200-250b...
[2026-02-03T11:59:47.048571] [INFO] DECISION: Execute WHALE | EV $4180.77 | Will Elon and DOGE cut more than $250b i...
[2026-02-03T11:59:47.048604] [INFO] DECISION: Execute WHALE | EV $575.00 | Will Elon cut the budget by at least 10%...
[2026-02-03T11:59:47.048637] [INFO] DECISION: Execute WHALE | EV $646.20 | Will Elon cut the budget by at least 5% ...
[2026-02-03T11:59:47.048670] [INFO] DECISION: Execute WHALE | EV $3185.29 | Will GTA 6 cost $100+?...
[2026-02-03T11:59:47.048702] [INFO] DECISION: Execute WHALE | EV $4950.00 | Negative GDP growth in 2025?...
[2026-02-03T11:59:47.048735] [INFO] DECISION: Execute WHALE | EV $554.40 | Will the U.S. collect between $100b and ...
[2026-02-03T11:59:47.048767] [INFO] DECISION: Execute WHALE | EV $111.76 | Will the U.S. collect between $200b and ...
[2026-02-03T11:59:47.048799] [INFO] DECISION: Execute WHALE | EV $6825.00 | Will the U.S. collect between $500b and ...
[2026-02-03T11:59:47.048831] [INFO] DECISION: Execute WHALE | EV $27450.00 | Will the U.S. collect between $1t and $2...
[2026-02-03T11:59:47.048864] [INFO] DECISION: Execute WHALE | EV $18283.33 | Will the U.S. collect more than $2t in r...
[2026-02-03T11:59:47.048897] [INFO] DECISION: Execute WHALE | EV $1436.49 | Will tariffs generate >$250b in 2025?...
[2026-02-03T11:59:47.048929] [INFO] DECISION: Execute WHALE | EV $489.22 | GTA VI released before June 2026?...
[2026-02-03T11:59:47.048962] [INFO] DECISION: Execute WHALE | EV $373.08 | Will Carson Schwesinger be the 2025-2026...
[2026-02-03T11:59:47.048994] [INFO] DECISION: Execute WHALE | EV $528.95 | Will Tetairoa McMillan be the 2025-2026 ...
[2026-02-03T11:59:47.049026] [INFO] DECISION: Execute WHALE | EV $13700.00 | Will Tyler Shough be the 2025-2026 NFL O...
[2026-02-03T11:59:47.049058] [INFO] DECISION: Execute WHALE | EV $582.18 | Will Jaxson Dart be the 2025-2026 NFL Of...
[2026-02-03T11:59:47.049091] [INFO] DECISION: Execute WHALE | EV $10950.00 | Will Emeka Egbuka be the 2025-2026 NFL O...
[2026-02-03T11:59:47.049123] [INFO] DECISION: Execute WHALE | EV $10950.00 | Will TreVeyon Henderson be the 2025-2026...
[2026-02-03T11:59:47.049158] [INFO] EXECUTE: WHALE | $50 | Will Trump deport less than 250,000?...
[2026-02-03T11:59:47.049186] [INFO] EXECUTE: WHALE | $50 | Will Trump deport 250,000-500,000 people...
[2026-02-03T11:59:47.049213] [INFO] EXECUTE: WHALE | $50 | Will Trump deport 500,000-750,000- peopl...
[2026-02-03T11:59:47.049239] [INFO] EXECUTE: WHALE | $50 | Will Trump deport 750,000-1,000,000 peop...
[2026-02-03T11:59:47.049266] [INFO] EXECUTE: WHALE | $50 | Will Trump deport 1,000,000-1,250,000 pe...
[2026-02-03T11:59:47.049292] [INFO] EXECUTE: WHALE | $50 | Will Trump deport 1,250,000-1,500,000 pe...
[2026-02-03T11:59:47.049318] [INFO] EXECUTE: WHALE | $50 | Will Trump deport 1,500,000-1,750,000 pe...
[2026-02-03T11:59:47.049344] [INFO] EXECUTE: WHALE | $50 | Will Trump deport 1,750,000-2,000,000 pe...
[2026-02-03T11:59:47.049370] [INFO] EXECUTE: WHALE | $50 | Will Trump deport 2,000,000 or more peop...
[2026-02-03T11:59:47.049396] [INFO] EXECUTE: WHALE | $50 | Will Trump deport 750,000 or more people...
[2026-02-03T11:59:47.049422] [INFO] EXECUTE: WHALE | $50 | Will Elon and DOGE cut less than $50b in...
[2026-02-03T11:59:47.049448] [INFO] EXECUTE: WHALE | $50 | Will Elon and DOGE cut between $50-100b ...
[2026-02-03T11:59:47.049474] [INFO] EXECUTE: WHALE | $50 | Will Elon and DOGE cut between $100-150b...
[2026-02-03T11:59:47.049500] [INFO] EXECUTE: WHALE | $50 | Will Elon and DOGE cut between $150-200b...
[2026-02-03T11:59:47.049526] [INFO] EXECUTE: WHALE | $50 | Will Elon and DOGE cut between $200-250b...
[2026-02-03T11:59:47.049551] [INFO] EXECUTE: WHALE | $50 | Will Elon and DOGE cut more than $250b i...
[2026-02-03T11:59:47.049577] [INFO] EXECUTE: WHALE | $50 | Will Elon cut the budget by at least 10%...
[2026-02-03T11:59:47.049604] [INFO] EXECUTE: WHALE | $50 | Will Elon cut the budget by at least 5% ...
[2026-02-03T11:59:47.049630] [INFO] EXECUTE: WHALE | $50 | Will GTA 6 cost $100+?...
[2026-02-03T11:59:47.049655] [INFO] EXECUTE: WHALE | $50 | Negative GDP growth in 2025?...
[2026-02-03T11:59:47.049682] [INFO] EXECUTE: WHALE | $50 | Will the U.S. collect between $100b and ...
[2026-02-03T11:59:47.049707] [INFO] EXECUTE: WHALE | $50 | Will the U.S. collect between $200b and ...
[2026-02-03T11:59:47.049733] [INFO] EXECUTE: WHALE | $50 | Will the U.S. collect between $500b and ...
[2026-02-03T11:59:47.049758] [INFO] EXECUTE: WHALE | $50 | Will the U.S. collect between $1t and $2...
[2026-02-03T11:59:47.049785] [INFO] EXECUTE: WHALE | $50 | Will the U.S. collect more than $2t in r...
[2026-02-03T11:59:47.049835] [INFO] EXECUTE: WHALE | $50 | Will tariffs generate >$250b in 2025?...
[2026-02-03T11:59:47.049913] [INFO] EXECUTE: WHALE | $50 | GTA VI released before June 2026?...
[2026-02-03T11:59:47.049957] [INFO] EXECUTE: WHALE | $50 | Will Carson Schwesinger be the 2025-2026...
[2026-02-03T11:59:47.049992] [INFO] EXECUTE: WHALE | $50 | Will Tetairoa McMillan be the 2025-2026 ...
[2026-02-03T11:59:47.050023] [INFO] EXECUTE: WHALE | $50 | Will Tyler Shough be the 2025-2026 NFL O...
[2026-02-03T11:59:47.050053] [INFO] EXECUTE: WHALE | $50 | Will Jaxson Dart be the 2025-2026 NFL Of...
[2026-02-03T11:59:47.050082] [INFO] EXECUTE: WHALE | $50 | Will Emeka Egbuka be the 2025-2026 NFL O...
[2026-02-03T11:59:47.050110] [INFO] EXECUTE: WHALE | $50 | Will TreVeyon Henderson be the 2025-2026...
[2026-02-03T11:59:55.230773] [INFO] Cycle 10: Found 38 opportunities
[2026-02-03T11:59:55.230872] [INFO] DECISION: Execute WHALE | EV $1172.22 | Will Trump deport less than 250,000?...
[2026-02-03T11:59:55.230923] [INFO] DECISION: Execute WHALE | EV $178.22 | Will Trump deport 250,000-500,000 people...
[2026-02-03T11:59:55.230965] [INFO] DECISION: Execute WHALE | EV $386.51 | Will Trump deport 500,000-750,000- peopl...
[2026-02-03T11:59:55.231003] [INFO] DECISION: Execute WHALE | EV $2844.74 | Will Trump deport 750,000-1,000,000 peop...
[2026-02-03T11:59:55.231039] [INFO] DECISION: Execute WHALE | EV $4180.77 | Will Trump deport 1,000,000-1,250,000 pe...
[2026-02-03T11:59:55.231075] [INFO] DECISION: Execute WHALE | EV $10950.00 | Will Trump deport 1,250,000-1,500,000 pe...
[2026-02-03T11:59:55.231110] [INFO] DECISION: Execute WHALE | EV $6825.00 | Will Trump deport 1,500,000-1,750,000 pe...
[2026-02-03T11:59:55.231144] [INFO] DECISION: Execute WHALE | EV $7807.14 | Will Trump deport 1,750,000-2,000,000 pe...
[2026-02-03T11:59:55.231177] [INFO] DECISION: Execute WHALE | EV $6825.00 | Will Trump deport 2,000,000 or more peop...
[2026-02-03T11:59:55.231211] [INFO] DECISION: Execute WHALE | EV $273.53 | Will Trump deport 750,000 or more people...
[2026-02-03T11:59:55.231245] [INFO] DECISION: Execute WHALE | EV $541.40 | Will Elon and DOGE cut less than $50b in...
[2026-02-03T11:59:55.231277] [INFO] DECISION: Execute WHALE | EV $4533.33 | Will Elon and DOGE cut between $50-100b ...
[2026-02-03T11:59:55.231310] [INFO] DECISION: Execute WHALE | EV $4950.00 | Will Elon and DOGE cut between $100-150b...
[2026-02-03T11:59:55.231341] [INFO] DECISION: Execute WHALE | EV $758.82 | Will Elon and DOGE cut between $150-200b...
[2026-02-03T11:59:55.231373] [INFO] DECISION: Execute WHALE | EV $4950.00 | Will Elon and DOGE cut between $200-250b...
[2026-02-03T11:59:55.231405] [INFO] DECISION: Execute WHALE | EV $4180.77 | Will Elon and DOGE cut more than $250b i...
[2026-02-03T11:59:55.231437] [INFO] DECISION: Execute WHALE | EV $575.00 | Will Elon cut the budget by at least 10%...
[2026-02-03T11:59:55.231469] [INFO] DECISION: Execute WHALE | EV $646.20 | Will Elon cut the budget by at least 5% ...
[2026-02-03T11:59:55.231501] [INFO] DECISION: Execute WHALE | EV $3185.29 | Will GTA 6 cost $100+?...
[2026-02-03T11:59:55.231533] [INFO] DECISION: Execute WHALE | EV $4950.00 | Negative GDP growth in 2025?...
[2026-02-03T11:59:55.231565] [INFO] DECISION: Execute WHALE | EV $554.40 | Will the U.S. collect between $100b and ...
[2026-02-03T11:59:55.231597] [INFO] DECISION: Execute WHALE | EV $111.76 | Will the U.S. collect between $200b and ...
[2026-02-03T11:59:55.231628] [INFO] DECISION: Execute WHALE | EV $6825.00 | Will the U.S. collect between $500b and ...
[2026-02-03T11:59:55.231659] [INFO] DECISION: Execute WHALE | EV $27450.00 | Will the U.S. collect between $1t and $2...
[2026-02-03T11:59:55.231691] [INFO] DECISION: Execute WHALE | EV $18283.33 | Will the U.S. collect more than $2t in r...
[2026-02-03T11:59:55.231723] [INFO] DECISION: Execute WHALE | EV $1436.49 | Will tariffs generate >$250b in 2025?...
[2026-02-03T11:59:55.231754] [INFO] DECISION: Execute WHALE | EV $489.22 | GTA VI released before June 2026?...
[2026-02-03T11:59:55.231785] [INFO] DECISION: Execute WHALE | EV $373.08 | Will Carson Schwesinger be the 2025-2026...
[2026-02-03T11:59:55.231817] [INFO] DECISION: Execute WHALE | EV $528.95 | Will Tetairoa McMillan be the 2025-2026 ...
[2026-02-03T11:59:55.231849] [INFO] DECISION: Execute WHALE | EV $13700.00 | Will Tyler Shough be the 2025-2026 NFL O...
[2026-02-03T11:59:55.231881] [INFO] DECISION: Execute WHALE | EV $582.18 | Will Jaxson Dart be the 2025-2026 NFL Of...
[2026-02-03T11:59:55.231912] [INFO] DECISION: Execute WHALE | EV $10950.00 | Will Emeka Egbuka be the 2025-2026 NFL O...
[2026-02-03T11:59:55.231944] [INFO] DECISION: Execute WHALE | EV $10950.00 | Will TreVeyon Henderson be the 2025-2026...
[2026-02-03T11:59:55.231977] [INFO] EXECUTE: WHALE | $50 | Will Trump deport less than 250,000?...
[2026-02-03T11:59:55.232006] [INFO] EXECUTE: WHALE | $50 | Will Trump deport 250,000-500,000 people...
[2026-02-03T11:59:55.232032] [INFO] EXECUTE: WHALE | $50 | Will Trump deport 500,000-750,000- peopl...
[2026-02-03T11:59:55.232058] [INFO] EXECUTE: WHALE | $50 | Will Trump deport 750,000-1,000,000 peop...
[2026-02-03T11:59:55.232084] [INFO] EXECUTE: WHALE | $50 | Will Trump deport 1,000,000-1,250,000 pe...
[2026-02-03T11:59:55.232110] [INFO] EXECUTE: WHALE | $50 | Will Trump deport 1,250,000-1,500,000 pe...
[2026-02-03T11:59:55.232136] [INFO] EXECUTE: WHALE | $50 | Will Trump deport 1,500,000-1,750,000 pe...
[2026-02-03T11:59:55.232162] [INFO] EXECUTE: WHALE | $50 | Will Trump deport 1,750,000-2,000,000 pe...
[2026-02-03T11:59:55.232187] [INFO] EXECUTE: WHALE | $50 | Will Trump deport 2,000,000 or more peop...
[2026-02-03T11:59:55.232212] [INFO] EXECUTE: WHALE | $50 | Will Trump deport 750,000 or more people...
[2026-02-03T11:59:55.232238] [INFO] EXECUTE: WHALE | $50 | Will Elon and DOGE cut less than $50b in...
[2026-02-03T11:59:55.232262] [INFO] EXECUTE: WHALE | $50 | Will Elon and DOGE cut between $50-100b ...
[2026-02-03T11:59:55.232288] [INFO] EXECUTE: WHALE | $50 | Will Elon and DOGE cut between $100-150b...
[2026-02-03T11:59:55.232313] [INFO] EXECUTE: WHALE | $50 | Will Elon and DOGE cut between $150-200b...
[2026-02-03T11:59:55.232338] [INFO] EXECUTE: WHALE | $50 | Will Elon and DOGE cut between $200-250b...
[2026-02-03T11:59:55.232363] [INFO] EXECUTE: WHALE | $50 | Will Elon and DOGE cut more than $250b i...
[2026-02-03T11:59:55.232389] [INFO] EXECUTE: WHALE | $50 | Will Elon cut the budget by at least 10%...
[2026-02-03T11:59:55.232414] [INFO] EXECUTE: WHALE | $50 | Will Elon cut the budget by at least 5% ...
[2026-02-03T11:59:55.232440] [INFO] EXECUTE: WHALE | $50 | Will GTA 6 cost $100+?...
[2026-02-03T11:59:55.232468] [INFO] EXECUTE: WHALE | $50 | Negative GDP growth in 2025?...
[2026-02-03T11:59:55.232493] [INFO] EXECUTE: WHALE | $50 | Will the U.S. collect between $100b and ...
[2026-02-03T11:59:55.232518] [INFO] EXECUTE: WHALE | $50 | Will the U.S. collect between $200b and ...
[2026-02-03T11:59:55.232544] [INFO] EXECUTE: WHALE | $50 | Will the U.S. collect between $500b and ...
[2026-02-03T11:59:55.232569] [INFO] EXECUTE: WHALE | $50 | Will the U.S. collect between $1t and $2...
[2026-02-03T11:59:55.232594] [INFO] EXECUTE: WHALE | $50 | Will the U.S. collect more than $2t in r...
[2026-02-03T11:59:55.232619] [INFO] EXECUTE: WHALE | $50 | Will tariffs generate >$250b in 2025?...
[2026-02-03T11:59:55.232644] [INFO] EXECUTE: WHALE | $50 | GTA VI released before June 2026?...
[2026-02-03T11:59:55.232669] [INFO] EXECUTE: WHALE | $50 | Will Carson Schwesinger be the 2025-2026...
[2026-02-03T11:59:55.232695] [INFO] EXECUTE: WHALE | $50 | Will Tetairoa McMillan be the 2025-2026 ...
[2026-02-03T11:59:55.232720] [INFO] EXECUTE: WHALE | $50 | Will Tyler Shough be the 2025-2026 NFL O...
[2026-02-03T11:59:55.232745] [INFO] EXECUTE: WHALE | $50 | Will Jaxson Dart be the 2025-2026 NFL Of...
[2026-02-03T11:59:55.232770] [INFO] EXECUTE: WHALE | $50 | Will Emeka Egbuka be the 2025-2026 NFL O...
[2026-02-03T11:59:55.232795] [INFO] EXECUTE: WHALE | $50 | Will TreVeyon Henderson be the 2025-2026...
[2026-02-03T11:59:56.993852] [INFO] Cycle 10: Found 38 opportunities
[2026-02-03T11:59:56.993950] [INFO] DECISION: Execute WHALE | EV $1172.22 | Will Trump deport less than 250,000?...
[2026-02-03T11:59:56.994002] [INFO] DECISION: Execute WHALE | EV $178.22 | Will Trump deport 250,000-500,000 people...
[2026-02-03T11:59:56.994044] [INFO] DECISION: Execute WHALE | EV $386.51 | Will Trump deport 500,000-750,000- peopl...
[2026-02-03T11:59:56.994087] [INFO] DECISION: Execute WHALE | EV $2844.74 | Will Trump deport 750,000-1,000,000 peop...
[2026-02-03T11:59:56.994125] [INFO] DECISION: Execute WHALE | EV $4180.77 | Will Trump deport 1,000,000-1,250,000 pe...
[2026-02-03T11:59:56.994161] [INFO] DECISION: Execute WHALE | EV $10950.00 | Will Trump deport 1,250,000-1,500,000 pe...
[2026-02-03T11:59:56.994195] [INFO] DECISION: Execute WHALE | EV $6825.00 | Will Trump deport 1,500,000-1,750,000 pe...
[2026-02-03T11:59:56.994228] [INFO] DECISION: Execute WHALE | EV $7807.14 | Will Trump deport 1,750,000-2,000,000 pe...
[2026-02-03T11:59:56.994261] [INFO] DECISION: Execute WHALE | EV $6825.00 | Will Trump deport 2,000,000 or more peop...
[2026-02-03T11:59:56.994294] [INFO] DECISION: Execute WHALE | EV $273.53 | Will Trump deport 750,000 or more people...
[2026-02-03T11:59:56.994328] [INFO] DECISION: Execute WHALE | EV $541.40 | Will Elon and DOGE cut less than $50b in...
[2026-02-03T11:59:56.994361] [INFO] DECISION: Execute WHALE | EV $4533.33 | Will Elon and DOGE cut between $50-100b ...
[2026-02-03T11:59:56.994394] [INFO] DECISION: Execute WHALE | EV $4950.00 | Will Elon and DOGE cut between $100-150b...
[2026-02-03T11:59:56.994426] [INFO] DECISION: Execute WHALE | EV $758.82 | Will Elon and DOGE cut between $150-200b...
[2026-02-03T11:59:56.994458] [INFO] DECISION: Execute WHALE | EV $4950.00 | Will Elon and DOGE cut between $200-250b...
[2026-02-03T11:59:56.994490] [INFO] DECISION: Execute WHALE | EV $4180.77 | Will Elon and DOGE cut more than $250b i...
[2026-02-03T11:59:56.994523] [INFO] DECISION: Execute WHALE | EV $575.00 | Will Elon cut the budget by at least 10%...
[2026-02-03T11:59:56.994555] [INFO] DECISION: Execute WHALE | EV $646.20 | Will Elon cut the budget by at least 5% ...
[2026-02-03T11:59:56.994587] [INFO] DECISION: Execute WHALE | EV $3185.29 | Will GTA 6 cost $100+?...
[2026-02-03T11:59:56.994619] [INFO] DECISION: Execute WHALE | EV $4950.00 | Negative GDP growth in 2025?...
[2026-02-03T11:59:56.994651] [INFO] DECISION: Execute WHALE | EV $554.40 | Will the U.S. collect between $100b and ...
[2026-02-03T11:59:56.994683] [INFO] DECISION: Execute WHALE | EV $111.76 | Will the U.S. collect between $200b and ...
[2026-02-03T11:59:56.994724] [INFO] DECISION: Execute WHALE | EV $6825.00 | Will the U.S. collect between $500b and ...
[2026-02-03T11:59:56.994755] [INFO] DECISION: Execute WHALE | EV $27450.00 | Will the U.S. collect between $1t and $2...
[2026-02-03T11:59:56.994786] [INFO] DECISION: Execute WHALE | EV $18283.33 | Will the U.S. collect more than $2t in r...
[2026-02-03T11:59:56.994816] [INFO] DECISION: Execute WHALE | EV $1436.49 | Will tariffs generate >$250b in 2025?...
[2026-02-03T11:59:56.994847] [INFO] DECISION: Execute WHALE | EV $489.22 | GTA VI released before June 2026?...
[2026-02-03T11:59:56.994878] [INFO] DECISION: Execute WHALE | EV $373.08 | Will Carson Schwesinger be the 2025-2026...
[2026-02-03T11:59:56.994913] [INFO] DECISION: Execute WHALE | EV $528.95 | Will Tetairoa McMillan be the 2025-2026 ...
[2026-02-03T11:59:56.994947] [INFO] DECISION: Execute WHALE | EV $13700.00 | Will Tyler Shough be the 2025-2026 NFL O...
[2026-02-03T11:59:56.994978] [INFO] DECISION: Execute WHALE | EV $582.18 | Will Jaxson Dart be the 2025-2026 NFL Of...
[2026-02-03T11:59:56.995009] [INFO] DECISION: Execute WHALE | EV $10950.00 | Will Emeka Egbuka be the 2025-2026 NFL O...
[2026-02-03T11:59:56.995039] [INFO] DECISION: Execute WHALE | EV $10950.00 | Will TreVeyon Henderson be the 2025-2026...
[2026-02-03T11:59:56.995073] [INFO] EXECUTE: WHALE | $50 | Will Trump deport less than 250,000?...
[2026-02-03T11:59:56.995099] [INFO] EXECUTE: WHALE | $50 | Will Trump deport 250,000-500,000 people...
[2026-02-03T11:59:56.995124] [INFO] EXECUTE: WHALE | $50 | Will Trump deport 500,000-750,000- peopl...
[2026-02-03T11:59:56.995150] [INFO] EXECUTE: WHALE | $50 | Will Trump deport 750,000-1,000,000 peop...
[2026-02-03T11:59:56.995175] [INFO] EXECUTE: WHALE | $50 | Will Trump deport 1,000,000-1,250,000 pe...
[2026-02-03T11:59:56.995200] [INFO] EXECUTE: WHALE | $50 | Will Trump deport 1,250,000-1,500,000 pe...
[2026-02-03T11:59:56.995224] [INFO] EXECUTE: WHALE | $50 | Will Trump deport 1,500,000-1,750,000 pe...
[2026-02-03T11:59:56.995249] [INFO] EXECUTE: WHALE | $50 | Will Trump deport 1,750,000-2,000,000 pe...
[2026-02-03T11:59:56.995273] [INFO] EXECUTE: WHALE | $50 | Will Trump deport 2,000,000 or more peop...
[2026-02-03T11:59:56.995298] [INFO] EXECUTE: WHALE | $50 | Will Trump deport 750,000 or more people...
[2026-02-03T11:59:56.995323] [INFO] EXECUTE: WHALE | $50 | Will Elon and DOGE cut less than $50b in...
[2026-02-03T11:59:56.995347] [INFO] EXECUTE: WHALE | $50 | Will Elon and DOGE cut between $50-100b ...
[2026-02-03T11:59:56.995372] [INFO] EXECUTE: WHALE | $50 | Will Elon and DOGE cut between $100-150b...
[2026-02-03T11:59:56.995397] [INFO] EXECUTE: WHALE | $50 | Will Elon and DOGE cut between $150-200b...
[2026-02-03T11:59:56.995421] [INFO] EXECUTE: WHALE | $50 | Will Elon and DOGE cut between $200-250b...
[2026-02-03T11:59:56.995446] [INFO] EXECUTE: WHALE | $50 | Will Elon and DOGE cut more than $250b i...
[2026-02-03T11:59:56.995471] [INFO] EXECUTE: WHALE | $50 | Will Elon cut the budget by at least 10%...
[2026-02-03T11:59:56.995495] [INFO] EXECUTE: WHALE | $50 | Will Elon cut the budget by at least 5% ...
[2026-02-03T11:59:56.995520] [INFO] EXECUTE: WHALE | $50 | Will GTA 6 cost $100+?...
[2026-02-03T11:59:56.995545] [INFO] EXECUTE: WHALE | $50 | Negative GDP growth in 2025?...
[2026-02-03T11:59:56.995569] [INFO] EXECUTE: WHALE | $50 | Will the U.S. collect between $100b and ...
[2026-02-03T11:59:56.995594] [INFO] EXECUTE: WHALE | $50 | Will the U.S. collect between $200b and ...
[2026-02-03T11:59:56.995618] [INFO] EXECUTE: WHALE | $50 | Will the U.S. collect between $500b and ...
[2026-02-03T11:59:56.995643] [INFO] EXECUTE: WHALE | $50 | Will the U.S. collect between $1t and $2...
[2026-02-03T11:59:56.995668] [INFO] EXECUTE: WHALE | $50 | Will the U.S. collect more than $2t in r...
[2026-02-03T11:59:56.995693] [INFO] EXECUTE: WHALE | $50 | Will tariffs generate >$250b in 2025?...
[2026-02-03T11:59:56.995718] [INFO] EXECUTE: WHALE | $50 | GTA VI released before June 2026?...
[2026-02-03T11:59:56.995742] [INFO] EXECUTE: WHALE | $50 | Will Carson Schwesinger be the 2025-2026...
[2026-02-03T11:59:56.995767] [INFO] EXECUTE: WHALE | $50 | Will Tetairoa McMillan be the 2025-2026 ...
[2026-02-03T11:59:56.995791] [INFO] EXECUTE: WHALE | $50 | Will Tyler Shough be the 2025-2026 NFL O...
[2026-02-03T11:59:56.995815] [INFO] EXECUTE: WHALE | $50 | Will Jaxson Dart be the 2025-2026 NFL Of...
[2026-02-03T11:59:56.995840] [INFO] EXECUTE: WHALE | $50 | Will Emeka Egbuka be the 2025-2026 NFL O...
[2026-02-03T11:59:56.995864] [INFO] EXECUTE: WHALE | $50 | Will TreVeyon Henderson be the 2025-2026...
[2026-02-03T12:00:05.105929] [INFO] Cycle 11: Found 38 opportunities
[2026-02-03T12:00:05.106032] [INFO] DECISION: Execute WHALE | EV $1172.22 | Will Trump deport less than 250,000?...
[2026-02-03T12:00:05.106086] [INFO] DECISION: Execute WHALE | EV $178.22 | Will Trump deport 250,000-500,000 people...
[2026-02-03T12:00:05.106128] [INFO] DECISION: Execute WHALE | EV $386.51 | Will Trump deport 500,000-750,000- peopl...
[2026-02-03T12:00:05.106168] [INFO] DECISION: Execute WHALE | EV $2844.74 | Will Trump deport 750,000-1,000,000 peop...
[2026-02-03T12:00:05.106204] [INFO] DECISION: Execute WHALE | EV $4180.77 | Will Trump deport 1,000,000-1,250,000 pe...
[2026-02-03T12:00:05.106240] [INFO] DECISION: Execute WHALE | EV $10950.00 | Will Trump deport 1,250,000-1,500,000 pe...
[2026-02-03T12:00:05.106274] [INFO] DECISION: Execute WHALE | EV $6825.00 | Will Trump deport 1,500,000-1,750,000 pe...
[2026-02-03T12:00:05.106308] [INFO] DECISION: Execute WHALE | EV $7807.14 | Will Trump deport 1,750,000-2,000,000 pe...
[2026-02-03T12:00:05.106341] [INFO] DECISION: Execute WHALE | EV $6825.00 | Will Trump deport 2,000,000 or more peop...
[2026-02-03T12:00:05.106373] [INFO] DECISION: Execute WHALE | EV $273.53 | Will Trump deport 750,000 or more people...
[2026-02-03T12:00:05.106406] [INFO] DECISION: Execute WHALE | EV $541.40 | Will Elon and DOGE cut less than $50b in...
[2026-02-03T12:00:05.106438] [INFO] DECISION: Execute WHALE | EV $4533.33 | Will Elon and DOGE cut between $50-100b ...
[2026-02-03T12:00:05.106470] [INFO] DECISION: Execute WHALE | EV $4950.00 | Will Elon and DOGE cut between $100-150b...
[2026-02-03T12:00:05.106501] [INFO] DECISION: Execute WHALE | EV $758.82 | Will Elon and DOGE cut between $150-200b...
[2026-02-03T12:00:05.106533] [INFO] DECISION: Execute WHALE | EV $4950.00 | Will Elon and DOGE cut between $200-250b...
[2026-02-03T12:00:05.106565] [INFO] DECISION: Execute WHALE | EV $4180.77 | Will Elon and DOGE cut more than $250b i...
[2026-02-03T12:00:05.106597] [INFO] DECISION: Execute WHALE | EV $575.00 | Will Elon cut the budget by at least 10%...
[2026-02-03T12:00:05.106628] [INFO] DECISION: Execute WHALE | EV $646.20 | Will Elon cut the budget by at least 5% ...
[2026-02-03T12:00:05.106659] [INFO] DECISION: Execute WHALE | EV $3185.29 | Will GTA 6 cost $100+?...
[2026-02-03T12:00:05.106690] [INFO] DECISION: Execute WHALE | EV $4950.00 | Negative GDP growth in 2025?...
[2026-02-03T12:00:05.106721] [INFO] DECISION: Execute WHALE | EV $554.40 | Will the U.S. collect between $100b and ...
[2026-02-03T12:00:05.106752] [INFO] DECISION: Execute WHALE | EV $111.76 | Will the U.S. collect between $200b and ...
[2026-02-03T12:00:05.106783] [INFO] DECISION: Execute WHALE | EV $6825.00 | Will the U.S. collect between $500b and ...
[2026-02-03T12:00:05.106815] [INFO] DECISION: Execute WHALE | EV $27450.00 | Will the U.S. collect between $1t and $2...
[2026-02-03T12:00:05.106846] [INFO] DECISION: Execute WHALE | EV $18283.33 | Will the U.S. collect more than $2t in r...
[2026-02-03T12:00:05.106877] [INFO] DECISION: Execute WHALE | EV $1436.49 | Will tariffs generate >$250b in 2025?...
[2026-02-03T12:00:05.106908] [INFO] DECISION: Execute WHALE | EV $489.22 | GTA VI released before June 2026?...
[2026-02-03T12:00:05.106939] [INFO] DECISION: Execute WHALE | EV $373.08 | Will Carson Schwesinger be the 2025-2026...
[2026-02-03T12:00:05.106970] [INFO] DECISION: Execute WHALE | EV $528.95 | Will Tetairoa McMillan be the 2025-2026 ...
[2026-02-03T12:00:05.107001] [INFO] DECISION: Execute WHALE | EV $13700.00 | Will Tyler Shough be the 2025-2026 NFL O...
[2026-02-03T12:00:05.107032] [INFO] DECISION: Execute WHALE | EV $582.18 | Will Jaxson Dart be the 2025-2026 NFL Of...
[2026-02-03T12:00:05.107063] [INFO] DECISION: Execute WHALE | EV $10950.00 | Will Emeka Egbuka be the 2025-2026 NFL O...
[2026-02-03T12:00:05.107094] [INFO] DECISION: Execute WHALE | EV $10950.00 | Will TreVeyon Henderson be the 2025-2026...
[2026-02-03T12:00:05.107128] [INFO] EXECUTE: WHALE | $50 | Will Trump deport less than 250,000?...
[2026-02-03T12:00:05.107155] [INFO] EXECUTE: WHALE | $50 | Will Trump deport 250,000-500,000 people...
[2026-02-03T12:00:05.107181] [INFO] EXECUTE: WHALE | $50 | Will Trump deport 500,000-750,000- peopl...
[2026-02-03T12:00:05.107207] [INFO] EXECUTE: WHALE | $50 | Will Trump deport 750,000-1,000,000 peop...
[2026-02-03T12:00:05.107232] [INFO] EXECUTE: WHALE | $50 | Will Trump deport 1,000,000-1,250,000 pe...
[2026-02-03T12:00:05.107257] [INFO] EXECUTE: WHALE | $50 | Will Trump deport 1,250,000-1,500,000 pe...
[2026-02-03T12:00:05.107283] [INFO] EXECUTE: WHALE | $50 | Will Trump deport 1,500,000-1,750,000 pe...
[2026-02-03T12:00:05.107308] [INFO] EXECUTE: WHALE | $50 | Will Trump deport 1,750,000-2,000,000 pe...
[2026-02-03T12:00:05.107333] [INFO] EXECUTE: WHALE | $50 | Will Trump deport 2,000,000 or more peop...
[2026-02-03T12:00:05.107358] [INFO] EXECUTE: WHALE | $50 | Will Trump deport 750,000 or more people...
[2026-02-03T12:00:05.107383] [INFO] EXECUTE: WHALE | $50 | Will Elon and DOGE cut less than $50b in...
[2026-02-03T12:00:05.107408] [INFO] EXECUTE: WHALE | $50 | Will Elon and DOGE cut between $50-100b ...
[2026-02-03T12:00:05.107432] [INFO] EXECUTE: WHALE | $50 | Will Elon and DOGE cut between $100-150b...
[2026-02-03T12:00:05.107458] [INFO] EXECUTE: WHALE | $50 | Will Elon and DOGE cut between $150-200b...
[2026-02-03T12:00:05.107482] [INFO] EXECUTE: WHALE | $50 | Will Elon and DOGE cut between $200-250b...
[2026-02-03T12:00:05.107507] [INFO] EXECUTE: WHALE | $50 | Will Elon and DOGE cut more than $250b i...
[2026-02-03T12:00:05.107591] [INFO] EXECUTE: WHALE | $50 | Will Elon cut the budget by at least 10%...
[2026-02-03T12:00:05.107632] [INFO] EXECUTE: WHALE | $50 | Will Elon cut the budget by at least 5% ...
[2026-02-03T12:00:05.107665] [INFO] EXECUTE: WHALE | $50 | Will GTA 6 cost $100+?...
[2026-02-03T12:00:05.107695] [INFO] EXECUTE: WHALE | $50 | Negative GDP growth in 2025?...
[2026-02-03T12:00:05.107725] [INFO] EXECUTE: WHALE | $50 | Will the U.S. collect between $100b and ...
[2026-02-03T12:00:05.107754] [INFO] EXECUTE: WHALE | $50 | Will the U.S. collect between $200b and ...
[2026-02-03T12:00:05.107781] [INFO] EXECUTE: WHALE | $50 | Will the U.S. collect between $500b and ...
[2026-02-03T12:00:05.107808] [INFO] EXECUTE: WHALE | $50 | Will the U.S. collect between $1t and $2...
[2026-02-03T12:00:05.107834] [INFO] EXECUTE: WHALE | $50 | Will the U.S. collect more than $2t in r...
[2026-02-03T12:00:05.107861] [INFO] EXECUTE: WHALE | $50 | Will tariffs generate >$250b in 2025?...
[2026-02-03T12:00:05.107887] [INFO] EXECUTE: WHALE | $50 | GTA VI released before June 2026?...
[2026-02-03T12:00:05.107912] [INFO] EXECUTE: WHALE | $50 | Will Carson Schwesinger be the 2025-2026...
[2026-02-03T12:00:05.107938] [INFO] EXECUTE: WHALE | $50 | Will Tetairoa McMillan be the 2025-2026 ...
[2026-02-03T12:00:05.107964] [INFO] EXECUTE: WHALE | $50 | Will Tyler Shough be the 2025-2026 NFL O...
[2026-02-03T12:00:05.107989] [INFO] EXECUTE: WHALE | $50 | Will Jaxson Dart be the 2025-2026 NFL Of...
[2026-02-03T12:00:05.108014] [INFO] EXECUTE: WHALE | $50 | Will Emeka Egbuka be the 2025-2026 NFL O...
[2026-02-03T12:00:05.108039] [INFO] EXECUTE: WHALE | $50 | Will TreVeyon Henderson be the 2025-2026...
[2026-02-03T12:00:07.076042] [INFO] Cycle 11: Found 38 opportunities
[2026-02-03T12:00:07.076141] [INFO] DECISION: Execute WHALE | EV $1172.22 | Will Trump deport less than 250,000?...
[2026-02-03T12:00:07.076195] [INFO] DECISION: Execute WHALE | EV $178.22 | Will Trump deport 250,000-500,000 people...
[2026-02-03T12:00:07.076238] [INFO] DECISION: Execute WHALE | EV $386.51 | Will Trump deport 500,000-750,000- peopl...
[2026-02-03T12:00:07.076277] [INFO] DECISION: Execute WHALE | EV $2844.74 | Will Trump deport 750,000-1,000,000 peop...
[2026-02-03T12:00:07.076314] [INFO] DECISION: Execute WHALE | EV $4180.77 | Will Trump deport 1,000,000-1,250,000 pe...
[2026-02-03T12:00:07.076350] [INFO] DECISION: Execute WHALE | EV $10950.00 | Will Trump deport 1,250,000-1,500,000 pe...
[2026-02-03T12:00:07.076384] [INFO] DECISION: Execute WHALE | EV $6825.00 | Will Trump deport 1,500,000-1,750,000 pe...
[2026-02-03T12:00:07.076417] [INFO] DECISION: Execute WHALE | EV $7807.14 | Will Trump deport 1,750,000-2,000,000 pe...
[2026-02-03T12:00:07.076451] [INFO] DECISION: Execute WHALE | EV $6825.00 | Will Trump deport 2,000,000 or more peop...
[2026-02-03T12:00:07.076484] [INFO] DECISION: Execute WHALE | EV $273.53 | Will Trump deport 750,000 or more people...
[2026-02-03T12:00:07.076517] [INFO] DECISION: Execute WHALE | EV $541.40 | Will Elon and DOGE cut less than $50b in...
[2026-02-03T12:00:07.076549] [INFO] DECISION: Execute WHALE | EV $4533.33 | Will Elon and DOGE cut between $50-100b ...
[2026-02-03T12:00:07.076583] [INFO] DECISION: Execute WHALE | EV $4950.00 | Will Elon and DOGE cut between $100-150b...
[2026-02-03T12:00:07.076614] [INFO] DECISION: Execute WHALE | EV $758.82 | Will Elon and DOGE cut between $150-200b...
[2026-02-03T12:00:07.076647] [INFO] DECISION: Execute WHALE | EV $4950.00 | Will Elon and DOGE cut between $200-250b...
[2026-02-03T12:00:07.076679] [INFO] DECISION: Execute WHALE | EV $4180.77 | Will Elon and DOGE cut more than $250b i...
[2026-02-03T12:00:07.076711] [INFO] DECISION: Execute WHALE | EV $575.00 | Will Elon cut the budget by at least 10%...
[2026-02-03T12:00:07.076743] [INFO] DECISION: Execute WHALE | EV $646.20 | Will Elon cut the budget by at least 5% ...
[2026-02-03T12:00:07.076775] [INFO] DECISION: Execute WHALE | EV $3185.29 | Will GTA 6 cost $100+?...
[2026-02-03T12:00:07.076807] [INFO] DECISION: Execute WHALE | EV $4950.00 | Negative GDP growth in 2025?...
[2026-02-03T12:00:07.076839] [INFO] DECISION: Execute WHALE | EV $554.40 | Will the U.S. collect between $100b and ...
[2026-02-03T12:00:07.076871] [INFO] DECISION: Execute WHALE | EV $111.76 | Will the U.S. collect between $200b and ...
[2026-02-03T12:00:07.076902] [INFO] DECISION: Execute WHALE | EV $6825.00 | Will the U.S. collect between $500b and ...
[2026-02-03T12:00:07.076934] [INFO] DECISION: Execute WHALE | EV $27450.00 | Will the U.S. collect between $1t and $2...
[2026-02-03T12:00:07.076966] [INFO] DECISION: Execute WHALE | EV $18283.33 | Will the U.S. collect more than $2t in r...
[2026-02-03T12:00:07.076997] [INFO] DECISION: Execute WHALE | EV $1436.49 | Will tariffs generate >$250b in 2025?...
[2026-02-03T12:00:07.077029] [INFO] DECISION: Execute WHALE | EV $489.22 | GTA VI released before June 2026?...
[2026-02-03T12:00:07.077060] [INFO] DECISION: Execute WHALE | EV $373.08 | Will Carson Schwesinger be the 2025-2026...
[2026-02-03T12:00:07.077091] [INFO] DECISION: Execute WHALE | EV $528.95 | Will Tetairoa McMillan be the 2025-2026 ...
[2026-02-03T12:00:07.077122] [INFO] DECISION: Execute WHALE | EV $13700.00 | Will Tyler Shough be the 2025-2026 NFL O...
[2026-02-03T12:00:07.077153] [INFO] DECISION: Execute WHALE | EV $582.18 | Will Jaxson Dart be the 2025-2026 NFL Of...
[2026-02-03T12:00:07.077185] [INFO] DECISION: Execute WHALE | EV $10950.00 | Will Emeka Egbuka be the 2025-2026 NFL O...
[2026-02-03T12:00:07.077216] [INFO] DECISION: Execute WHALE | EV $10950.00 | Will TreVeyon Henderson be the 2025-2026...
[2026-02-03T12:00:07.077251] [INFO] EXECUTE: WHALE | $50 | Will Trump deport less than 250,000?...
[2026-02-03T12:00:07.077279] [INFO] EXECUTE: WHALE | $50 | Will Trump deport 250,000-500,000 people...
[2026-02-03T12:00:07.077306] [INFO] EXECUTE: WHALE | $50 | Will Trump deport 500,000-750,000- peopl...
[2026-02-03T12:00:07.077332] [INFO] EXECUTE: WHALE | $50 | Will Trump deport 750,000-1,000,000 peop...
[2026-02-03T12:00:07.077358] [INFO] EXECUTE: WHALE | $50 | Will Trump deport 1,000,000-1,250,000 pe...
[2026-02-03T12:00:07.077384] [INFO] EXECUTE: WHALE | $50 | Will Trump deport 1,250,000-1,500,000 pe...
[2026-02-03T12:00:07.077411] [INFO] EXECUTE: WHALE | $50 | Will Trump deport 1,500,000-1,750,000 pe...
[2026-02-03T12:00:07.077437] [INFO] EXECUTE: WHALE | $50 | Will Trump deport 1,750,000-2,000,000 pe...
[2026-02-03T12:00:07.077463] [INFO] EXECUTE: WHALE | $50 | Will Trump deport 2,000,000 or more peop...
[2026-02-03T12:00:07.077488] [INFO] EXECUTE: WHALE | $50 | Will Trump deport 750,000 or more people...
[2026-02-03T12:00:07.077513] [INFO] EXECUTE: WHALE | $50 | Will Elon and DOGE cut less than $50b in...
[2026-02-03T12:00:07.077538] [INFO] EXECUTE: WHALE | $50 | Will Elon and DOGE cut between $50-100b ...
[2026-02-03T12:00:07.077564] [INFO] EXECUTE: WHALE | $50 | Will Elon and DOGE cut between $100-150b...
[2026-02-03T12:00:07.077589] [INFO] EXECUTE: WHALE | $50 | Will Elon and DOGE cut between $150-200b...
[2026-02-03T12:00:07.077613] [INFO] EXECUTE: WHALE | $50 | Will Elon and DOGE cut between $200-250b...
[2026-02-03T12:00:07.077638] [INFO] EXECUTE: WHALE | $50 | Will Elon and DOGE cut more than $250b i...
[2026-02-03T12:00:07.077665] [INFO] EXECUTE: WHALE | $50 | Will Elon cut the budget by at least 10%...
[2026-02-03T12:00:07.077690] [INFO] EXECUTE: WHALE | $50 | Will Elon cut the budget by at least 5% ...
[2026-02-03T12:00:07.077715] [INFO] EXECUTE: WHALE | $50 | Will GTA 6 cost $100+?...
[2026-02-03T12:00:07.077740] [INFO] EXECUTE: WHALE | $50 | Negative GDP growth in 2025?...
[2026-02-03T12:00:07.077765] [INFO] EXECUTE: WHALE | $50 | Will the U.S. collect between $100b and ...
[2026-02-03T12:00:07.077790] [INFO] EXECUTE: WHALE | $50 | Will the U.S. collect between $200b and ...
[2026-02-03T12:00:07.077816] [INFO] EXECUTE: WHALE | $50 | Will the U.S. collect between $500b and ...
[2026-02-03T12:00:07.077841] [INFO] EXECUTE: WHALE | $50 | Will the U.S. collect between $1t and $2...
[2026-02-03T12:00:07.077866] [INFO] EXECUTE: WHALE | $50 | Will the U.S. collect more than $2t in r...
[2026-02-03T12:00:07.077892] [INFO] EXECUTE: WHALE | $50 | Will tariffs generate >$250b in 2025?...
[2026-02-03T12:00:07.077917] [INFO] EXECUTE: WHALE | $50 | GTA VI released before June 2026?...
[2026-02-03T12:00:07.077943] [INFO] EXECUTE: WHALE | $50 | Will Carson Schwesinger be the 2025-2026...
[2026-02-03T12:00:07.077968] [INFO] EXECUTE: WHALE | $50 | Will Tetairoa McMillan be the 2025-2026 ...
[2026-02-03T12:00:07.077993] [INFO] EXECUTE: WHALE | $50 | Will Tyler Shough be the 2025-2026 NFL O...
[2026-02-03T12:00:07.078018] [INFO] EXECUTE: WHALE | $50 | Will Jaxson Dart be the 2025-2026 NFL Of...
[2026-02-03T12:00:07.078042] [INFO] EXECUTE: WHALE | $50 | Will Emeka Egbuka be the 2025-2026 NFL O...
[2026-02-03T12:00:07.078067] [INFO] EXECUTE: WHALE | $50 | Will TreVeyon Henderson be the 2025-2026...
[2026-02-03T12:00:15.101889] [INFO] Cycle 12: Found 38 opportunities
[2026-02-03T12:00:15.101991] [INFO] DECISION: Execute WHALE | EV $1172.22 | Will Trump deport less than 250,000?...
[2026-02-03T12:00:15.102044] [INFO] DECISION: Execute WHALE | EV $178.22 | Will Trump deport 250,000-500,000 people...
[2026-02-03T12:00:15.102086] [INFO] DECISION: Execute WHALE | EV $386.51 | Will Trump deport 500,000-750,000- peopl...
[2026-02-03T12:00:15.102125] [INFO] DECISION: Execute WHALE | EV $2844.74 | Will Trump deport 750,000-1,000,000 peop...
[2026-02-03T12:00:15.102227] [INFO] DECISION: Execute WHALE | EV $4180.77 | Will Trump deport 1,000,000-1,250,000 pe...
[2026-02-03T12:00:15.102281] [INFO] DECISION: Execute WHALE | EV $10950.00 | Will Trump deport 1,250,000-1,500,000 pe...
[2026-02-03T12:00:15.102324] [INFO] DECISION: Execute WHALE | EV $6825.00 | Will Trump deport 1,500,000-1,750,000 pe...
[2026-02-03T12:00:15.102361] [INFO] DECISION: Execute WHALE | EV $7807.14 | Will Trump deport 1,750,000-2,000,000 pe...
[2026-02-03T12:00:15.102398] [INFO] DECISION: Execute WHALE | EV $6825.00 | Will Trump deport 2,000,000 or more peop...
[2026-02-03T12:00:15.102436] [INFO] DECISION: Execute WHALE | EV $273.53 | Will Trump deport 750,000 or more people...
[2026-02-03T12:00:15.102492] [INFO] DECISION: Execute WHALE | EV $541.40 | Will Elon and DOGE cut less than $50b in...
[2026-02-03T12:00:15.102544] [INFO] DECISION: Execute WHALE | EV $4533.33 | Will Elon and DOGE cut between $50-100b ...
[2026-02-03T12:00:15.102581] [INFO] DECISION: Execute WHALE | EV $4950.00 | Will Elon and DOGE cut between $100-150b...
[2026-02-03T12:00:15.102614] [INFO] DECISION: Execute WHALE | EV $758.82 | Will Elon and DOGE cut between $150-200b...
[2026-02-03T12:00:15.102647] [INFO] DECISION: Execute WHALE | EV $4950.00 | Will Elon and DOGE cut between $200-250b...
[2026-02-03T12:00:15.102680] [INFO] DECISION: Execute WHALE | EV $4180.77 | Will Elon and DOGE cut more than $250b i...
[2026-02-03T12:00:15.102713] [INFO] DECISION: Execute WHALE | EV $575.00 | Will Elon cut the budget by at least 10%...
[2026-02-03T12:00:15.102745] [INFO] DECISION: Execute WHALE | EV $646.20 | Will Elon cut the budget by at least 5% ...
[2026-02-03T12:00:15.102778] [INFO] DECISION: Execute WHALE | EV $3185.29 | Will GTA 6 cost $100+?...
[2026-02-03T12:00:15.102811] [INFO] DECISION: Execute WHALE | EV $4950.00 | Negative GDP growth in 2025?...
[2026-02-03T12:00:15.102844] [INFO] DECISION: Execute WHALE | EV $554.40 | Will the U.S. collect between $100b and ...
[2026-02-03T12:00:15.102876] [INFO] DECISION: Execute WHALE | EV $111.76 | Will the U.S. collect between $200b and ...
[2026-02-03T12:00:15.102907] [INFO] DECISION: Execute WHALE | EV $6825.00 | Will the U.S. collect between $500b and ...
[2026-02-03T12:00:15.102940] [INFO] DECISION: Execute WHALE | EV $27450.00 | Will the U.S. collect between $1t and $2...
[2026-02-03T12:00:15.102972] [INFO] DECISION: Execute WHALE | EV $18283.33 | Will the U.S. collect more than $2t in r...
[2026-02-03T12:00:15.103005] [INFO] DECISION: Execute WHALE | EV $1436.49 | Will tariffs generate >$250b in 2025?...
[2026-02-03T12:00:15.103038] [INFO] DECISION: Execute WHALE | EV $489.22 | GTA VI released before June 2026?...
[2026-02-03T12:00:15.103070] [INFO] DECISION: Execute WHALE | EV $373.08 | Will Carson Schwesinger be the 2025-2026...
[2026-02-03T12:00:15.103102] [INFO] DECISION: Execute WHALE | EV $528.95 | Will Tetairoa McMillan be the 2025-2026 ...
[2026-02-03T12:00:15.103134] [INFO] DECISION: Execute WHALE | EV $13700.00 | Will Tyler Shough be the 2025-2026 NFL O...
[2026-02-03T12:00:15.103166] [INFO] DECISION: Execute WHALE | EV $582.18 | Will Jaxson Dart be the 2025-2026 NFL Of...
[2026-02-03T12:00:15.103198] [INFO] DECISION: Execute WHALE | EV $10950.00 | Will Emeka Egbuka be the 2025-2026 NFL O...
[2026-02-03T12:00:15.103229] [INFO] DECISION: Execute WHALE | EV $10950.00 | Will TreVeyon Henderson be the 2025-2026...
[2026-02-03T12:00:15.103265] [INFO] EXECUTE: WHALE | $50 | Will Trump deport less than 250,000?...
[2026-02-03T12:00:15.103292] [INFO] EXECUTE: WHALE | $50 | Will Trump deport 250,000-500,000 people...
[2026-02-03T12:00:15.103319] [INFO] EXECUTE: WHALE | $50 | Will Trump deport 500,000-750,000- peopl...
[2026-02-03T12:00:15.103345] [INFO] EXECUTE: WHALE | $50 | Will Trump deport 750,000-1,000,000 peop...
[2026-02-03T12:00:15.103371] [INFO] EXECUTE: WHALE | $50 | Will Trump deport 1,000,000-1,250,000 pe...
[2026-02-03T12:00:15.103397] [INFO] EXECUTE: WHALE | $50 | Will Trump deport 1,250,000-1,500,000 pe...
[2026-02-03T12:00:15.103423] [INFO] EXECUTE: WHALE | $50 | Will Trump deport 1,500,000-1,750,000 pe...
[2026-02-03T12:00:15.103448] [INFO] EXECUTE: WHALE | $50 | Will Trump deport 1,750,000-2,000,000 pe...
[2026-02-03T12:00:15.103473] [INFO] EXECUTE: WHALE | $50 | Will Trump deport 2,000,000 or more peop...
[2026-02-03T12:00:15.103499] [INFO] EXECUTE: WHALE | $50 | Will Trump deport 750,000 or more people...
[2026-02-03T12:00:15.103525] [INFO] EXECUTE: WHALE | $50 | Will Elon and DOGE cut less than $50b in...
[2026-02-03T12:00:15.103550] [INFO] EXECUTE: WHALE | $50 | Will Elon and DOGE cut between $50-100b ...
[2026-02-03T12:00:15.103575] [INFO] EXECUTE: WHALE | $50 | Will Elon and DOGE cut between $100-150b...
[2026-02-03T12:00:15.103601] [INFO] EXECUTE: WHALE | $50 | Will Elon and DOGE cut between $150-200b...
[2026-02-03T12:00:15.103626] [INFO] EXECUTE: WHALE | $50 | Will Elon and DOGE cut between $200-250b...
[2026-02-03T12:00:15.103652] [INFO] EXECUTE: WHALE | $50 | Will Elon and DOGE cut more than $250b i...
[2026-02-03T12:00:15.103677] [INFO] EXECUTE: WHALE | $50 | Will Elon cut the budget by at least 10%...
[2026-02-03T12:00:15.103702] [INFO] EXECUTE: WHALE | $50 | Will Elon cut the budget by at least 5% ...
[2026-02-03T12:00:15.103728] [INFO] EXECUTE: WHALE | $50 | Will GTA 6 cost $100+?...
[2026-02-03T12:00:15.103753] [INFO] EXECUTE: WHALE | $50 | Negative GDP growth in 2025?...
[2026-02-03T12:00:15.103779] [INFO] EXECUTE: WHALE | $50 | Will the U.S. collect between $100b and ...
[2026-02-03T12:00:15.103805] [INFO] EXECUTE: WHALE | $50 | Will the U.S. collect between $200b and ...
[2026-02-03T12:00:15.103830] [INFO] EXECUTE: WHALE | $50 | Will the U.S. collect between $500b and ...
[2026-02-03T12:00:15.103856] [INFO] EXECUTE: WHALE | $50 | Will the U.S. collect between $1t and $2...
[2026-02-03T12:00:15.103881] [INFO] EXECUTE: WHALE | $50 | Will the U.S. collect more than $2t in r...
[2026-02-03T12:00:15.103906] [INFO] EXECUTE: WHALE | $50 | Will tariffs generate >$250b in 2025?...
[2026-02-03T12:00:15.103931] [INFO] EXECUTE: WHALE | $50 | GTA VI released before June 2026?...
[2026-02-03T12:00:15.103956] [INFO] EXECUTE: WHALE | $50 | Will Carson Schwesinger be the 2025-2026...
[2026-02-03T12:00:15.103982] [INFO] EXECUTE: WHALE | $50 | Will Tetairoa McMillan be the 2025-2026 ...
[2026-02-03T12:00:15.104006] [INFO] EXECUTE: WHALE | $50 | Will Tyler Shough be the 2025-2026 NFL O...
[2026-02-03T12:00:15.104032] [INFO] EXECUTE: WHALE | $50 | Will Jaxson Dart be the 2025-2026 NFL Of...
[2026-02-03T12:00:15.104057] [INFO] EXECUTE: WHALE | $50 | Will Emeka Egbuka be the 2025-2026 NFL O...
[2026-02-03T12:00:15.104081] [INFO] EXECUTE: WHALE | $50 | Will TreVeyon Henderson be the 2025-2026...
[2026-02-03T12:00:16.973420] [INFO] Cycle 12: Found 38 opportunities
[2026-02-03T12:00:16.973519] [INFO] DECISION: Execute WHALE | EV $1172.22 | Will Trump deport less than 250,000?...
[2026-02-03T12:00:16.973570] [INFO] DECISION: Execute WHALE | EV $178.22 | Will Trump deport 250,000-500,000 people...
[2026-02-03T12:00:16.973612] [INFO] DECISION: Execute WHALE | EV $386.51 | Will Trump deport 500,000-750,000- peopl...
[2026-02-03T12:00:16.973651] [INFO] DECISION: Execute WHALE | EV $2844.74 | Will Trump deport 750,000-1,000,000 peop...
[2026-02-03T12:00:16.973688] [INFO] DECISION: Execute WHALE | EV $4180.77 | Will Trump deport 1,000,000-1,250,000 pe...
[2026-02-03T12:00:16.973724] [INFO] DECISION: Execute WHALE | EV $10950.00 | Will Trump deport 1,250,000-1,500,000 pe...
[2026-02-03T12:00:16.973759] [INFO] DECISION: Execute WHALE | EV $6825.00 | Will Trump deport 1,500,000-1,750,000 pe...
[2026-02-03T12:00:16.973792] [INFO] DECISION: Execute WHALE | EV $7807.14 | Will Trump deport 1,750,000-2,000,000 pe...
[2026-02-03T12:00:16.973825] [INFO] DECISION: Execute WHALE | EV $6825.00 | Will Trump deport 2,000,000 or more peop...
[2026-02-03T12:00:16.973859] [INFO] DECISION: Execute WHALE | EV $273.53 | Will Trump deport 750,000 or more people...
[2026-02-03T12:00:16.973893] [INFO] DECISION: Execute WHALE | EV $541.40 | Will Elon and DOGE cut less than $50b in...
[2026-02-03T12:00:16.973926] [INFO] DECISION: Execute WHALE | EV $4533.33 | Will Elon and DOGE cut between $50-100b ...
[2026-02-03T12:00:16.973959] [INFO] DECISION: Execute WHALE | EV $4950.00 | Will Elon and DOGE cut between $100-150b...
[2026-02-03T12:00:16.973991] [INFO] DECISION: Execute WHALE | EV $758.82 | Will Elon and DOGE cut between $150-200b...
[2026-02-03T12:00:16.974023] [INFO] DECISION: Execute WHALE | EV $4950.00 | Will Elon and DOGE cut between $200-250b...
[2026-02-03T12:00:16.974055] [INFO] DECISION: Execute WHALE | EV $4180.77 | Will Elon and DOGE cut more than $250b i...
[2026-02-03T12:00:16.974088] [INFO] DECISION: Execute WHALE | EV $575.00 | Will Elon cut the budget by at least 10%...
[2026-02-03T12:00:16.974122] [INFO] DECISION: Execute WHALE | EV $646.20 | Will Elon cut the budget by at least 5% ...
[2026-02-03T12:00:16.974224] [INFO] DECISION: Execute WHALE | EV $3185.29 | Will GTA 6 cost $100+?...
[2026-02-03T12:00:16.974277] [INFO] DECISION: Execute WHALE | EV $4950.00 | Negative GDP growth in 2025?...
[2026-02-03T12:00:16.974320] [INFO] DECISION: Execute WHALE | EV $554.40 | Will the U.S. collect between $100b and ...
[2026-02-03T12:00:16.974359] [INFO] DECISION: Execute WHALE | EV $111.76 | Will the U.S. collect between $200b and ...
[2026-02-03T12:00:16.974395] [INFO] DECISION: Execute WHALE | EV $6825.00 | Will the U.S. collect between $500b and ...
[2026-02-03T12:00:16.974430] [INFO] DECISION: Execute WHALE | EV $27450.00 | Will the U.S. collect between $1t and $2...
[2026-02-03T12:00:16.974464] [INFO] DECISION: Execute WHALE | EV $18283.33 | Will the U.S. collect more than $2t in r...
[2026-02-03T12:00:16.974505] [INFO] DECISION: Execute WHALE | EV $1436.49 | Will tariffs generate >$250b in 2025?...
[2026-02-03T12:00:16.974539] [INFO] DECISION: Execute WHALE | EV $489.22 | GTA VI released before June 2026?...
[2026-02-03T12:00:16.974572] [INFO] DECISION: Execute WHALE | EV $373.08 | Will Carson Schwesinger be the 2025-2026...
[2026-02-03T12:00:16.974604] [INFO] DECISION: Execute WHALE | EV $528.95 | Will Tetairoa McMillan be the 2025-2026 ...
[2026-02-03T12:00:16.974637] [INFO] DECISION: Execute WHALE | EV $13700.00 | Will Tyler Shough be the 2025-2026 NFL O...
[2026-02-03T12:00:16.974669] [INFO] DECISION: Execute WHALE | EV $582.18 | Will Jaxson Dart be the 2025-2026 NFL Of...
[2026-02-03T12:00:16.974701] [INFO] DECISION: Execute WHALE | EV $10950.00 | Will Emeka Egbuka be the 2025-2026 NFL O...
[2026-02-03T12:00:16.974734] [INFO] DECISION: Execute WHALE | EV $10950.00 | Will TreVeyon Henderson be the 2025-2026...
[2026-02-03T12:00:16.974771] [INFO] EXECUTE: WHALE | $50 | Will Trump deport less than 250,000?...
[2026-02-03T12:00:16.974801] [INFO] EXECUTE: WHALE | $50 | Will Trump deport 250,000-500,000 people...
[2026-02-03T12:00:16.974829] [INFO] EXECUTE: WHALE | $50 | Will Trump deport 500,000-750,000- peopl...
[2026-02-03T12:00:16.974856] [INFO] EXECUTE: WHALE | $50 | Will Trump deport 750,000-1,000,000 peop...
[2026-02-03T12:00:16.974882] [INFO] EXECUTE: WHALE | $50 | Will Trump deport 1,000,000-1,250,000 pe...
[2026-02-03T12:00:16.974908] [INFO] EXECUTE: WHALE | $50 | Will Trump deport 1,250,000-1,500,000 pe...
[2026-02-03T12:00:16.974934] [INFO] EXECUTE: WHALE | $50 | Will Trump deport 1,500,000-1,750,000 pe...
[2026-02-03T12:00:16.974961] [INFO] EXECUTE: WHALE | $50 | Will Trump deport 1,750,000-2,000,000 pe...
[2026-02-03T12:00:16.974988] [INFO] EXECUTE: WHALE | $50 | Will Trump deport 2,000,000 or more peop...
[2026-02-03T12:00:16.975013] [INFO] EXECUTE: WHALE | $50 | Will Trump deport 750,000 or more people...
[2026-02-03T12:00:16.975042] [INFO] EXECUTE: WHALE | $50 | Will Elon and DOGE cut less than $50b in...
[2026-02-03T12:00:16.975067] [INFO] EXECUTE: WHALE | $50 | Will Elon and DOGE cut between $50-100b ...
[2026-02-03T12:00:16.975093] [INFO] EXECUTE: WHALE | $50 | Will Elon and DOGE cut between $100-150b...
[2026-02-03T12:00:16.975118] [INFO] EXECUTE: WHALE | $50 | Will Elon and DOGE cut between $150-200b...
[2026-02-03T12:00:16.975143] [INFO] EXECUTE: WHALE | $50 | Will Elon and DOGE cut between $200-250b...
[2026-02-03T12:00:16.975169] [INFO] EXECUTE: WHALE | $50 | Will Elon and DOGE cut more than $250b i...
[2026-02-03T12:00:16.975194] [INFO] EXECUTE: WHALE | $50 | Will Elon cut the budget by at least 10%...
[2026-02-03T12:00:16.975220] [INFO] EXECUTE: WHALE | $50 | Will Elon cut the budget by at least 5% ...
[2026-02-03T12:00:16.975246] [INFO] EXECUTE: WHALE | $50 | Will GTA 6 cost $100+?...
[2026-02-03T12:00:16.975272] [INFO] EXECUTE: WHALE | $50 | Negative GDP growth in 2025?...
[2026-02-03T12:00:16.975298] [INFO] EXECUTE: WHALE | $50 | Will the U.S. collect between $100b and ...
[2026-02-03T12:00:16.975323] [INFO] EXECUTE: WHALE | $50 | Will the U.S. collect between $200b and ...
[2026-02-03T12:00:16.975349] [INFO] EXECUTE: WHALE | $50 | Will the U.S. collect between $500b and ...
[2026-02-03T12:00:16.975376] [INFO] EXECUTE: WHALE | $50 | Will the U.S. collect between $1t and $2...
[2026-02-03T12:00:16.975402] [INFO] EXECUTE: WHALE | $50 | Will the U.S. collect more than $2t in r...
[2026-02-03T12:00:16.975428] [INFO] EXECUTE: WHALE | $50 | Will tariffs generate >$250b in 2025?...
[2026-02-03T12:00:16.975454] [INFO] EXECUTE: WHALE | $50 | GTA VI released before June 2026?...
[2026-02-03T12:00:16.975480] [INFO] EXECUTE: WHALE | $50 | Will Carson Schwesinger be the 2025-2026...
[2026-02-03T12:00:16.975506] [INFO] EXECUTE: WHALE | $50 | Will Tetairoa McMillan be the 2025-2026 ...
[2026-02-03T12:00:16.975532] [INFO] EXECUTE: WHALE | $50 | Will Tyler Shough be the 2025-2026 NFL O...
[2026-02-03T12:00:16.975558] [INFO] EXECUTE: WHALE | $50 | Will Jaxson Dart be the 2025-2026 NFL Of...
[2026-02-03T12:00:16.975583] [INFO] EXECUTE: WHALE | $50 | Will Emeka Egbuka be the 2025-2026 NFL O...
[2026-02-03T12:00:16.975608] [INFO] EXECUTE: WHALE | $50 | Will TreVeyon Henderson be the 2025-2026...
[2026-02-03T12:00:25.039240] [INFO] Cycle 13: Found 38 opportunities
[2026-02-03T12:00:25.039343] [INFO] DECISION: Execute WHALE | EV $1172.22 | Will Trump deport less than 250,000?...
[2026-02-03T12:00:25.039396] [INFO] DECISION: Execute WHALE | EV $178.22 | Will Trump deport 250,000-500,000 people...
[2026-02-03T12:00:25.039439] [INFO] DECISION: Execute WHALE | EV $386.51 | Will Trump deport 500,000-750,000- peopl...
[2026-02-03T12:00:25.039478] [INFO] DECISION: Execute WHALE | EV $2844.74 | Will Trump deport 750,000-1,000,000 peop...
[2026-02-03T12:00:25.039515] [INFO] DECISION: Execute WHALE | EV $4180.77 | Will Trump deport 1,000,000-1,250,000 pe...
[2026-02-03T12:00:25.039552] [INFO] DECISION: Execute WHALE | EV $10950.00 | Will Trump deport 1,250,000-1,500,000 pe...
[2026-02-03T12:00:25.039587] [INFO] DECISION: Execute WHALE | EV $6825.00 | Will Trump deport 1,500,000-1,750,000 pe...
[2026-02-03T12:00:25.039621] [INFO] DECISION: Execute WHALE | EV $7807.14 | Will Trump deport 1,750,000-2,000,000 pe...
[2026-02-03T12:00:25.039654] [INFO] DECISION: Execute WHALE | EV $6825.00 | Will Trump deport 2,000,000 or more peop...
[2026-02-03T12:00:25.039687] [INFO] DECISION: Execute WHALE | EV $273.53 | Will Trump deport 750,000 or more people...
[2026-02-03T12:00:25.039721] [INFO] DECISION: Execute WHALE | EV $541.40 | Will Elon and DOGE cut less than $50b in...
[2026-02-03T12:00:25.039754] [INFO] DECISION: Execute WHALE | EV $4533.33 | Will Elon and DOGE cut between $50-100b ...
[2026-02-03T12:00:25.039786] [INFO] DECISION: Execute WHALE | EV $4950.00 | Will Elon and DOGE cut between $100-150b...
[2026-02-03T12:00:25.039818] [INFO] DECISION: Execute WHALE | EV $758.82 | Will Elon and DOGE cut between $150-200b...
[2026-02-03T12:00:25.039850] [INFO] DECISION: Execute WHALE | EV $4950.00 | Will Elon and DOGE cut between $200-250b...
[2026-02-03T12:00:25.039882] [INFO] DECISION: Execute WHALE | EV $4180.77 | Will Elon and DOGE cut more than $250b i...
[2026-02-03T12:00:25.039913] [INFO] DECISION: Execute WHALE | EV $575.00 | Will Elon cut the budget by at least 10%...
[2026-02-03T12:00:25.039945] [INFO] DECISION: Execute WHALE | EV $646.20 | Will Elon cut the budget by at least 5% ...
[2026-02-03T12:00:25.039977] [INFO] DECISION: Execute WHALE | EV $3185.29 | Will GTA 6 cost $100+?...
[2026-02-03T12:00:25.040009] [INFO] DECISION: Execute WHALE | EV $4950.00 | Negative GDP growth in 2025?...
[2026-02-03T12:00:25.040041] [INFO] DECISION: Execute WHALE | EV $554.40 | Will the U.S. collect between $100b and ...
[2026-02-03T12:00:25.040072] [INFO] DECISION: Execute WHALE | EV $111.76 | Will the U.S. collect between $200b and ...
[2026-02-03T12:00:25.040103] [INFO] DECISION: Execute WHALE | EV $6825.00 | Will the U.S. collect between $500b and ...
[2026-02-03T12:00:25.040135] [INFO] DECISION: Execute WHALE | EV $27450.00 | Will the U.S. collect between $1t and $2...
[2026-02-03T12:00:25.040167] [INFO] DECISION: Execute WHALE | EV $18283.33 | Will the U.S. collect more than $2t in r...
[2026-02-03T12:00:25.040199] [INFO] DECISION: Execute WHALE | EV $1436.49 | Will tariffs generate >$250b in 2025?...
[2026-02-03T12:00:25.040230] [INFO] DECISION: Execute WHALE | EV $489.22 | GTA VI released before June 2026?...
[2026-02-03T12:00:25.040261] [INFO] DECISION: Execute WHALE | EV $373.08 | Will Carson Schwesinger be the 2025-2026...
[2026-02-03T12:00:25.040292] [INFO] DECISION: Execute WHALE | EV $528.95 | Will Tetairoa McMillan be the 2025-2026 ...
[2026-02-03T12:00:25.040324] [INFO] DECISION: Execute WHALE | EV $13700.00 | Will Tyler Shough be the 2025-2026 NFL O...
[2026-02-03T12:00:25.040354] [INFO] DECISION: Execute WHALE | EV $582.18 | Will Jaxson Dart be the 2025-2026 NFL Of...
[2026-02-03T12:00:25.040385] [INFO] DECISION: Execute WHALE | EV $10950.00 | Will Emeka Egbuka be the 2025-2026 NFL O...
[2026-02-03T12:00:25.040416] [INFO] DECISION: Execute WHALE | EV $10950.00 | Will TreVeyon Henderson be the 2025-2026...
[2026-02-03T12:00:25.040451] [INFO] EXECUTE: WHALE | $50 | Will Trump deport less than 250,000?...
[2026-02-03T12:00:25.040481] [INFO] EXECUTE: WHALE | $50 | Will Trump deport 250,000-500,000 people...
[2026-02-03T12:00:25.040508] [INFO] EXECUTE: WHALE | $50 | Will Trump deport 500,000-750,000- peopl...
[2026-02-03T12:00:25.040534] [INFO] EXECUTE: WHALE | $50 | Will Trump deport 750,000-1,000,000 peop...
[2026-02-03T12:00:25.040560] [INFO] EXECUTE: WHALE | $50 | Will Trump deport 1,000,000-1,250,000 pe...
[2026-02-03T12:00:25.040585] [INFO] EXECUTE: WHALE | $50 | Will Trump deport 1,250,000-1,500,000 pe...
[2026-02-03T12:00:25.040611] [INFO] EXECUTE: WHALE | $50 | Will Trump deport 1,500,000-1,750,000 pe...
[2026-02-03T12:00:25.040636] [INFO] EXECUTE: WHALE | $50 | Will Trump deport 1,750,000-2,000,000 pe...
[2026-02-03T12:00:25.040661] [INFO] EXECUTE: WHALE | $50 | Will Trump deport 2,000,000 or more peop...
[2026-02-03T12:00:25.040686] [INFO] EXECUTE: WHALE | $50 | Will Trump deport 750,000 or more people...
[2026-02-03T12:00:25.040712] [INFO] EXECUTE: WHALE | $50 | Will Elon and DOGE cut less than $50b in...
[2026-02-03T12:00:25.040737] [INFO] EXECUTE: WHALE | $50 | Will Elon and DOGE cut between $50-100b ...
[2026-02-03T12:00:25.040789] [INFO] EXECUTE: WHALE | $50 | Will Elon and DOGE cut between $100-150b...
[2026-02-03T12:00:25.040851] [INFO] EXECUTE: WHALE | $50 | Will Elon and DOGE cut between $150-200b...
[2026-02-03T12:00:25.040890] [INFO] EXECUTE: WHALE | $50 | Will Elon and DOGE cut between $200-250b...
[2026-02-03T12:00:25.040922] [INFO] EXECUTE: WHALE | $50 | Will Elon and DOGE cut more than $250b i...
[2026-02-03T12:00:25.040952] [INFO] EXECUTE: WHALE | $50 | Will Elon cut the budget by at least 10%...
[2026-02-03T12:00:25.040981] [INFO] EXECUTE: WHALE | $50 | Will Elon cut the budget by at least 5% ...
[2026-02-03T12:00:25.041009] [INFO] EXECUTE: WHALE | $50 | Will GTA 6 cost $100+?...
[2026-02-03T12:00:25.041037] [INFO] EXECUTE: WHALE | $50 | Negative GDP growth in 2025?...
[2026-02-03T12:00:25.041064] [INFO] EXECUTE: WHALE | $50 | Will the U.S. collect between $100b and ...
[2026-02-03T12:00:25.041090] [INFO] EXECUTE: WHALE | $50 | Will the U.S. collect between $200b and ...
[2026-02-03T12:00:25.041117] [INFO] EXECUTE: WHALE | $50 | Will the U.S. collect between $500b and ...
[2026-02-03T12:00:25.041143] [INFO] EXECUTE: WHALE | $50 | Will the U.S. collect between $1t and $2...
[2026-02-03T12:00:25.041170] [INFO] EXECUTE: WHALE | $50 | Will the U.S. collect more than $2t in r...
[2026-02-03T12:00:25.041196] [INFO] EXECUTE: WHALE | $50 | Will tariffs generate >$250b in 2025?...
[2026-02-03T12:00:25.041223] [INFO] EXECUTE: WHALE | $50 | GTA VI released before June 2026?...
[2026-02-03T12:00:25.041249] [INFO] EXECUTE: WHALE | $50 | Will Carson Schwesinger be the 2025-2026...
[2026-02-03T12:00:25.041275] [INFO] EXECUTE: WHALE | $50 | Will Tetairoa McMillan be the 2025-2026 ...
[2026-02-03T12:00:25.041301] [INFO] EXECUTE: WHALE | $50 | Will Tyler Shough be the 2025-2026 NFL O...
[2026-02-03T12:00:25.041327] [INFO] EXECUTE: WHALE | $50 | Will Jaxson Dart be the 2025-2026 NFL Of...
[2026-02-03T12:00:25.041353] [INFO] EXECUTE: WHALE | $50 | Will Emeka Egbuka be the 2025-2026 NFL O...
[2026-02-03T12:00:25.041378] [INFO] EXECUTE: WHALE | $50 | Will TreVeyon Henderson be the 2025-2026...
[2026-02-03T12:00:26.988024] [INFO] Cycle 13: Found 38 opportunities
[2026-02-03T12:00:26.988124] [INFO] DECISION: Execute WHALE | EV $1172.22 | Will Trump deport less than 250,000?...
[2026-02-03T12:00:26.988176] [INFO] DECISION: Execute WHALE | EV $178.22 | Will Trump deport 250,000-500,000 people...
[2026-02-03T12:00:26.988219] [INFO] DECISION: Execute WHALE | EV $386.51 | Will Trump deport 500,000-750,000- peopl...
[2026-02-03T12:00:26.988258] [INFO] DECISION: Execute WHALE | EV $2844.74 | Will Trump deport 750,000-1,000,000 peop...
[2026-02-03T12:00:26.988296] [INFO] DECISION: Execute WHALE | EV $4180.77 | Will Trump deport 1,000,000-1,250,000 pe...
[2026-02-03T12:00:26.988331] [INFO] DECISION: Execute WHALE | EV $10950.00 | Will Trump deport 1,250,000-1,500,000 pe...
[2026-02-03T12:00:26.988365] [INFO] DECISION: Execute WHALE | EV $6825.00 | Will Trump deport 1,500,000-1,750,000 pe...
[2026-02-03T12:00:26.988399] [INFO] DECISION: Execute WHALE | EV $7807.14 | Will Trump deport 1,750,000-2,000,000 pe...
[2026-02-03T12:00:26.988433] [INFO] DECISION: Execute WHALE | EV $6825.00 | Will Trump deport 2,000,000 or more peop...
[2026-02-03T12:00:26.988465] [INFO] DECISION: Execute WHALE | EV $273.53 | Will Trump deport 750,000 or more people...
[2026-02-03T12:00:26.988499] [INFO] DECISION: Execute WHALE | EV $541.40 | Will Elon and DOGE cut less than $50b in...
[2026-02-03T12:00:26.988531] [INFO] DECISION: Execute WHALE | EV $4533.33 | Will Elon and DOGE cut between $50-100b ...
[2026-02-03T12:00:26.988563] [INFO] DECISION: Execute WHALE | EV $4950.00 | Will Elon and DOGE cut between $100-150b...
[2026-02-03T12:00:26.988596] [INFO] DECISION: Execute WHALE | EV $758.82 | Will Elon and DOGE cut between $150-200b...
[2026-02-03T12:00:26.988628] [INFO] DECISION: Execute WHALE | EV $4950.00 | Will Elon and DOGE cut between $200-250b...
[2026-02-03T12:00:26.988660] [INFO] DECISION: Execute WHALE | EV $4180.77 | Will Elon and DOGE cut more than $250b i...
[2026-02-03T12:00:26.988692] [INFO] DECISION: Execute WHALE | EV $575.00 | Will Elon cut the budget by at least 10%...
[2026-02-03T12:00:26.988724] [INFO] DECISION: Execute WHALE | EV $646.20 | Will Elon cut the budget by at least 5% ...
[2026-02-03T12:00:26.988756] [INFO] DECISION: Execute WHALE | EV $3185.29 | Will GTA 6 cost $100+?...
[2026-02-03T12:00:26.988789] [INFO] DECISION: Execute WHALE | EV $4950.00 | Negative GDP growth in 2025?...
[2026-02-03T12:00:26.988821] [INFO] DECISION: Execute WHALE | EV $554.40 | Will the U.S. collect between $100b and ...
[2026-02-03T12:00:26.988853] [INFO] DECISION: Execute WHALE | EV $111.76 | Will the U.S. collect between $200b and ...
[2026-02-03T12:00:26.988884] [INFO] DECISION: Execute WHALE | EV $6825.00 | Will the U.S. collect between $500b and ...
[2026-02-03T12:00:26.988917] [INFO] DECISION: Execute WHALE | EV $27450.00 | Will the U.S. collect between $1t and $2...
[2026-02-03T12:00:26.988949] [INFO] DECISION: Execute WHALE | EV $18283.33 | Will the U.S. collect more than $2t in r...
[2026-02-03T12:00:26.988980] [INFO] DECISION: Execute WHALE | EV $1436.49 | Will tariffs generate >$250b in 2025?...
[2026-02-03T12:00:26.989012] [INFO] DECISION: Execute WHALE | EV $489.22 | GTA VI released before June 2026?...
[2026-02-03T12:00:26.989045] [INFO] DECISION: Execute WHALE | EV $373.08 | Will Carson Schwesinger be the 2025-2026...
[2026-02-03T12:00:26.989076] [INFO] DECISION: Execute WHALE | EV $528.95 | Will Tetairoa McMillan be the 2025-2026 ...
[2026-02-03T12:00:26.989108] [INFO] DECISION: Execute WHALE | EV $13700.00 | Will Tyler Shough be the 2025-2026 NFL O...
[2026-02-03T12:00:26.989139] [INFO] DECISION: Execute WHALE | EV $582.18 | Will Jaxson Dart be the 2025-2026 NFL Of...
[2026-02-03T12:00:26.989173] [INFO] DECISION: Execute WHALE | EV $10950.00 | Will Emeka Egbuka be the 2025-2026 NFL O...
[2026-02-03T12:00:26.989205] [INFO] DECISION: Execute WHALE | EV $10950.00 | Will TreVeyon Henderson be the 2025-2026...
[2026-02-03T12:00:26.989240] [INFO] EXECUTE: WHALE | $50 | Will Trump deport less than 250,000?...
[2026-02-03T12:00:26.989268] [INFO] EXECUTE: WHALE | $50 | Will Trump deport 250,000-500,000 people...
[2026-02-03T12:00:26.989295] [INFO] EXECUTE: WHALE | $50 | Will Trump deport 500,000-750,000- peopl...
[2026-02-03T12:00:26.989322] [INFO] EXECUTE: WHALE | $50 | Will Trump deport 750,000-1,000,000 peop...
[2026-02-03T12:00:26.989348] [INFO] EXECUTE: WHALE | $50 | Will Trump deport 1,000,000-1,250,000 pe...
[2026-02-03T12:00:26.989375] [INFO] EXECUTE: WHALE | $50 | Will Trump deport 1,250,000-1,500,000 pe...
[2026-02-03T12:00:26.989401] [INFO] EXECUTE: WHALE | $50 | Will Trump deport 1,500,000-1,750,000 pe...
[2026-02-03T12:00:26.989426] [INFO] EXECUTE: WHALE | $50 | Will Trump deport 1,750,000-2,000,000 pe...
[2026-02-03T12:00:26.989452] [INFO] EXECUTE: WHALE | $50 | Will Trump deport 2,000,000 or more peop...
[2026-02-03T12:00:26.989478] [INFO] EXECUTE: WHALE | $50 | Will Trump deport 750,000 or more people...
[2026-02-03T12:00:26.989503] [INFO] EXECUTE: WHALE | $50 | Will Elon and DOGE cut less than $50b in...
[2026-02-03T12:00:26.989529] [INFO] EXECUTE: WHALE | $50 | Will Elon and DOGE cut between $50-100b ...
[2026-02-03T12:00:26.989554] [INFO] EXECUTE: WHALE | $50 | Will Elon and DOGE cut between $100-150b...
[2026-02-03T12:00:26.989580] [INFO] EXECUTE: WHALE | $50 | Will Elon and DOGE cut between $150-200b...
[2026-02-03T12:00:26.989609] [INFO] EXECUTE: WHALE | $50 | Will Elon and DOGE cut between $200-250b...
[2026-02-03T12:00:26.989635] [INFO] EXECUTE: WHALE | $50 | Will Elon and DOGE cut more than $250b i...
[2026-02-03T12:00:26.989662] [INFO] EXECUTE: WHALE | $50 | Will Elon cut the budget by at least 10%...
[2026-02-03T12:00:26.989687] [INFO] EXECUTE: WHALE | $50 | Will Elon cut the budget by at least 5% ...
[2026-02-03T12:00:26.989713] [INFO] EXECUTE: WHALE | $50 | Will GTA 6 cost $100+?...
[2026-02-03T12:00:26.989739] [INFO] EXECUTE: WHALE | $50 | Negative GDP growth in 2025?...
[2026-02-03T12:00:26.989765] [INFO] EXECUTE: WHALE | $50 | Will the U.S. collect between $100b and ...
[2026-02-03T12:00:26.989790] [INFO] EXECUTE: WHALE | $50 | Will the U.S. collect between $200b and ...
[2026-02-03T12:00:26.989815] [INFO] EXECUTE: WHALE | $50 | Will the U.S. collect between $500b and ...
[2026-02-03T12:00:26.989841] [INFO] EXECUTE: WHALE | $50 | Will the U.S. collect between $1t and $2...
[2026-02-03T12:00:26.989866] [INFO] EXECUTE: WHALE | $50 | Will the U.S. collect more than $2t in r...
[2026-02-03T12:00:26.989891] [INFO] EXECUTE: WHALE | $50 | Will tariffs generate >$250b in 2025?...
[2026-02-03T12:00:26.989917] [INFO] EXECUTE: WHALE | $50 | GTA VI released before June 2026?...
[2026-02-03T12:00:26.989942] [INFO] EXECUTE: WHALE | $50 | Will Carson Schwesinger be the 2025-2026...
[2026-02-03T12:00:26.989967] [INFO] EXECUTE: WHALE | $50 | Will Tetairoa McMillan be the 2025-2026 ...
[2026-02-03T12:00:26.989992] [INFO] EXECUTE: WHALE | $50 | Will Tyler Shough be the 2025-2026 NFL O...
[2026-02-03T12:00:26.990017] [INFO] EXECUTE: WHALE | $50 | Will Jaxson Dart be the 2025-2026 NFL Of...
[2026-02-03T12:00:26.990042] [INFO] EXECUTE: WHALE | $50 | Will Emeka Egbuka be the 2025-2026 NFL O...
[2026-02-03T12:00:26.990068] [INFO] EXECUTE: WHALE | $50 | Will TreVeyon Henderson be the 2025-2026...
[2026-02-03T12:00:35.071181] [INFO] Cycle 14: Found 38 opportunities
[2026-02-03T12:00:35.071281] [INFO] DECISION: Execute WHALE | EV $1172.22 | Will Trump deport less than 250,000?...
[2026-02-03T12:00:35.071333] [INFO] DECISION: Execute WHALE | EV $178.22 | Will Trump deport 250,000-500,000 people...
[2026-02-03T12:00:35.071375] [INFO] DECISION: Execute WHALE | EV $386.51 | Will Trump deport 500,000-750,000- peopl...
[2026-02-03T12:00:35.071413] [INFO] DECISION: Execute WHALE | EV $2844.74 | Will Trump deport 750,000-1,000,000 peop...
[2026-02-03T12:00:35.071450] [INFO] DECISION: Execute WHALE | EV $4180.77 | Will Trump deport 1,000,000-1,250,000 pe...
[2026-02-03T12:00:35.071487] [INFO] DECISION: Execute WHALE | EV $10950.00 | Will Trump deport 1,250,000-1,500,000 pe...
[2026-02-03T12:00:35.071521] [INFO] DECISION: Execute WHALE | EV $6825.00 | Will Trump deport 1,500,000-1,750,000 pe...
[2026-02-03T12:00:35.071555] [INFO] DECISION: Execute WHALE | EV $7807.14 | Will Trump deport 1,750,000-2,000,000 pe...
[2026-02-03T12:00:35.071589] [INFO] DECISION: Execute WHALE | EV $6825.00 | Will Trump deport 2,000,000 or more peop...
[2026-02-03T12:00:35.071625] [INFO] DECISION: Execute WHALE | EV $273.53 | Will Trump deport 750,000 or more people...
[2026-02-03T12:00:35.071658] [INFO] DECISION: Execute WHALE | EV $541.40 | Will Elon and DOGE cut less than $50b in...
[2026-02-03T12:00:35.071691] [INFO] DECISION: Execute WHALE | EV $4533.33 | Will Elon and DOGE cut between $50-100b ...
[2026-02-03T12:00:35.071724] [INFO] DECISION: Execute WHALE | EV $4950.00 | Will Elon and DOGE cut between $100-150b...
[2026-02-03T12:00:35.071756] [INFO] DECISION: Execute WHALE | EV $758.82 | Will Elon and DOGE cut between $150-200b...
[2026-02-03T12:00:35.071788] [INFO] DECISION: Execute WHALE | EV $4950.00 | Will Elon and DOGE cut between $200-250b...
[2026-02-03T12:00:35.071820] [INFO] DECISION: Execute WHALE | EV $4180.77 | Will Elon and DOGE cut more than $250b i...
[2026-02-03T12:00:35.071857] [INFO] DECISION: Execute WHALE | EV $575.00 | Will Elon cut the budget by at least 10%...
[2026-02-03T12:00:35.071890] [INFO] DECISION: Execute WHALE | EV $646.20 | Will Elon cut the budget by at least 5% ...
[2026-02-03T12:00:35.071923] [INFO] DECISION: Execute WHALE | EV $3185.29 | Will GTA 6 cost $100+?...
[2026-02-03T12:00:35.071956] [INFO] DECISION: Execute WHALE | EV $4950.00 | Negative GDP growth in 2025?...
[2026-02-03T12:00:35.071991] [INFO] DECISION: Execute WHALE | EV $554.40 | Will the U.S. collect between $100b and ...
[2026-02-03T12:00:35.072023] [INFO] DECISION: Execute WHALE | EV $111.76 | Will the U.S. collect between $200b and ...
[2026-02-03T12:00:35.072054] [INFO] DECISION: Execute WHALE | EV $6825.00 | Will the U.S. collect between $500b and ...
[2026-02-03T12:00:35.072085] [INFO] DECISION: Execute WHALE | EV $27450.00 | Will the U.S. collect between $1t and $2...
[2026-02-03T12:00:35.072117] [INFO] DECISION: Execute WHALE | EV $18283.33 | Will the U.S. collect more than $2t in r...
[2026-02-03T12:00:35.072149] [INFO] DECISION: Execute WHALE | EV $1436.49 | Will tariffs generate >$250b in 2025?...
[2026-02-03T12:00:35.072181] [INFO] DECISION: Execute WHALE | EV $489.22 | GTA VI released before June 2026?...
[2026-02-03T12:00:35.072212] [INFO] DECISION: Execute WHALE | EV $373.08 | Will Carson Schwesinger be the 2025-2026...
[2026-02-03T12:00:35.072252] [INFO] DECISION: Execute WHALE | EV $528.95 | Will Tetairoa McMillan be the 2025-2026 ...
[2026-02-03T12:00:35.072284] [INFO] DECISION: Execute WHALE | EV $13700.00 | Will Tyler Shough be the 2025-2026 NFL O...
[2026-02-03T12:00:35.072315] [INFO] DECISION: Execute WHALE | EV $582.18 | Will Jaxson Dart be the 2025-2026 NFL Of...
[2026-02-03T12:00:35.072347] [INFO] DECISION: Execute WHALE | EV $10950.00 | Will Emeka Egbuka be the 2025-2026 NFL O...
[2026-02-03T12:00:35.072378] [INFO] DECISION: Execute WHALE | EV $10950.00 | Will TreVeyon Henderson be the 2025-2026...
[2026-02-03T12:00:35.072413] [INFO] EXECUTE: WHALE | $50 | Will Trump deport less than 250,000?...
[2026-02-03T12:00:35.072440] [INFO] EXECUTE: WHALE | $50 | Will Trump deport 250,000-500,000 people...
[2026-02-03T12:00:35.072467] [INFO] EXECUTE: WHALE | $50 | Will Trump deport 500,000-750,000- peopl...
[2026-02-03T12:00:35.072493] [INFO] EXECUTE: WHALE | $50 | Will Trump deport 750,000-1,000,000 peop...
[2026-02-03T12:00:35.072519] [INFO] EXECUTE: WHALE | $50 | Will Trump deport 1,000,000-1,250,000 pe...
[2026-02-03T12:00:35.072544] [INFO] EXECUTE: WHALE | $50 | Will Trump deport 1,250,000-1,500,000 pe...
[2026-02-03T12:00:35.072570] [INFO] EXECUTE: WHALE | $50 | Will Trump deport 1,500,000-1,750,000 pe...
[2026-02-03T12:00:35.072596] [INFO] EXECUTE: WHALE | $50 | Will Trump deport 1,750,000-2,000,000 pe...
[2026-02-03T12:00:35.072621] [INFO] EXECUTE: WHALE | $50 | Will Trump deport 2,000,000 or more peop...
[2026-02-03T12:00:35.072646] [INFO] EXECUTE: WHALE | $50 | Will Trump deport 750,000 or more people...
[2026-02-03T12:00:35.072672] [INFO] EXECUTE: WHALE | $50 | Will Elon and DOGE cut less than $50b in...
[2026-02-03T12:00:35.072697] [INFO] EXECUTE: WHALE | $50 | Will Elon and DOGE cut between $50-100b ...
[2026-02-03T12:00:35.072722] [INFO] EXECUTE: WHALE | $50 | Will Elon and DOGE cut between $100-150b...
[2026-02-03T12:00:35.072747] [INFO] EXECUTE: WHALE | $50 | Will Elon and DOGE cut between $150-200b...
[2026-02-03T12:00:35.072772] [INFO] EXECUTE: WHALE | $50 | Will Elon and DOGE cut between $200-250b...
[2026-02-03T12:00:35.072798] [INFO] EXECUTE: WHALE | $50 | Will Elon and DOGE cut more than $250b i...
[2026-02-03T12:00:35.072823] [INFO] EXECUTE: WHALE | $50 | Will Elon cut the budget by at least 10%...
[2026-02-03T12:00:35.072848] [INFO] EXECUTE: WHALE | $50 | Will Elon cut the budget by at least 5% ...
[2026-02-03T12:00:35.072873] [INFO] EXECUTE: WHALE | $50 | Will GTA 6 cost $100+?...
[2026-02-03T12:00:35.072899] [INFO] EXECUTE: WHALE | $50 | Negative GDP growth in 2025?...
[2026-02-03T12:00:35.072924] [INFO] EXECUTE: WHALE | $50 | Will the U.S. collect between $100b and ...
[2026-02-03T12:00:35.072949] [INFO] EXECUTE: WHALE | $50 | Will the U.S. collect between $200b and ...
[2026-02-03T12:00:35.072974] [INFO] EXECUTE: WHALE | $50 | Will the U.S. collect between $500b and ...
[2026-02-03T12:00:35.072999] [INFO] EXECUTE: WHALE | $50 | Will the U.S. collect between $1t and $2...
[2026-02-03T12:00:35.073024] [INFO] EXECUTE: WHALE | $50 | Will the U.S. collect more than $2t in r...
[2026-02-03T12:00:35.073050] [INFO] EXECUTE: WHALE | $50 | Will tariffs generate >$250b in 2025?...
[2026-02-03T12:00:35.073075] [INFO] EXECUTE: WHALE | $50 | GTA VI released before June 2026?...
[2026-02-03T12:00:35.073100] [INFO] EXECUTE: WHALE | $50 | Will Carson Schwesinger be the 2025-2026...
[2026-02-03T12:00:35.073126] [INFO] EXECUTE: WHALE | $50 | Will Tetairoa McMillan be the 2025-2026 ...
[2026-02-03T12:00:35.073151] [INFO] EXECUTE: WHALE | $50 | Will Tyler Shough be the 2025-2026 NFL O...
[2026-02-03T12:00:35.073176] [INFO] EXECUTE: WHALE | $50 | Will Jaxson Dart be the 2025-2026 NFL Of...
[2026-02-03T12:00:35.073201] [INFO] EXECUTE: WHALE | $50 | Will Emeka Egbuka be the 2025-2026 NFL O...
[2026-02-03T12:00:35.073226] [INFO] EXECUTE: WHALE | $50 | Will TreVeyon Henderson be the 2025-2026...
[2026-02-03T12:00:36.968172] [INFO] Cycle 14: Found 38 opportunities
[2026-02-03T12:00:36.968283] [INFO] DECISION: Execute WHALE | EV $1172.22 | Will Trump deport less than 250,000?...
[2026-02-03T12:00:36.968332] [INFO] DECISION: Execute WHALE | EV $178.22 | Will Trump deport 250,000-500,000 people...
[2026-02-03T12:00:36.968371] [INFO] DECISION: Execute WHALE | EV $386.51 | Will Trump deport 500,000-750,000- peopl...
[2026-02-03T12:00:36.968408] [INFO] DECISION: Execute WHALE | EV $2844.74 | Will Trump deport 750,000-1,000,000 peop...
[2026-02-03T12:00:36.968442] [INFO] DECISION: Execute WHALE | EV $4180.77 | Will Trump deport 1,000,000-1,250,000 pe...
[2026-02-03T12:00:36.968475] [INFO] DECISION: Execute WHALE | EV $10950.00 | Will Trump deport 1,250,000-1,500,000 pe...
[2026-02-03T12:00:36.968506] [INFO] DECISION: Execute WHALE | EV $6825.00 | Will Trump deport 1,500,000-1,750,000 pe...
[2026-02-03T12:00:36.968536] [INFO] DECISION: Execute WHALE | EV $7807.14 | Will Trump deport 1,750,000-2,000,000 pe...
[2026-02-03T12:00:36.968568] [INFO] DECISION: Execute WHALE | EV $6825.00 | Will Trump deport 2,000,000 or more peop...
[2026-02-03T12:00:36.968598] [INFO] DECISION: Execute WHALE | EV $273.53 | Will Trump deport 750,000 or more people...
[2026-02-03T12:00:36.968630] [INFO] DECISION: Execute WHALE | EV $541.40 | Will Elon and DOGE cut less than $50b in...
[2026-02-03T12:00:36.968663] [INFO] DECISION: Execute WHALE | EV $4533.33 | Will Elon and DOGE cut between $50-100b ...
[2026-02-03T12:00:36.968702] [INFO] DECISION: Execute WHALE | EV $4950.00 | Will Elon and DOGE cut between $100-150b...
[2026-02-03T12:00:36.968731] [INFO] DECISION: Execute WHALE | EV $758.82 | Will Elon and DOGE cut between $150-200b...
[2026-02-03T12:00:36.968761] [INFO] DECISION: Execute WHALE | EV $4950.00 | Will Elon and DOGE cut between $200-250b...
[2026-02-03T12:00:36.968790] [INFO] DECISION: Execute WHALE | EV $4180.77 | Will Elon and DOGE cut more than $250b i...
[2026-02-03T12:00:36.968820] [INFO] DECISION: Execute WHALE | EV $575.00 | Will Elon cut the budget by at least 10%...
[2026-02-03T12:00:36.968855] [INFO] DECISION: Execute WHALE | EV $646.20 | Will Elon cut the budget by at least 5% ...
[2026-02-03T12:00:36.968890] [INFO] DECISION: Execute WHALE | EV $3185.29 | Will GTA 6 cost $100+?...
[2026-02-03T12:00:36.968931] [INFO] DECISION: Execute WHALE | EV $4950.00 | Negative GDP growth in 2025?...
[2026-02-03T12:00:36.968963] [INFO] DECISION: Execute WHALE | EV $554.40 | Will the U.S. collect between $100b and ...
[2026-02-03T12:00:36.968993] [INFO] DECISION: Execute WHALE | EV $111.76 | Will the U.S. collect between $200b and ...
[2026-02-03T12:00:36.969022] [INFO] DECISION: Execute WHALE | EV $6825.00 | Will the U.S. collect between $500b and ...
[2026-02-03T12:00:36.969051] [INFO] DECISION: Execute WHALE | EV $27450.00 | Will the U.S. collect between $1t and $2...
[2026-02-03T12:00:36.969082] [INFO] DECISION: Execute WHALE | EV $18283.33 | Will the U.S. collect more than $2t in r...
[2026-02-03T12:00:36.969112] [INFO] DECISION: Execute WHALE | EV $1436.49 | Will tariffs generate >$250b in 2025?...
[2026-02-03T12:00:36.969141] [INFO] DECISION: Execute WHALE | EV $489.22 | GTA VI released before June 2026?...
[2026-02-03T12:00:36.969170] [INFO] DECISION: Execute WHALE | EV $373.08 | Will Carson Schwesinger be the 2025-2026...
[2026-02-03T12:00:36.969204] [INFO] DECISION: Execute WHALE | EV $528.95 | Will Tetairoa McMillan be the 2025-2026 ...
[2026-02-03T12:00:36.969233] [INFO] DECISION: Execute WHALE | EV $13700.00 | Will Tyler Shough be the 2025-2026 NFL O...
[2026-02-03T12:00:36.969262] [INFO] DECISION: Execute WHALE | EV $582.18 | Will Jaxson Dart be the 2025-2026 NFL Of...
[2026-02-03T12:00:36.969291] [INFO] DECISION: Execute WHALE | EV $10950.00 | Will Emeka Egbuka be the 2025-2026 NFL O...
[2026-02-03T12:00:36.969320] [INFO] DECISION: Execute WHALE | EV $10950.00 | Will TreVeyon Henderson be the 2025-2026...
[2026-02-03T12:00:36.969352] [INFO] EXECUTE: WHALE | $50 | Will Trump deport less than 250,000?...
[2026-02-03T12:00:36.969378] [INFO] EXECUTE: WHALE | $50 | Will Trump deport 250,000-500,000 people...
[2026-02-03T12:00:36.969403] [INFO] EXECUTE: WHALE | $50 | Will Trump deport 500,000-750,000- peopl...
[2026-02-03T12:00:36.969427] [INFO] EXECUTE: WHALE | $50 | Will Trump deport 750,000-1,000,000 peop...
[2026-02-03T12:00:36.969450] [INFO] EXECUTE: WHALE | $50 | Will Trump deport 1,000,000-1,250,000 pe...
[2026-02-03T12:00:36.969474] [INFO] EXECUTE: WHALE | $50 | Will Trump deport 1,250,000-1,500,000 pe...
[2026-02-03T12:00:36.969498] [INFO] EXECUTE: WHALE | $50 | Will Trump deport 1,500,000-1,750,000 pe...
[2026-02-03T12:00:36.969521] [INFO] EXECUTE: WHALE | $50 | Will Trump deport 1,750,000-2,000,000 pe...
[2026-02-03T12:00:36.969545] [INFO] EXECUTE: WHALE | $50 | Will Trump deport 2,000,000 or more peop...
[2026-02-03T12:00:36.969568] [INFO] EXECUTE: WHALE | $50 | Will Trump deport 750,000 or more people...
[2026-02-03T12:00:36.969591] [INFO] EXECUTE: WHALE | $50 | Will Elon and DOGE cut less than $50b in...
[2026-02-03T12:00:36.969614] [INFO] EXECUTE: WHALE | $50 | Will Elon and DOGE cut between $50-100b ...
[2026-02-03T12:00:36.969638] [INFO] EXECUTE: WHALE | $50 | Will Elon and DOGE cut between $100-150b...
[2026-02-03T12:00:36.969662] [INFO] EXECUTE: WHALE | $50 | Will Elon and DOGE cut between $150-200b...
[2026-02-03T12:00:36.969685] [INFO] EXECUTE: WHALE | $50 | Will Elon and DOGE cut between $200-250b...
[2026-02-03T12:00:36.969714] [INFO] EXECUTE: WHALE | $50 | Will Elon and DOGE cut more than $250b i...
[2026-02-03T12:00:36.969738] [INFO] EXECUTE: WHALE | $50 | Will Elon cut the budget by at least 10%...
[2026-02-03T12:00:36.969764] [INFO] EXECUTE: WHALE | $50 | Will Elon cut the budget by at least 5% ...
[2026-02-03T12:00:36.969787] [INFO] EXECUTE: WHALE | $50 | Will GTA 6 cost $100+?...
[2026-02-03T12:00:36.969810] [INFO] EXECUTE: WHALE | $50 | Negative GDP growth in 2025?...
[2026-02-03T12:00:36.969834] [INFO] EXECUTE: WHALE | $50 | Will the U.S. collect between $100b and ...
[2026-02-03T12:00:36.969857] [INFO] EXECUTE: WHALE | $50 | Will the U.S. collect between $200b and ...
[2026-02-03T12:00:36.969881] [INFO] EXECUTE: WHALE | $50 | Will the U.S. collect between $500b and ...
[2026-02-03T12:00:36.969904] [INFO] EXECUTE: WHALE | $50 | Will the U.S. collect between $1t and $2...
[2026-02-03T12:00:36.969927] [INFO] EXECUTE: WHALE | $50 | Will the U.S. collect more than $2t in r...
[2026-02-03T12:00:36.969950] [INFO] EXECUTE: WHALE | $50 | Will tariffs generate >$250b in 2025?...
[2026-02-03T12:00:36.969973] [INFO] EXECUTE: WHALE | $50 | GTA VI released before June 2026?...
[2026-02-03T12:00:36.969997] [INFO] EXECUTE: WHALE | $50 | Will Carson Schwesinger be the 2025-2026...
[2026-02-03T12:00:36.970020] [INFO] EXECUTE: WHALE | $50 | Will Tetairoa McMillan be the 2025-2026 ...
[2026-02-03T12:00:36.970043] [INFO] EXECUTE: WHALE | $50 | Will Tyler Shough be the 2025-2026 NFL O...
[2026-02-03T12:00:36.970067] [INFO] EXECUTE: WHALE | $50 | Will Jaxson Dart be the 2025-2026 NFL Of...
[2026-02-03T12:00:36.970090] [INFO] EXECUTE: WHALE | $50 | Will Emeka Egbuka be the 2025-2026 NFL O...
[2026-02-03T12:00:36.970113] [INFO] EXECUTE: WHALE | $50 | Will TreVeyon Henderson be the 2025-2026...
[2026-02-03T12:00:45.098350] [INFO] Cycle 15: Found 38 opportunities
[2026-02-03T12:00:45.098449] [INFO] DECISION: Execute WHALE | EV $1172.22 | Will Trump deport less than 250,000?...
[2026-02-03T12:00:45.098500] [INFO] DECISION: Execute WHALE | EV $178.22 | Will Trump deport 250,000-500,000 people...
[2026-02-03T12:00:45.098542] [INFO] DECISION: Execute WHALE | EV $386.51 | Will Trump deport 500,000-750,000- peopl...
[2026-02-03T12:00:45.098580] [INFO] DECISION: Execute WHALE | EV $2844.74 | Will Trump deport 750,000-1,000,000 peop...
[2026-02-03T12:00:45.098618] [INFO] DECISION: Execute WHALE | EV $4180.77 | Will Trump deport 1,000,000-1,250,000 pe...
[2026-02-03T12:00:45.098653] [INFO] DECISION: Execute WHALE | EV $10950.00 | Will Trump deport 1,250,000-1,500,000 pe...
[2026-02-03T12:00:45.098691] [INFO] DECISION: Execute WHALE | EV $6825.00 | Will Trump deport 1,500,000-1,750,000 pe...
[2026-02-03T12:00:45.098725] [INFO] DECISION: Execute WHALE | EV $7807.14 | Will Trump deport 1,750,000-2,000,000 pe...
[2026-02-03T12:00:45.098758] [INFO] DECISION: Execute WHALE | EV $6825.00 | Will Trump deport 2,000,000 or more peop...
[2026-02-03T12:00:45.098791] [INFO] DECISION: Execute WHALE | EV $273.53 | Will Trump deport 750,000 or more people...
[2026-02-03T12:00:45.098828] [INFO] DECISION: Execute WHALE | EV $541.40 | Will Elon and DOGE cut less than $50b in...
[2026-02-03T12:00:45.098861] [INFO] DECISION: Execute WHALE | EV $4533.33 | Will Elon and DOGE cut between $50-100b ...
[2026-02-03T12:00:45.098894] [INFO] DECISION: Execute WHALE | EV $4950.00 | Will Elon and DOGE cut between $100-150b...
[2026-02-03T12:00:45.098927] [INFO] DECISION: Execute WHALE | EV $758.82 | Will Elon and DOGE cut between $150-200b...
[2026-02-03T12:00:45.098960] [INFO] DECISION: Execute WHALE | EV $4950.00 | Will Elon and DOGE cut between $200-250b...
[2026-02-03T12:00:45.098997] [INFO] DECISION: Execute WHALE | EV $4180.77 | Will Elon and DOGE cut more than $250b i...
[2026-02-03T12:00:45.099029] [INFO] DECISION: Execute WHALE | EV $575.00 | Will Elon cut the budget by at least 10%...
[2026-02-03T12:00:45.099062] [INFO] DECISION: Execute WHALE | EV $646.20 | Will Elon cut the budget by at least 5% ...
[2026-02-03T12:00:45.099102] [INFO] DECISION: Execute WHALE | EV $3185.29 | Will GTA 6 cost $100+?...
[2026-02-03T12:00:45.099132] [INFO] DECISION: Execute WHALE | EV $4950.00 | Negative GDP growth in 2025?...
[2026-02-03T12:00:45.099164] [INFO] DECISION: Execute WHALE | EV $554.40 | Will the U.S. collect between $100b and ...
[2026-02-03T12:00:45.099195] [INFO] DECISION: Execute WHALE | EV $111.76 | Will the U.S. collect between $200b and ...
[2026-02-03T12:00:45.099225] [INFO] DECISION: Execute WHALE | EV $6825.00 | Will the U.S. collect between $500b and ...
[2026-02-03T12:00:45.099256] [INFO] DECISION: Execute WHALE | EV $27450.00 | Will the U.S. collect between $1t and $2...
[2026-02-03T12:00:45.099287] [INFO] DECISION: Execute WHALE | EV $18283.33 | Will the U.S. collect more than $2t in r...
[2026-02-03T12:00:45.099321] [INFO] DECISION: Execute WHALE | EV $1436.49 | Will tariffs generate >$250b in 2025?...
[2026-02-03T12:00:45.099351] [INFO] DECISION: Execute WHALE | EV $489.22 | GTA VI released before June 2026?...
[2026-02-03T12:00:45.099382] [INFO] DECISION: Execute WHALE | EV $373.08 | Will Carson Schwesinger be the 2025-2026...
[2026-02-03T12:00:45.099412] [INFO] DECISION: Execute WHALE | EV $528.95 | Will Tetairoa McMillan be the 2025-2026 ...
[2026-02-03T12:00:45.099444] [INFO] DECISION: Execute WHALE | EV $13700.00 | Will Tyler Shough be the 2025-2026 NFL O...
[2026-02-03T12:00:45.099475] [INFO] DECISION: Execute WHALE | EV $582.18 | Will Jaxson Dart be the 2025-2026 NFL Of...
[2026-02-03T12:00:45.099506] [INFO] DECISION: Execute WHALE | EV $10950.00 | Will Emeka Egbuka be the 2025-2026 NFL O...
[2026-02-03T12:00:45.099538] [INFO] DECISION: Execute WHALE | EV $10950.00 | Will TreVeyon Henderson be the 2025-2026...
[2026-02-03T12:00:45.099573] [INFO] EXECUTE: WHALE | $50 | Will Trump deport less than 250,000?...
[2026-02-03T12:00:45.099602] [INFO] EXECUTE: WHALE | $50 | Will Trump deport 250,000-500,000 people...
[2026-02-03T12:00:45.099627] [INFO] EXECUTE: WHALE | $50 | Will Trump deport 500,000-750,000- peopl...
[2026-02-03T12:00:45.099656] [INFO] EXECUTE: WHALE | $50 | Will Trump deport 750,000-1,000,000 peop...
[2026-02-03T12:00:45.099681] [INFO] EXECUTE: WHALE | $50 | Will Trump deport 1,000,000-1,250,000 pe...
[2026-02-03T12:00:45.099705] [INFO] EXECUTE: WHALE | $50 | Will Trump deport 1,250,000-1,500,000 pe...
[2026-02-03T12:00:45.099730] [INFO] EXECUTE: WHALE | $50 | Will Trump deport 1,500,000-1,750,000 pe...
[2026-02-03T12:00:45.099755] [INFO] EXECUTE: WHALE | $50 | Will Trump deport 1,750,000-2,000,000 pe...
[2026-02-03T12:00:45.099779] [INFO] EXECUTE: WHALE | $50 | Will Trump deport 2,000,000 or more peop...
[2026-02-03T12:00:45.099804] [INFO] EXECUTE: WHALE | $50 | Will Trump deport 750,000 or more people...
[2026-02-03T12:00:45.099829] [INFO] EXECUTE: WHALE | $50 | Will Elon and DOGE cut less than $50b in...
[2026-02-03T12:00:45.099853] [INFO] EXECUTE: WHALE | $50 | Will Elon and DOGE cut between $50-100b ...
[2026-02-03T12:00:45.099878] [INFO] EXECUTE: WHALE | $50 | Will Elon and DOGE cut between $100-150b...
[2026-02-03T12:00:45.099903] [INFO] EXECUTE: WHALE | $50 | Will Elon and DOGE cut between $150-200b...
[2026-02-03T12:00:45.099927] [INFO] EXECUTE: WHALE | $50 | Will Elon and DOGE cut between $200-250b...
[2026-02-03T12:00:45.099955] [INFO] EXECUTE: WHALE | $50 | Will Elon and DOGE cut more than $250b i...
[2026-02-03T12:00:45.099980] [INFO] EXECUTE: WHALE | $50 | Will Elon cut the budget by at least 10%...
[2026-02-03T12:00:45.100005] [INFO] EXECUTE: WHALE | $50 | Will Elon cut the budget by at least 5% ...
[2026-02-03T12:00:45.100030] [INFO] EXECUTE: WHALE | $50 | Will GTA 6 cost $100+?...
[2026-02-03T12:00:45.100054] [INFO] EXECUTE: WHALE | $50 | Negative GDP growth in 2025?...
[2026-02-03T12:00:45.100079] [INFO] EXECUTE: WHALE | $50 | Will the U.S. collect between $100b and ...
[2026-02-03T12:00:45.100103] [INFO] EXECUTE: WHALE | $50 | Will the U.S. collect between $200b and ...
[2026-02-03T12:00:45.100128] [INFO] EXECUTE: WHALE | $50 | Will the U.S. collect between $500b and ...
[2026-02-03T12:00:45.100152] [INFO] EXECUTE: WHALE | $50 | Will the U.S. collect between $1t and $2...
[2026-02-03T12:00:45.100177] [INFO] EXECUTE: WHALE | $50 | Will the U.S. collect more than $2t in r...
[2026-02-03T12:00:45.100201] [INFO] EXECUTE: WHALE | $50 | Will tariffs generate >$250b in 2025?...
[2026-02-03T12:00:45.100226] [INFO] EXECUTE: WHALE | $50 | GTA VI released before June 2026?...
[2026-02-03T12:00:45.100250] [INFO] EXECUTE: WHALE | $50 | Will Carson Schwesinger be the 2025-2026...
[2026-02-03T12:00:45.100277] [INFO] EXECUTE: WHALE | $50 | Will Tetairoa McMillan be the 2025-2026 ...
[2026-02-03T12:00:45.100302] [INFO] EXECUTE: WHALE | $50 | Will Tyler Shough be the 2025-2026 NFL O...
[2026-02-03T12:00:45.100326] [INFO] EXECUTE: WHALE | $50 | Will Jaxson Dart be the 2025-2026 NFL Of...
[2026-02-03T12:00:45.100351] [INFO] EXECUTE: WHALE | $50 | Will Emeka Egbuka be the 2025-2026 NFL O...
[2026-02-03T12:00:45.100375] [INFO] EXECUTE: WHALE | $50 | Will TreVeyon Henderson be the 2025-2026...
[2026-02-03T12:00:46.988555] [INFO] Cycle 15: Found 38 opportunities
[2026-02-03T12:00:46.988652] [INFO] DECISION: Execute WHALE | EV $1172.22 | Will Trump deport less than 250,000?...
[2026-02-03T12:00:46.988702] [INFO] DECISION: Execute WHALE | EV $178.22 | Will Trump deport 250,000-500,000 people...
[2026-02-03T12:00:46.988743] [INFO] DECISION: Execute WHALE | EV $386.51 | Will Trump deport 500,000-750,000- peopl...
[2026-02-03T12:00:46.988779] [INFO] DECISION: Execute WHALE | EV $2844.74 | Will Trump deport 750,000-1,000,000 peop...
[2026-02-03T12:00:46.988815] [INFO] DECISION: Execute WHALE | EV $4180.77 | Will Trump deport 1,000,000-1,250,000 pe...
[2026-02-03T12:00:46.988849] [INFO] DECISION: Execute WHALE | EV $10950.00 | Will Trump deport 1,250,000-1,500,000 pe...
[2026-02-03T12:00:46.988882] [INFO] DECISION: Execute WHALE | EV $6825.00 | Will Trump deport 1,500,000-1,750,000 pe...
[2026-02-03T12:00:46.988914] [INFO] DECISION: Execute WHALE | EV $7807.14 | Will Trump deport 1,750,000-2,000,000 pe...
[2026-02-03T12:00:46.988947] [INFO] DECISION: Execute WHALE | EV $6825.00 | Will Trump deport 2,000,000 or more peop...
[2026-02-03T12:00:46.988978] [INFO] DECISION: Execute WHALE | EV $273.53 | Will Trump deport 750,000 or more people...
[2026-02-03T12:00:46.989011] [INFO] DECISION: Execute WHALE | EV $541.40 | Will Elon and DOGE cut less than $50b in...
[2026-02-03T12:00:46.989044] [INFO] DECISION: Execute WHALE | EV $4533.33 | Will Elon and DOGE cut between $50-100b ...
[2026-02-03T12:00:46.989075] [INFO] DECISION: Execute WHALE | EV $4950.00 | Will Elon and DOGE cut between $100-150b...
[2026-02-03T12:00:46.989107] [INFO] DECISION: Execute WHALE | EV $758.82 | Will Elon and DOGE cut between $150-200b...
[2026-02-03T12:00:46.989138] [INFO] DECISION: Execute WHALE | EV $4950.00 | Will Elon and DOGE cut between $200-250b...
[2026-02-03T12:00:46.989170] [INFO] DECISION: Execute WHALE | EV $4180.77 | Will Elon and DOGE cut more than $250b i...
[2026-02-03T12:00:46.989201] [INFO] DECISION: Execute WHALE | EV $575.00 | Will Elon cut the budget by at least 10%...
[2026-02-03T12:00:46.989233] [INFO] DECISION: Execute WHALE | EV $646.20 | Will Elon cut the budget by at least 5% ...
[2026-02-03T12:00:46.989265] [INFO] DECISION: Execute WHALE | EV $3185.29 | Will GTA 6 cost $100+?...
[2026-02-03T12:00:46.989296] [INFO] DECISION: Execute WHALE | EV $4950.00 | Negative GDP growth in 2025?...
[2026-02-03T12:00:46.989327] [INFO] DECISION: Execute WHALE | EV $554.40 | Will the U.S. collect between $100b and ...
[2026-02-03T12:00:46.989358] [INFO] DECISION: Execute WHALE | EV $111.76 | Will the U.S. collect between $200b and ...
[2026-02-03T12:00:46.989389] [INFO] DECISION: Execute WHALE | EV $6825.00 | Will the U.S. collect between $500b and ...
[2026-02-03T12:00:46.989484] [INFO] DECISION: Execute WHALE | EV $27450.00 | Will the U.S. collect between $1t and $2...
[2026-02-03T12:00:46.989542] [INFO] DECISION: Execute WHALE | EV $18283.33 | Will the U.S. collect more than $2t in r...
[2026-02-03T12:00:46.989587] [INFO] DECISION: Execute WHALE | EV $1436.49 | Will tariffs generate >$250b in 2025?...
[2026-02-03T12:00:46.989626] [INFO] DECISION: Execute WHALE | EV $489.22 | GTA VI released before June 2026?...
[2026-02-03T12:00:46.989661] [INFO] DECISION: Execute WHALE | EV $373.08 | Will Carson Schwesinger be the 2025-2026...
[2026-02-03T12:00:46.989697] [INFO] DECISION: Execute WHALE | EV $528.95 | Will Tetairoa McMillan be the 2025-2026 ...
[2026-02-03T12:00:46.989731] [INFO] DECISION: Execute WHALE | EV $13700.00 | Will Tyler Shough be the 2025-2026 NFL O...
[2026-02-03T12:00:46.989765] [INFO] DECISION: Execute WHALE | EV $582.18 | Will Jaxson Dart be the 2025-2026 NFL Of...
[2026-02-03T12:00:46.989798] [INFO] DECISION: Execute WHALE | EV $10950.00 | Will Emeka Egbuka be the 2025-2026 NFL O...
[2026-02-03T12:00:46.989830] [INFO] DECISION: Execute WHALE | EV $10950.00 | Will TreVeyon Henderson be the 2025-2026...
[2026-02-03T12:00:46.989866] [INFO] EXECUTE: WHALE | $50 | Will Trump deport less than 250,000?...
[2026-02-03T12:00:46.989894] [INFO] EXECUTE: WHALE | $50 | Will Trump deport 250,000-500,000 people...
[2026-02-03T12:00:46.989921] [INFO] EXECUTE: WHALE | $50 | Will Trump deport 500,000-750,000- peopl...
[2026-02-03T12:00:46.989947] [INFO] EXECUTE: WHALE | $50 | Will Trump deport 750,000-1,000,000 peop...
[2026-02-03T12:00:46.989974] [INFO] EXECUTE: WHALE | $50 | Will Trump deport 1,000,000-1,250,000 pe...
[2026-02-03T12:00:46.990000] [INFO] EXECUTE: WHALE | $50 | Will Trump deport 1,250,000-1,500,000 pe...
[2026-02-03T12:00:46.990026] [INFO] EXECUTE: WHALE | $50 | Will Trump deport 1,500,000-1,750,000 pe...
[2026-02-03T12:00:46.990052] [INFO] EXECUTE: WHALE | $50 | Will Trump deport 1,750,000-2,000,000 pe...
[2026-02-03T12:00:46.990077] [INFO] EXECUTE: WHALE | $50 | Will Trump deport 2,000,000 or more peop...
[2026-02-03T12:00:46.990102] [INFO] EXECUTE: WHALE | $50 | Will Trump deport 750,000 or more people...
[2026-02-03T12:00:46.990128] [INFO] EXECUTE: WHALE | $50 | Will Elon and DOGE cut less than $50b in...
[2026-02-03T12:00:46.990154] [INFO] EXECUTE: WHALE | $50 | Will Elon and DOGE cut between $50-100b ...
[2026-02-03T12:00:46.990179] [INFO] EXECUTE: WHALE | $50 | Will Elon and DOGE cut between $100-150b...
[2026-02-03T12:00:46.990204] [INFO] EXECUTE: WHALE | $50 | Will Elon and DOGE cut between $150-200b...
[2026-02-03T12:00:46.990229] [INFO] EXECUTE: WHALE | $50 | Will Elon and DOGE cut between $200-250b...
[2026-02-03T12:00:46.990255] [INFO] EXECUTE: WHALE | $50 | Will Elon and DOGE cut more than $250b i...
[2026-02-03T12:00:46.990280] [INFO] EXECUTE: WHALE | $50 | Will Elon cut the budget by at least 10%...
[2026-02-03T12:00:46.990305] [INFO] EXECUTE: WHALE | $50 | Will Elon cut the budget by at least 5% ...
[2026-02-03T12:00:46.990330] [INFO] EXECUTE: WHALE | $50 | Will GTA 6 cost $100+?...
[2026-02-03T12:00:46.990355] [INFO] EXECUTE: WHALE | $50 | Negative GDP growth in 2025?...
[2026-02-03T12:00:46.990379] [INFO] EXECUTE: WHALE | $50 | Will the U.S. collect between $100b and ...
[2026-02-03T12:00:46.990404] [INFO] EXECUTE: WHALE | $50 | Will the U.S. collect between $200b and ...
[2026-02-03T12:00:46.990429] [INFO] EXECUTE: WHALE | $50 | Will the U.S. collect between $500b and ...
[2026-02-03T12:00:46.990454] [INFO] EXECUTE: WHALE | $50 | Will the U.S. collect between $1t and $2...
[2026-02-03T12:00:46.990479] [INFO] EXECUTE: WHALE | $50 | Will the U.S. collect more than $2t in r...
[2026-02-03T12:00:46.990504] [INFO] EXECUTE: WHALE | $50 | Will tariffs generate >$250b in 2025?...
[2026-02-03T12:00:46.990528] [INFO] EXECUTE: WHALE | $50 | GTA VI released before June 2026?...
[2026-02-03T12:00:46.990553] [INFO] EXECUTE: WHALE | $50 | Will Carson Schwesinger be the 2025-2026...
[2026-02-03T12:00:46.990578] [INFO] EXECUTE: WHALE | $50 | Will Tetairoa McMillan be the 2025-2026 ...
[2026-02-03T12:00:46.990603] [INFO] EXECUTE: WHALE | $50 | Will Tyler Shough be the 2025-2026 NFL O...
[2026-02-03T12:00:46.990627] [INFO] EXECUTE: WHALE | $50 | Will Jaxson Dart be the 2025-2026 NFL Of...
[2026-02-03T12:00:46.990653] [INFO] EXECUTE: WHALE | $50 | Will Emeka Egbuka be the 2025-2026 NFL O...
[2026-02-03T12:00:46.990681] [INFO] EXECUTE: WHALE | $50 | Will TreVeyon Henderson be the 2025-2026...
[2026-02-03T12:00:55.085073] [INFO] Cycle 16: Found 38 opportunities
[2026-02-03T12:00:55.085170] [INFO] DECISION: Execute WHALE | EV $1172.22 | Will Trump deport less than 250,000?...
[2026-02-03T12:00:55.085221] [INFO] DECISION: Execute WHALE | EV $178.22 | Will Trump deport 250,000-500,000 people...
[2026-02-03T12:00:55.085264] [INFO] DECISION: Execute WHALE | EV $386.51 | Will Trump deport 500,000-750,000- peopl...
[2026-02-03T12:00:55.085302] [INFO] DECISION: Execute WHALE | EV $2844.74 | Will Trump deport 750,000-1,000,000 peop...
[2026-02-03T12:00:55.085338] [INFO] DECISION: Execute WHALE | EV $4180.77 | Will Trump deport 1,000,000-1,250,000 pe...
[2026-02-03T12:00:55.085396] [INFO] DECISION: Execute WHALE | EV $10950.00 | Will Trump deport 1,250,000-1,500,000 pe...
[2026-02-03T12:00:55.085484] [INFO] DECISION: Execute WHALE | EV $6825.00 | Will Trump deport 1,500,000-1,750,000 pe...
[2026-02-03T12:00:55.085537] [INFO] DECISION: Execute WHALE | EV $7807.14 | Will Trump deport 1,750,000-2,000,000 pe...
[2026-02-03T12:00:55.085579] [INFO] DECISION: Execute WHALE | EV $6825.00 | Will Trump deport 2,000,000 or more peop...
[2026-02-03T12:00:55.085617] [INFO] DECISION: Execute WHALE | EV $273.53 | Will Trump deport 750,000 or more people...
[2026-02-03T12:00:55.085653] [INFO] DECISION: Execute WHALE | EV $541.40 | Will Elon and DOGE cut less than $50b in...
[2026-02-03T12:00:55.085688] [INFO] DECISION: Execute WHALE | EV $4533.33 | Will Elon and DOGE cut between $50-100b ...
[2026-02-03T12:00:55.085728] [INFO] DECISION: Execute WHALE | EV $4950.00 | Will Elon and DOGE cut between $100-150b...
[2026-02-03T12:00:55.085762] [INFO] DECISION: Execute WHALE | EV $758.82 | Will Elon and DOGE cut between $150-200b...
[2026-02-03T12:00:55.085796] [INFO] DECISION: Execute WHALE | EV $4950.00 | Will Elon and DOGE cut between $200-250b...
[2026-02-03T12:00:55.085828] [INFO] DECISION: Execute WHALE | EV $4180.77 | Will Elon and DOGE cut more than $250b i...
[2026-02-03T12:00:55.085862] [INFO] DECISION: Execute WHALE | EV $575.00 | Will Elon cut the budget by at least 10%...
[2026-02-03T12:00:55.085894] [INFO] DECISION: Execute WHALE | EV $646.20 | Will Elon cut the budget by at least 5% ...
[2026-02-03T12:00:55.085927] [INFO] DECISION: Execute WHALE | EV $3185.29 | Will GTA 6 cost $100+?...
[2026-02-03T12:00:55.085960] [INFO] DECISION: Execute WHALE | EV $4950.00 | Negative GDP growth in 2025?...
[2026-02-03T12:00:55.085993] [INFO] DECISION: Execute WHALE | EV $554.40 | Will the U.S. collect between $100b and ...
[2026-02-03T12:00:55.086026] [INFO] DECISION: Execute WHALE | EV $111.76 | Will the U.S. collect between $200b and ...
[2026-02-03T12:00:55.086058] [INFO] DECISION: Execute WHALE | EV $6825.00 | Will the U.S. collect between $500b and ...
[2026-02-03T12:00:55.086091] [INFO] DECISION: Execute WHALE | EV $27450.00 | Will the U.S. collect between $1t and $2...
[2026-02-03T12:00:55.086122] [INFO] DECISION: Execute WHALE | EV $18283.33 | Will the U.S. collect more than $2t in r...
[2026-02-03T12:00:55.086153] [INFO] DECISION: Execute WHALE | EV $1436.49 | Will tariffs generate >$250b in 2025?...
[2026-02-03T12:00:55.086185] [INFO] DECISION: Execute WHALE | EV $489.22 | GTA VI released before June 2026?...
[2026-02-03T12:00:55.086216] [INFO] DECISION: Execute WHALE | EV $373.08 | Will Carson Schwesinger be the 2025-2026...
[2026-02-03T12:00:55.086267] [INFO] DECISION: Execute WHALE | EV $528.95 | Will Tetairoa McMillan be the 2025-2026 ...
[2026-02-03T12:00:55.086299] [INFO] DECISION: Execute WHALE | EV $13700.00 | Will Tyler Shough be the 2025-2026 NFL O...
[2026-02-03T12:00:55.086331] [INFO] DECISION: Execute WHALE | EV $582.18 | Will Jaxson Dart be the 2025-2026 NFL Of...
[2026-02-03T12:00:55.086363] [INFO] DECISION: Execute WHALE | EV $10950.00 | Will Emeka Egbuka be the 2025-2026 NFL O...
[2026-02-03T12:00:55.086396] [INFO] DECISION: Execute WHALE | EV $10950.00 | Will TreVeyon Henderson be the 2025-2026...
[2026-02-03T12:00:55.086432] [INFO] EXECUTE: WHALE | $50 | Will Trump deport less than 250,000?...
[2026-02-03T12:00:55.086460] [INFO] EXECUTE: WHALE | $50 | Will Trump deport 250,000-500,000 people...
[2026-02-03T12:00:55.086486] [INFO] EXECUTE: WHALE | $50 | Will Trump deport 500,000-750,000- peopl...
[2026-02-03T12:00:55.086512] [INFO] EXECUTE: WHALE | $50 | Will Trump deport 750,000-1,000,000 peop...
[2026-02-03T12:00:55.086537] [INFO] EXECUTE: WHALE | $50 | Will Trump deport 1,000,000-1,250,000 pe...
[2026-02-03T12:00:55.086563] [INFO] EXECUTE: WHALE | $50 | Will Trump deport 1,250,000-1,500,000 pe...
[2026-02-03T12:00:55.086588] [INFO] EXECUTE: WHALE | $50 | Will Trump deport 1,500,000-1,750,000 pe...
[2026-02-03T12:00:55.086613] [INFO] EXECUTE: WHALE | $50 | Will Trump deport 1,750,000-2,000,000 pe...
[2026-02-03T12:00:55.086639] [INFO] EXECUTE: WHALE | $50 | Will Trump deport 2,000,000 or more peop...
[2026-02-03T12:00:55.086664] [INFO] EXECUTE: WHALE | $50 | Will Trump deport 750,000 or more people...
[2026-02-03T12:00:55.086689] [INFO] EXECUTE: WHALE | $50 | Will Elon and DOGE cut less than $50b in...
[2026-02-03T12:00:55.086715] [INFO] EXECUTE: WHALE | $50 | Will Elon and DOGE cut between $50-100b ...
[2026-02-03T12:00:55.086739] [INFO] EXECUTE: WHALE | $50 | Will Elon and DOGE cut between $100-150b...
[2026-02-03T12:00:55.086764] [INFO] EXECUTE: WHALE | $50 | Will Elon and DOGE cut between $150-200b...
[2026-02-03T12:00:55.086789] [INFO] EXECUTE: WHALE | $50 | Will Elon and DOGE cut between $200-250b...
[2026-02-03T12:00:55.086813] [INFO] EXECUTE: WHALE | $50 | Will Elon and DOGE cut more than $250b i...
[2026-02-03T12:00:55.086838] [INFO] EXECUTE: WHALE | $50 | Will Elon cut the budget by at least 10%...
[2026-02-03T12:00:55.086862] [INFO] EXECUTE: WHALE | $50 | Will Elon cut the budget by at least 5% ...
[2026-02-03T12:00:55.086887] [INFO] EXECUTE: WHALE | $50 | Will GTA 6 cost $100+?...
[2026-02-03T12:00:55.086912] [INFO] EXECUTE: WHALE | $50 | Negative GDP growth in 2025?...
[2026-02-03T12:00:55.086937] [INFO] EXECUTE: WHALE | $50 | Will the U.S. collect between $100b and ...
[2026-02-03T12:00:55.086961] [INFO] EXECUTE: WHALE | $50 | Will the U.S. collect between $200b and ...
[2026-02-03T12:00:55.086986] [INFO] EXECUTE: WHALE | $50 | Will the U.S. collect between $500b and ...
[2026-02-03T12:00:55.087010] [INFO] EXECUTE: WHALE | $50 | Will the U.S. collect between $1t and $2...
[2026-02-03T12:00:55.087035] [INFO] EXECUTE: WHALE | $50 | Will the U.S. collect more than $2t in r...
[2026-02-03T12:00:55.087059] [INFO] EXECUTE: WHALE | $50 | Will tariffs generate >$250b in 2025?...
[2026-02-03T12:00:55.087084] [INFO] EXECUTE: WHALE | $50 | GTA VI released before June 2026?...
[2026-02-03T12:00:55.087108] [INFO] EXECUTE: WHALE | $50 | Will Carson Schwesinger be the 2025-2026...
[2026-02-03T12:00:55.087133] [INFO] EXECUTE: WHALE | $50 | Will Tetairoa McMillan be the 2025-2026 ...
[2026-02-03T12:00:55.087157] [INFO] EXECUTE: WHALE | $50 | Will Tyler Shough be the 2025-2026 NFL O...
[2026-02-03T12:00:55.087182] [INFO] EXECUTE: WHALE | $50 | Will Jaxson Dart be the 2025-2026 NFL Of...
[2026-02-03T12:00:55.087206] [INFO] EXECUTE: WHALE | $50 | Will Emeka Egbuka be the 2025-2026 NFL O...
[2026-02-03T12:00:55.087231] [INFO] EXECUTE: WHALE | $50 | Will TreVeyon Henderson be the 2025-2026...
[2026-02-03T12:00:57.009554] [INFO] Cycle 16: Found 38 opportunities
[2026-02-03T12:00:57.009641] [INFO] DECISION: Execute WHALE | EV $1172.22 | Will Trump deport less than 250,000?...
[2026-02-03T12:00:57.009687] [INFO] DECISION: Execute WHALE | EV $178.22 | Will Trump deport 250,000-500,000 people...
[2026-02-03T12:00:57.009728] [INFO] DECISION: Execute WHALE | EV $386.51 | Will Trump deport 500,000-750,000- peopl...
[2026-02-03T12:00:57.009769] [INFO] DECISION: Execute WHALE | EV $2844.74 | Will Trump deport 750,000-1,000,000 peop...
[2026-02-03T12:00:57.009806] [INFO] DECISION: Execute WHALE | EV $4180.77 | Will Trump deport 1,000,000-1,250,000 pe...
[2026-02-03T12:00:57.009841] [INFO] DECISION: Execute WHALE | EV $10950.00 | Will Trump deport 1,250,000-1,500,000 pe...
[2026-02-03T12:00:57.009872] [INFO] DECISION: Execute WHALE | EV $6825.00 | Will Trump deport 1,500,000-1,750,000 pe...
[2026-02-03T12:00:57.009903] [INFO] DECISION: Execute WHALE | EV $7807.14 | Will Trump deport 1,750,000-2,000,000 pe...
[2026-02-03T12:00:57.009933] [INFO] DECISION: Execute WHALE | EV $6825.00 | Will Trump deport 2,000,000 or more peop...
[2026-02-03T12:00:57.009963] [INFO] DECISION: Execute WHALE | EV $273.53 | Will Trump deport 750,000 or more people...
[2026-02-03T12:00:57.009992] [INFO] DECISION: Execute WHALE | EV $541.40 | Will Elon and DOGE cut less than $50b in...
[2026-02-03T12:00:57.010022] [INFO] DECISION: Execute WHALE | EV $4533.33 | Will Elon and DOGE cut between $50-100b ...
[2026-02-03T12:00:57.010052] [INFO] DECISION: Execute WHALE | EV $4950.00 | Will Elon and DOGE cut between $100-150b...
[2026-02-03T12:00:57.010081] [INFO] DECISION: Execute WHALE | EV $758.82 | Will Elon and DOGE cut between $150-200b...
[2026-02-03T12:00:57.010110] [INFO] DECISION: Execute WHALE | EV $4950.00 | Will Elon and DOGE cut between $200-250b...
[2026-02-03T12:00:57.010138] [INFO] DECISION: Execute WHALE | EV $4180.77 | Will Elon and DOGE cut more than $250b i...
[2026-02-03T12:00:57.010167] [INFO] DECISION: Execute WHALE | EV $575.00 | Will Elon cut the budget by at least 10%...
[2026-02-03T12:00:57.010196] [INFO] DECISION: Execute WHALE | EV $646.20 | Will Elon cut the budget by at least 5% ...
[2026-02-03T12:00:57.010225] [INFO] DECISION: Execute WHALE | EV $3185.29 | Will GTA 6 cost $100+?...
[2026-02-03T12:00:57.010255] [INFO] DECISION: Execute WHALE | EV $4950.00 | Negative GDP growth in 2025?...
[2026-02-03T12:00:57.010284] [INFO] DECISION: Execute WHALE | EV $554.40 | Will the U.S. collect between $100b and ...
[2026-02-03T12:00:57.010313] [INFO] DECISION: Execute WHALE | EV $111.76 | Will the U.S. collect between $200b and ...
[2026-02-03T12:00:57.010342] [INFO] DECISION: Execute WHALE | EV $6825.00 | Will the U.S. collect between $500b and ...
[2026-02-03T12:00:57.010371] [INFO] DECISION: Execute WHALE | EV $27450.00 | Will the U.S. collect between $1t and $2...
[2026-02-03T12:00:57.010399] [INFO] DECISION: Execute WHALE | EV $18283.33 | Will the U.S. collect more than $2t in r...
[2026-02-03T12:00:57.010428] [INFO] DECISION: Execute WHALE | EV $1436.49 | Will tariffs generate >$250b in 2025?...
[2026-02-03T12:00:57.010456] [INFO] DECISION: Execute WHALE | EV $489.22 | GTA VI released before June 2026?...
[2026-02-03T12:00:57.010485] [INFO] DECISION: Execute WHALE | EV $373.08 | Will Carson Schwesinger be the 2025-2026...
[2026-02-03T12:00:57.010520] [INFO] DECISION: Execute WHALE | EV $528.95 | Will Tetairoa McMillan be the 2025-2026 ...
[2026-02-03T12:00:57.010549] [INFO] DECISION: Execute WHALE | EV $13700.00 | Will Tyler Shough be the 2025-2026 NFL O...
[2026-02-03T12:00:57.010577] [INFO] DECISION: Execute WHALE | EV $582.18 | Will Jaxson Dart be the 2025-2026 NFL Of...
[2026-02-03T12:00:57.010605] [INFO] DECISION: Execute WHALE | EV $10950.00 | Will Emeka Egbuka be the 2025-2026 NFL O...
[2026-02-03T12:00:57.010634] [INFO] DECISION: Execute WHALE | EV $10950.00 | Will TreVeyon Henderson be the 2025-2026...
[2026-02-03T12:00:57.010671] [INFO] EXECUTE: WHALE | $50 | Will Trump deport less than 250,000?...
[2026-02-03T12:00:57.010700] [INFO] EXECUTE: WHALE | $50 | Will Trump deport 250,000-500,000 people...
[2026-02-03T12:00:57.010726] [INFO] EXECUTE: WHALE | $50 | Will Trump deport 500,000-750,000- peopl...
[2026-02-03T12:00:57.010751] [INFO] EXECUTE: WHALE | $50 | Will Trump deport 750,000-1,000,000 peop...
[2026-02-03T12:00:57.010777] [INFO] EXECUTE: WHALE | $50 | Will Trump deport 1,000,000-1,250,000 pe...
[2026-02-03T12:00:57.010802] [INFO] EXECUTE: WHALE | $50 | Will Trump deport 1,250,000-1,500,000 pe...
[2026-02-03T12:00:57.010826] [INFO] EXECUTE: WHALE | $50 | Will Trump deport 1,500,000-1,750,000 pe...
[2026-02-03T12:00:57.010849] [INFO] EXECUTE: WHALE | $50 | Will Trump deport 1,750,000-2,000,000 pe...
[2026-02-03T12:00:57.010872] [INFO] EXECUTE: WHALE | $50 | Will Trump deport 2,000,000 or more peop...
[2026-02-03T12:00:57.010895] [INFO] EXECUTE: WHALE | $50 | Will Trump deport 750,000 or more people...
[2026-02-03T12:00:57.010918] [INFO] EXECUTE: WHALE | $50 | Will Elon and DOGE cut less than $50b in...
[2026-02-03T12:00:57.010941] [INFO] EXECUTE: WHALE | $50 | Will Elon and DOGE cut between $50-100b ...
[2026-02-03T12:00:57.010964] [INFO] EXECUTE: WHALE | $50 | Will Elon and DOGE cut between $100-150b...
[2026-02-03T12:00:57.010987] [INFO] EXECUTE: WHALE | $50 | Will Elon and DOGE cut between $150-200b...
[2026-02-03T12:00:57.011009] [INFO] EXECUTE: WHALE | $50 | Will Elon and DOGE cut between $200-250b...
[2026-02-03T12:00:57.011032] [INFO] EXECUTE: WHALE | $50 | Will Elon and DOGE cut more than $250b i...
[2026-02-03T12:00:57.011054] [INFO] EXECUTE: WHALE | $50 | Will Elon cut the budget by at least 10%...
[2026-02-03T12:00:57.011077] [INFO] EXECUTE: WHALE | $50 | Will Elon cut the budget by at least 5% ...
[2026-02-03T12:00:57.011100] [INFO] EXECUTE: WHALE | $50 | Will GTA 6 cost $100+?...
[2026-02-03T12:00:57.011123] [INFO] EXECUTE: WHALE | $50 | Negative GDP growth in 2025?...
[2026-02-03T12:00:57.011145] [INFO] EXECUTE: WHALE | $50 | Will the U.S. collect between $100b and ...
[2026-02-03T12:00:57.011168] [INFO] EXECUTE: WHALE | $50 | Will the U.S. collect between $200b and ...
[2026-02-03T12:00:57.011190] [INFO] EXECUTE: WHALE | $50 | Will the U.S. collect between $500b and ...
[2026-02-03T12:00:57.011213] [INFO] EXECUTE: WHALE | $50 | Will the U.S. collect between $1t and $2...
[2026-02-03T12:00:57.011235] [INFO] EXECUTE: WHALE | $50 | Will the U.S. collect more than $2t in r...
[2026-02-03T12:00:57.011258] [INFO] EXECUTE: WHALE | $50 | Will tariffs generate >$250b in 2025?...
[2026-02-03T12:00:57.011281] [INFO] EXECUTE: WHALE | $50 | GTA VI released before June 2026?...
[2026-02-03T12:00:57.011303] [INFO] EXECUTE: WHALE | $50 | Will Carson Schwesinger be the 2025-2026...
[2026-02-03T12:00:57.011326] [INFO] EXECUTE: WHALE | $50 | Will Tetairoa McMillan be the 2025-2026 ...
[2026-02-03T12:00:57.011349] [INFO] EXECUTE: WHALE | $50 | Will Tyler Shough be the 2025-2026 NFL O...
[2026-02-03T12:00:57.011371] [INFO] EXECUTE: WHALE | $50 | Will Jaxson Dart be the 2025-2026 NFL Of...
[2026-02-03T12:00:57.011394] [INFO] EXECUTE: WHALE | $50 | Will Emeka Egbuka be the 2025-2026 NFL O...
[2026-02-03T12:00:57.011417] [INFO] EXECUTE: WHALE | $50 | Will TreVeyon Henderson be the 2025-2026...
[2026-02-03T12:01:05.023675] [INFO] Cycle 17: Found 38 opportunities
[2026-02-03T12:01:05.023775] [INFO] DECISION: Execute WHALE | EV $1172.22 | Will Trump deport less than 250,000?...
[2026-02-03T12:01:05.023829] [INFO] DECISION: Execute WHALE | EV $178.22 | Will Trump deport 250,000-500,000 people...
[2026-02-03T12:01:05.023872] [INFO] DECISION: Execute WHALE | EV $386.51 | Will Trump deport 500,000-750,000- peopl...
[2026-02-03T12:01:05.023909] [INFO] DECISION: Execute WHALE | EV $2844.74 | Will Trump deport 750,000-1,000,000 peop...
[2026-02-03T12:01:05.023944] [INFO] DECISION: Execute WHALE | EV $4180.77 | Will Trump deport 1,000,000-1,250,000 pe...
[2026-02-03T12:01:05.023982] [INFO] DECISION: Execute WHALE | EV $10950.00 | Will Trump deport 1,250,000-1,500,000 pe...
[2026-02-03T12:01:05.024018] [INFO] DECISION: Execute WHALE | EV $6825.00 | Will Trump deport 1,500,000-1,750,000 pe...
[2026-02-03T12:01:05.024052] [INFO] DECISION: Execute WHALE | EV $7807.14 | Will Trump deport 1,750,000-2,000,000 pe...
[2026-02-03T12:01:05.024085] [INFO] DECISION: Execute WHALE | EV $6825.00 | Will Trump deport 2,000,000 or more peop...
[2026-02-03T12:01:05.024118] [INFO] DECISION: Execute WHALE | EV $273.53 | Will Trump deport 750,000 or more people...
[2026-02-03T12:01:05.024154] [INFO] DECISION: Execute WHALE | EV $541.40 | Will Elon and DOGE cut less than $50b in...
[2026-02-03T12:01:05.024186] [INFO] DECISION: Execute WHALE | EV $4533.33 | Will Elon and DOGE cut between $50-100b ...
[2026-02-03T12:01:05.024224] [INFO] DECISION: Execute WHALE | EV $4950.00 | Will Elon and DOGE cut between $100-150b...
[2026-02-03T12:01:05.024259] [INFO] DECISION: Execute WHALE | EV $758.82 | Will Elon and DOGE cut between $150-200b...
[2026-02-03T12:01:05.024291] [INFO] DECISION: Execute WHALE | EV $4950.00 | Will Elon and DOGE cut between $200-250b...
[2026-02-03T12:01:05.024322] [INFO] DECISION: Execute WHALE | EV $4180.77 | Will Elon and DOGE cut more than $250b i...
[2026-02-03T12:01:05.024354] [INFO] DECISION: Execute WHALE | EV $575.00 | Will Elon cut the budget by at least 10%...
[2026-02-03T12:01:05.024386] [INFO] DECISION: Execute WHALE | EV $646.20 | Will Elon cut the budget by at least 5% ...
[2026-02-03T12:01:05.024417] [INFO] DECISION: Execute WHALE | EV $3185.29 | Will GTA 6 cost $100+?...
[2026-02-03T12:01:05.024451] [INFO] DECISION: Execute WHALE | EV $4950.00 | Negative GDP growth in 2025?...
[2026-02-03T12:01:05.024486] [INFO] DECISION: Execute WHALE | EV $554.40 | Will the U.S. collect between $100b and ...
[2026-02-03T12:01:05.024517] [INFO] DECISION: Execute WHALE | EV $111.76 | Will the U.S. collect between $200b and ...
[2026-02-03T12:01:05.024548] [INFO] DECISION: Execute WHALE | EV $6825.00 | Will the U.S. collect between $500b and ...
[2026-02-03T12:01:05.024580] [INFO] DECISION: Execute WHALE | EV $27450.00 | Will the U.S. collect between $1t and $2...
[2026-02-03T12:01:05.024611] [INFO] DECISION: Execute WHALE | EV $18283.33 | Will the U.S. collect more than $2t in r...
[2026-02-03T12:01:05.024645] [INFO] DECISION: Execute WHALE | EV $1436.49 | Will tariffs generate >$250b in 2025?...
[2026-02-03T12:01:05.024677] [INFO] DECISION: Execute WHALE | EV $489.22 | GTA VI released before June 2026?...
[2026-02-03T12:01:05.024707] [INFO] DECISION: Execute WHALE | EV $373.08 | Will Carson Schwesinger be the 2025-2026...
[2026-02-03T12:01:05.024738] [INFO] DECISION: Execute WHALE | EV $528.95 | Will Tetairoa McMillan be the 2025-2026 ...
[2026-02-03T12:01:05.024766] [INFO] DECISION: Execute WHALE | EV $13700.00 | Will Tyler Shough be the 2025-2026 NFL O...
[2026-02-03T12:01:05.024794] [INFO] DECISION: Execute WHALE | EV $582.18 | Will Jaxson Dart be the 2025-2026 NFL Of...
[2026-02-03T12:01:05.024822] [INFO] DECISION: Execute WHALE | EV $10950.00 | Will Emeka Egbuka be the 2025-2026 NFL O...
[2026-02-03T12:01:05.024850] [INFO] DECISION: Execute WHALE | EV $10950.00 | Will TreVeyon Henderson be the 2025-2026...
[2026-02-03T12:01:05.024881] [INFO] EXECUTE: WHALE | $50 | Will Trump deport less than 250,000?...
[2026-02-03T12:01:05.024906] [INFO] EXECUTE: WHALE | $50 | Will Trump deport 250,000-500,000 people...
[2026-02-03T12:01:05.024929] [INFO] EXECUTE: WHALE | $50 | Will Trump deport 500,000-750,000- peopl...
[2026-02-03T12:01:05.024953] [INFO] EXECUTE: WHALE | $50 | Will Trump deport 750,000-1,000,000 peop...
[2026-02-03T12:01:05.024976] [INFO] EXECUTE: WHALE | $50 | Will Trump deport 1,000,000-1,250,000 pe...
[2026-02-03T12:01:05.024999] [INFO] EXECUTE: WHALE | $50 | Will Trump deport 1,250,000-1,500,000 pe...
[2026-02-03T12:01:05.025021] [INFO] EXECUTE: WHALE | $50 | Will Trump deport 1,500,000-1,750,000 pe...
[2026-02-03T12:01:05.025044] [INFO] EXECUTE: WHALE | $50 | Will Trump deport 1,750,000-2,000,000 pe...
[2026-02-03T12:01:05.025067] [INFO] EXECUTE: WHALE | $50 | Will Trump deport 2,000,000 or more peop...
[2026-02-03T12:01:05.025090] [INFO] EXECUTE: WHALE | $50 | Will Trump deport 750,000 or more people...
[2026-02-03T12:01:05.025112] [INFO] EXECUTE: WHALE | $50 | Will Elon and DOGE cut less than $50b in...
[2026-02-03T12:01:05.025134] [INFO] EXECUTE: WHALE | $50 | Will Elon and DOGE cut between $50-100b ...
[2026-02-03T12:01:05.025156] [INFO] EXECUTE: WHALE | $50 | Will Elon and DOGE cut between $100-150b...
[2026-02-03T12:01:05.025179] [INFO] EXECUTE: WHALE | $50 | Will Elon and DOGE cut between $150-200b...
[2026-02-03T12:01:05.025201] [INFO] EXECUTE: WHALE | $50 | Will Elon and DOGE cut between $200-250b...
[2026-02-03T12:01:05.025224] [INFO] EXECUTE: WHALE | $50 | Will Elon and DOGE cut more than $250b i...
[2026-02-03T12:01:05.025246] [INFO] EXECUTE: WHALE | $50 | Will Elon cut the budget by at least 10%...
[2026-02-03T12:01:05.025268] [INFO] EXECUTE: WHALE | $50 | Will Elon cut the budget by at least 5% ...
[2026-02-03T12:01:05.025291] [INFO] EXECUTE: WHALE | $50 | Will GTA 6 cost $100+?...
[2026-02-03T12:01:05.025313] [INFO] EXECUTE: WHALE | $50 | Negative GDP growth in 2025?...
[2026-02-03T12:01:05.025336] [INFO] EXECUTE: WHALE | $50 | Will the U.S. collect between $100b and ...
[2026-02-03T12:01:05.025358] [INFO] EXECUTE: WHALE | $50 | Will the U.S. collect between $200b and ...
[2026-02-03T12:01:05.025381] [INFO] EXECUTE: WHALE | $50 | Will the U.S. collect between $500b and ...
[2026-02-03T12:01:05.025403] [INFO] EXECUTE: WHALE | $50 | Will the U.S. collect between $1t and $2...
[2026-02-03T12:01:05.025426] [INFO] EXECUTE: WHALE | $50 | Will the U.S. collect more than $2t in r...
[2026-02-03T12:01:05.025448] [INFO] EXECUTE: WHALE | $50 | Will tariffs generate >$250b in 2025?...
[2026-02-03T12:01:05.025470] [INFO] EXECUTE: WHALE | $50 | GTA VI released before June 2026?...
[2026-02-03T12:01:05.025493] [INFO] EXECUTE: WHALE | $50 | Will Carson Schwesinger be the 2025-2026...
[2026-02-03T12:01:05.025515] [INFO] EXECUTE: WHALE | $50 | Will Tetairoa McMillan be the 2025-2026 ...
[2026-02-03T12:01:05.025538] [INFO] EXECUTE: WHALE | $50 | Will Tyler Shough be the 2025-2026 NFL O...
[2026-02-03T12:01:05.025560] [INFO] EXECUTE: WHALE | $50 | Will Jaxson Dart be the 2025-2026 NFL Of...
[2026-02-03T12:01:05.025583] [INFO] EXECUTE: WHALE | $50 | Will Emeka Egbuka be the 2025-2026 NFL O...
[2026-02-03T12:01:05.025605] [INFO] EXECUTE: WHALE | $50 | Will TreVeyon Henderson be the 2025-2026...
[2026-02-03T12:01:07.012371] [INFO] Cycle 17: Found 38 opportunities
[2026-02-03T12:01:07.012472] [INFO] DECISION: Execute WHALE | EV $1172.22 | Will Trump deport less than 250,000?...
[2026-02-03T12:01:07.012521] [INFO] DECISION: Execute WHALE | EV $178.22 | Will Trump deport 250,000-500,000 people...
[2026-02-03T12:01:07.012561] [INFO] DECISION: Execute WHALE | EV $386.51 | Will Trump deport 500,000-750,000- peopl...
[2026-02-03T12:01:07.012600] [INFO] DECISION: Execute WHALE | EV $2844.74 | Will Trump deport 750,000-1,000,000 peop...
[2026-02-03T12:01:07.012636] [INFO] DECISION: Execute WHALE | EV $4180.77 | Will Trump deport 1,000,000-1,250,000 pe...
[2026-02-03T12:01:07.012670] [INFO] DECISION: Execute WHALE | EV $10950.00 | Will Trump deport 1,250,000-1,500,000 pe...
[2026-02-03T12:01:07.012704] [INFO] DECISION: Execute WHALE | EV $6825.00 | Will Trump deport 1,500,000-1,750,000 pe...
[2026-02-03T12:01:07.012737] [INFO] DECISION: Execute WHALE | EV $7807.14 | Will Trump deport 1,750,000-2,000,000 pe...
[2026-02-03T12:01:07.012770] [INFO] DECISION: Execute WHALE | EV $6825.00 | Will Trump deport 2,000,000 or more peop...
[2026-02-03T12:01:07.012803] [INFO] DECISION: Execute WHALE | EV $273.53 | Will Trump deport 750,000 or more people...
[2026-02-03T12:01:07.012836] [INFO] DECISION: Execute WHALE | EV $541.40 | Will Elon and DOGE cut less than $50b in...
[2026-02-03T12:01:07.012871] [INFO] DECISION: Execute WHALE | EV $4533.33 | Will Elon and DOGE cut between $50-100b ...
[2026-02-03T12:01:07.012902] [INFO] DECISION: Execute WHALE | EV $4950.00 | Will Elon and DOGE cut between $100-150b...
[2026-02-03T12:01:07.012933] [INFO] DECISION: Execute WHALE | EV $758.82 | Will Elon and DOGE cut between $150-200b...
[2026-02-03T12:01:07.012964] [INFO] DECISION: Execute WHALE | EV $4950.00 | Will Elon and DOGE cut between $200-250b...
[2026-02-03T12:01:07.012995] [INFO] DECISION: Execute WHALE | EV $4180.77 | Will Elon and DOGE cut more than $250b i...
[2026-02-03T12:01:07.013027] [INFO] DECISION: Execute WHALE | EV $575.00 | Will Elon cut the budget by at least 10%...
[2026-02-03T12:01:07.013057] [INFO] DECISION: Execute WHALE | EV $646.20 | Will Elon cut the budget by at least 5% ...
[2026-02-03T12:01:07.013089] [INFO] DECISION: Execute WHALE | EV $3185.29 | Will GTA 6 cost $100+?...
[2026-02-03T12:01:07.013120] [INFO] DECISION: Execute WHALE | EV $4950.00 | Negative GDP growth in 2025?...
[2026-02-03T12:01:07.013151] [INFO] DECISION: Execute WHALE | EV $554.40 | Will the U.S. collect between $100b and ...
[2026-02-03T12:01:07.013182] [INFO] DECISION: Execute WHALE | EV $111.76 | Will the U.S. collect between $200b and ...
[2026-02-03T12:01:07.013213] [INFO] DECISION: Execute WHALE | EV $6825.00 | Will the U.S. collect between $500b and ...
[2026-02-03T12:01:07.013243] [INFO] DECISION: Execute WHALE | EV $27450.00 | Will the U.S. collect between $1t and $2...
[2026-02-03T12:01:07.013274] [INFO] DECISION: Execute WHALE | EV $18283.33 | Will the U.S. collect more than $2t in r...
[2026-02-03T12:01:07.013304] [INFO] DECISION: Execute WHALE | EV $1436.49 | Will tariffs generate >$250b in 2025?...
[2026-02-03T12:01:07.013335] [INFO] DECISION: Execute WHALE | EV $489.22 | GTA VI released before June 2026?...
[2026-02-03T12:01:07.013365] [INFO] DECISION: Execute WHALE | EV $373.08 | Will Carson Schwesinger be the 2025-2026...
[2026-02-03T12:01:07.013396] [INFO] DECISION: Execute WHALE | EV $528.95 | Will Tetairoa McMillan be the 2025-2026 ...
[2026-02-03T12:01:07.013427] [INFO] DECISION: Execute WHALE | EV $13700.00 | Will Tyler Shough be the 2025-2026 NFL O...
[2026-02-03T12:01:07.013458] [INFO] DECISION: Execute WHALE | EV $582.18 | Will Jaxson Dart be the 2025-2026 NFL Of...
[2026-02-03T12:01:07.013488] [INFO] DECISION: Execute WHALE | EV $10950.00 | Will Emeka Egbuka be the 2025-2026 NFL O...
[2026-02-03T12:01:07.013519] [INFO] DECISION: Execute WHALE | EV $10950.00 | Will TreVeyon Henderson be the 2025-2026...
[2026-02-03T12:01:07.013551] [INFO] EXECUTE: WHALE | $50 | Will Trump deport less than 250,000?...
[2026-02-03T12:01:07.013578] [INFO] EXECUTE: WHALE | $50 | Will Trump deport 250,000-500,000 people...
[2026-02-03T12:01:07.013603] [INFO] EXECUTE: WHALE | $50 | Will Trump deport 500,000-750,000- peopl...
[2026-02-03T12:01:07.013628] [INFO] EXECUTE: WHALE | $50 | Will Trump deport 750,000-1,000,000 peop...
[2026-02-03T12:01:07.013653] [INFO] EXECUTE: WHALE | $50 | Will Trump deport 1,000,000-1,250,000 pe...
[2026-02-03T12:01:07.013678] [INFO] EXECUTE: WHALE | $50 | Will Trump deport 1,250,000-1,500,000 pe...
[2026-02-03T12:01:07.013702] [INFO] EXECUTE: WHALE | $50 | Will Trump deport 1,500,000-1,750,000 pe...
[2026-02-03T12:01:07.013727] [INFO] EXECUTE: WHALE | $50 | Will Trump deport 1,750,000-2,000,000 pe...
[2026-02-03T12:01:07.013751] [INFO] EXECUTE: WHALE | $50 | Will Trump deport 2,000,000 or more peop...
[2026-02-03T12:01:07.013775] [INFO] EXECUTE: WHALE | $50 | Will Trump deport 750,000 or more people...
[2026-02-03T12:01:07.013800] [INFO] EXECUTE: WHALE | $50 | Will Elon and DOGE cut less than $50b in...
[2026-02-03T12:01:07.013825] [INFO] EXECUTE: WHALE | $50 | Will Elon and DOGE cut between $50-100b ...
[2026-02-03T12:01:07.013849] [INFO] EXECUTE: WHALE | $50 | Will Elon and DOGE cut between $100-150b...
[2026-02-03T12:01:07.013873] [INFO] EXECUTE: WHALE | $50 | Will Elon and DOGE cut between $150-200b...
[2026-02-03T12:01:07.013898] [INFO] EXECUTE: WHALE | $50 | Will Elon and DOGE cut between $200-250b...
[2026-02-03T12:01:07.013922] [INFO] EXECUTE: WHALE | $50 | Will Elon and DOGE cut more than $250b i...
[2026-02-03T12:01:07.013947] [INFO] EXECUTE: WHALE | $50 | Will Elon cut the budget by at least 10%...
[2026-02-03T12:01:07.013971] [INFO] EXECUTE: WHALE | $50 | Will Elon cut the budget by at least 5% ...
[2026-02-03T12:01:07.013995] [INFO] EXECUTE: WHALE | $50 | Will GTA 6 cost $100+?...
[2026-02-03T12:01:07.014020] [INFO] EXECUTE: WHALE | $50 | Negative GDP growth in 2025?...
[2026-02-03T12:01:07.014045] [INFO] EXECUTE: WHALE | $50 | Will the U.S. collect between $100b and ...
[2026-02-03T12:01:07.014069] [INFO] EXECUTE: WHALE | $50 | Will the U.S. collect between $200b and ...
[2026-02-03T12:01:07.014093] [INFO] EXECUTE: WHALE | $50 | Will the U.S. collect between $500b and ...
[2026-02-03T12:01:07.014117] [INFO] EXECUTE: WHALE | $50 | Will the U.S. collect between $1t and $2...
[2026-02-03T12:01:07.014141] [INFO] EXECUTE: WHALE | $50 | Will the U.S. collect more than $2t in r...
[2026-02-03T12:01:07.014166] [INFO] EXECUTE: WHALE | $50 | Will tariffs generate >$250b in 2025?...
[2026-02-03T12:01:07.014190] [INFO] EXECUTE: WHALE | $50 | GTA VI released before June 2026?...
[2026-02-03T12:01:07.014214] [INFO] EXECUTE: WHALE | $50 | Will Carson Schwesinger be the 2025-2026...
[2026-02-03T12:01:07.014238] [INFO] EXECUTE: WHALE | $50 | Will Tetairoa McMillan be the 2025-2026 ...
[2026-02-03T12:01:07.014262] [INFO] EXECUTE: WHALE | $50 | Will Tyler Shough be the 2025-2026 NFL O...
[2026-02-03T12:01:07.014286] [INFO] EXECUTE: WHALE | $50 | Will Jaxson Dart be the 2025-2026 NFL Of...
[2026-02-03T12:01:07.014310] [INFO] EXECUTE: WHALE | $50 | Will Emeka Egbuka be the 2025-2026 NFL O...
[2026-02-03T12:01:07.014334] [INFO] EXECUTE: WHALE | $50 | Will TreVeyon Henderson be the 2025-2026...
[2026-02-03T12:01:15.073916] [INFO] Cycle 18: Found 38 opportunities
[2026-02-03T12:01:15.074019] [INFO] DECISION: Execute WHALE | EV $1172.22 | Will Trump deport less than 250,000?...
[2026-02-03T12:01:15.074071] [INFO] DECISION: Execute WHALE | EV $178.22 | Will Trump deport 250,000-500,000 people...
[2026-02-03T12:01:15.074112] [INFO] DECISION: Execute WHALE | EV $386.51 | Will Trump deport 500,000-750,000- peopl...
[2026-02-03T12:01:15.074151] [INFO] DECISION: Execute WHALE | EV $2844.74 | Will Trump deport 750,000-1,000,000 peop...
[2026-02-03T12:01:15.074189] [INFO] DECISION: Execute WHALE | EV $4180.77 | Will Trump deport 1,000,000-1,250,000 pe...
[2026-02-03T12:01:15.074224] [INFO] DECISION: Execute WHALE | EV $10950.00 | Will Trump deport 1,250,000-1,500,000 pe...
[2026-02-03T12:01:15.074258] [INFO] DECISION: Execute WHALE | EV $6825.00 | Will Trump deport 1,500,000-1,750,000 pe...
[2026-02-03T12:01:15.074292] [INFO] DECISION: Execute WHALE | EV $7807.14 | Will Trump deport 1,750,000-2,000,000 pe...
[2026-02-03T12:01:15.074325] [INFO] DECISION: Execute WHALE | EV $6825.00 | Will Trump deport 2,000,000 or more peop...
[2026-02-03T12:01:15.074358] [INFO] DECISION: Execute WHALE | EV $273.53 | Will Trump deport 750,000 or more people...
[2026-02-03T12:01:15.074391] [INFO] DECISION: Execute WHALE | EV $541.40 | Will Elon and DOGE cut less than $50b in...
[2026-02-03T12:01:15.074424] [INFO] DECISION: Execute WHALE | EV $4533.33 | Will Elon and DOGE cut between $50-100b ...
[2026-02-03T12:01:15.074459] [INFO] DECISION: Execute WHALE | EV $4950.00 | Will Elon and DOGE cut between $100-150b...
[2026-02-03T12:01:15.074498] [INFO] DECISION: Execute WHALE | EV $758.82 | Will Elon and DOGE cut between $150-200b...
[2026-02-03T12:01:15.074530] [INFO] DECISION: Execute WHALE | EV $4950.00 | Will Elon and DOGE cut between $200-250b...
[2026-02-03T12:01:15.074561] [INFO] DECISION: Execute WHALE | EV $4180.77 | Will Elon and DOGE cut more than $250b i...
[2026-02-03T12:01:15.074593] [INFO] DECISION: Execute WHALE | EV $575.00 | Will Elon cut the budget by at least 10%...
[2026-02-03T12:01:15.074625] [INFO] DECISION: Execute WHALE | EV $646.20 | Will Elon cut the budget by at least 5% ...
[2026-02-03T12:01:15.074656] [INFO] DECISION: Execute WHALE | EV $3185.29 | Will GTA 6 cost $100+?...
[2026-02-03T12:01:15.074688] [INFO] DECISION: Execute WHALE | EV $4950.00 | Negative GDP growth in 2025?...
[2026-02-03T12:01:15.074721] [INFO] DECISION: Execute WHALE | EV $554.40 | Will the U.S. collect between $100b and ...
[2026-02-03T12:01:15.074753] [INFO] DECISION: Execute WHALE | EV $111.76 | Will the U.S. collect between $200b and ...
[2026-02-03T12:01:15.074784] [INFO] DECISION: Execute WHALE | EV $6825.00 | Will the U.S. collect between $500b and ...
[2026-02-03T12:01:15.074816] [INFO] DECISION: Execute WHALE | EV $27450.00 | Will the U.S. collect between $1t and $2...
[2026-02-03T12:01:15.074848] [INFO] DECISION: Execute WHALE | EV $18283.33 | Will the U.S. collect more than $2t in r...
[2026-02-03T12:01:15.074880] [INFO] DECISION: Execute WHALE | EV $1436.49 | Will tariffs generate >$250b in 2025?...
[2026-02-03T12:01:15.074911] [INFO] DECISION: Execute WHALE | EV $489.22 | GTA VI released before June 2026?...
[2026-02-03T12:01:15.074943] [INFO] DECISION: Execute WHALE | EV $373.08 | Will Carson Schwesinger be the 2025-2026...
[2026-02-03T12:01:15.074980] [INFO] DECISION: Execute WHALE | EV $528.95 | Will Tetairoa McMillan be the 2025-2026 ...
[2026-02-03T12:01:15.075012] [INFO] DECISION: Execute WHALE | EV $13700.00 | Will Tyler Shough be the 2025-2026 NFL O...
[2026-02-03T12:01:15.075044] [INFO] DECISION: Execute WHALE | EV $582.18 | Will Jaxson Dart be the 2025-2026 NFL Of...
[2026-02-03T12:01:15.075075] [INFO] DECISION: Execute WHALE | EV $10950.00 | Will Emeka Egbuka be the 2025-2026 NFL O...
[2026-02-03T12:01:15.075107] [INFO] DECISION: Execute WHALE | EV $10950.00 | Will TreVeyon Henderson be the 2025-2026...
[2026-02-03T12:01:15.075143] [INFO] EXECUTE: WHALE | $50 | Will Trump deport less than 250,000?...
[2026-02-03T12:01:15.075171] [INFO] EXECUTE: WHALE | $50 | Will Trump deport 250,000-500,000 people...
[2026-02-03T12:01:15.075197] [INFO] EXECUTE: WHALE | $50 | Will Trump deport 500,000-750,000- peopl...
[2026-02-03T12:01:15.075224] [INFO] EXECUTE: WHALE | $50 | Will Trump deport 750,000-1,000,000 peop...
[2026-02-03T12:01:15.075249] [INFO] EXECUTE: WHALE | $50 | Will Trump deport 1,000,000-1,250,000 pe...
[2026-02-03T12:01:15.075275] [INFO] EXECUTE: WHALE | $50 | Will Trump deport 1,250,000-1,500,000 pe...
[2026-02-03T12:01:15.075300] [INFO] EXECUTE: WHALE | $50 | Will Trump deport 1,500,000-1,750,000 pe...
[2026-02-03T12:01:15.075326] [INFO] EXECUTE: WHALE | $50 | Will Trump deport 1,750,000-2,000,000 pe...
[2026-02-03T12:01:15.075352] [INFO] EXECUTE: WHALE | $50 | Will Trump deport 2,000,000 or more peop...
[2026-02-03T12:01:15.075377] [INFO] EXECUTE: WHALE | $50 | Will Trump deport 750,000 or more people...
[2026-02-03T12:01:15.075403] [INFO] EXECUTE: WHALE | $50 | Will Elon and DOGE cut less than $50b in...
[2026-02-03T12:01:15.075429] [INFO] EXECUTE: WHALE | $50 | Will Elon and DOGE cut between $50-100b ...
[2026-02-03T12:01:15.075455] [INFO] EXECUTE: WHALE | $50 | Will Elon and DOGE cut between $100-150b...
[2026-02-03T12:01:15.075480] [INFO] EXECUTE: WHALE | $50 | Will Elon and DOGE cut between $150-200b...
[2026-02-03T12:01:15.075505] [INFO] EXECUTE: WHALE | $50 | Will Elon and DOGE cut between $200-250b...
[2026-02-03T12:01:15.075530] [INFO] EXECUTE: WHALE | $50 | Will Elon and DOGE cut more than $250b i...
[2026-02-03T12:01:15.075556] [INFO] EXECUTE: WHALE | $50 | Will Elon cut the budget by at least 10%...
[2026-02-03T12:01:15.075581] [INFO] EXECUTE: WHALE | $50 | Will Elon cut the budget by at least 5% ...
[2026-02-03T12:01:15.075607] [INFO] EXECUTE: WHALE | $50 | Will GTA 6 cost $100+?...
[2026-02-03T12:01:15.075632] [INFO] EXECUTE: WHALE | $50 | Negative GDP growth in 2025?...
[2026-02-03T12:01:15.075657] [INFO] EXECUTE: WHALE | $50 | Will the U.S. collect between $100b and ...
[2026-02-03T12:01:15.075682] [INFO] EXECUTE: WHALE | $50 | Will the U.S. collect between $200b and ...
[2026-02-03T12:01:15.075707] [INFO] EXECUTE: WHALE | $50 | Will the U.S. collect between $500b and ...
[2026-02-03T12:01:15.075732] [INFO] EXECUTE: WHALE | $50 | Will the U.S. collect between $1t and $2...
[2026-02-03T12:01:15.075757] [INFO] EXECUTE: WHALE | $50 | Will the U.S. collect more than $2t in r...
[2026-02-03T12:01:15.075782] [INFO] EXECUTE: WHALE | $50 | Will tariffs generate >$250b in 2025?...
[2026-02-03T12:01:15.075807] [INFO] EXECUTE: WHALE | $50 | GTA VI released before June 2026?...
[2026-02-03T12:01:15.075832] [INFO] EXECUTE: WHALE | $50 | Will Carson Schwesinger be the 2025-2026...
[2026-02-03T12:01:15.075857] [INFO] EXECUTE: WHALE | $50 | Will Tetairoa McMillan be the 2025-2026 ...
[2026-02-03T12:01:15.075882] [INFO] EXECUTE: WHALE | $50 | Will Tyler Shough be the 2025-2026 NFL O...
[2026-02-03T12:01:15.075908] [INFO] EXECUTE: WHALE | $50 | Will Jaxson Dart be the 2025-2026 NFL Of...
[2026-02-03T12:01:15.075933] [INFO] EXECUTE: WHALE | $50 | Will Emeka Egbuka be the 2025-2026 NFL O...
[2026-02-03T12:01:15.075959] [INFO] EXECUTE: WHALE | $50 | Will TreVeyon Henderson be the 2025-2026...
[2026-02-03T12:01:16.987473] [INFO] Cycle 18: Found 38 opportunities
[2026-02-03T12:01:16.987569] [INFO] DECISION: Execute WHALE | EV $1172.22 | Will Trump deport less than 250,000?...
[2026-02-03T12:01:16.987619] [INFO] DECISION: Execute WHALE | EV $178.22 | Will Trump deport 250,000-500,000 people...
[2026-02-03T12:01:16.987660] [INFO] DECISION: Execute WHALE | EV $386.51 | Will Trump deport 500,000-750,000- peopl...
[2026-02-03T12:01:16.987699] [INFO] DECISION: Execute WHALE | EV $2844.74 | Will Trump deport 750,000-1,000,000 peop...
[2026-02-03T12:01:16.987736] [INFO] DECISION: Execute WHALE | EV $4180.77 | Will Trump deport 1,000,000-1,250,000 pe...
[2026-02-03T12:01:16.987771] [INFO] DECISION: Execute WHALE | EV $10950.00 | Will Trump deport 1,250,000-1,500,000 pe...
[2026-02-03T12:01:16.987805] [INFO] DECISION: Execute WHALE | EV $6825.00 | Will Trump deport 1,500,000-1,750,000 pe...
[2026-02-03T12:01:16.987838] [INFO] DECISION: Execute WHALE | EV $7807.14 | Will Trump deport 1,750,000-2,000,000 pe...
[2026-02-03T12:01:16.987872] [INFO] DECISION: Execute WHALE | EV $6825.00 | Will Trump deport 2,000,000 or more peop...
[2026-02-03T12:01:16.987906] [INFO] DECISION: Execute WHALE | EV $273.53 | Will Trump deport 750,000 or more people...
[2026-02-03T12:01:16.987939] [INFO] DECISION: Execute WHALE | EV $541.40 | Will Elon and DOGE cut less than $50b in...
[2026-02-03T12:01:16.987972] [INFO] DECISION: Execute WHALE | EV $4533.33 | Will Elon and DOGE cut between $50-100b ...
[2026-02-03T12:01:16.988004] [INFO] DECISION: Execute WHALE | EV $4950.00 | Will Elon and DOGE cut between $100-150b...
[2026-02-03T12:01:16.988041] [INFO] DECISION: Execute WHALE | EV $758.82 | Will Elon and DOGE cut between $150-200b...
[2026-02-03T12:01:16.988073] [INFO] DECISION: Execute WHALE | EV $4950.00 | Will Elon and DOGE cut between $200-250b...
[2026-02-03T12:01:16.988105] [INFO] DECISION: Execute WHALE | EV $4180.77 | Will Elon and DOGE cut more than $250b i...
[2026-02-03T12:01:16.988136] [INFO] DECISION: Execute WHALE | EV $575.00 | Will Elon cut the budget by at least 10%...
[2026-02-03T12:01:16.988169] [INFO] DECISION: Execute WHALE | EV $646.20 | Will Elon cut the budget by at least 5% ...
[2026-02-03T12:01:16.988202] [INFO] DECISION: Execute WHALE | EV $3185.29 | Will GTA 6 cost $100+?...
[2026-02-03T12:01:16.988236] [INFO] DECISION: Execute WHALE | EV $4950.00 | Negative GDP growth in 2025?...
[2026-02-03T12:01:16.988270] [INFO] DECISION: Execute WHALE | EV $554.40 | Will the U.S. collect between $100b and ...
[2026-02-03T12:01:16.988303] [INFO] DECISION: Execute WHALE | EV $111.76 | Will the U.S. collect between $200b and ...
[2026-02-03T12:01:16.988336] [INFO] DECISION: Execute WHALE | EV $6825.00 | Will the U.S. collect between $500b and ...
[2026-02-03T12:01:16.988368] [INFO] DECISION: Execute WHALE | EV $27450.00 | Will the U.S. collect between $1t and $2...
[2026-02-03T12:01:16.988399] [INFO] DECISION: Execute WHALE | EV $18283.33 | Will the U.S. collect more than $2t in r...
[2026-02-03T12:01:16.988431] [INFO] DECISION: Execute WHALE | EV $1436.49 | Will tariffs generate >$250b in 2025?...
[2026-02-03T12:01:16.988462] [INFO] DECISION: Execute WHALE | EV $489.22 | GTA VI released before June 2026?...
[2026-02-03T12:01:16.988492] [INFO] DECISION: Execute WHALE | EV $373.08 | Will Carson Schwesinger be the 2025-2026...
[2026-02-03T12:01:16.988526] [INFO] DECISION: Execute WHALE | EV $528.95 | Will Tetairoa McMillan be the 2025-2026 ...
[2026-02-03T12:01:16.988557] [INFO] DECISION: Execute WHALE | EV $13700.00 | Will Tyler Shough be the 2025-2026 NFL O...
[2026-02-03T12:01:16.988589] [INFO] DECISION: Execute WHALE | EV $582.18 | Will Jaxson Dart be the 2025-2026 NFL Of...
[2026-02-03T12:01:16.988620] [INFO] DECISION: Execute WHALE | EV $10950.00 | Will Emeka Egbuka be the 2025-2026 NFL O...
[2026-02-03T12:01:16.988651] [INFO] DECISION: Execute WHALE | EV $10950.00 | Will TreVeyon Henderson be the 2025-2026...
[2026-02-03T12:01:16.988686] [INFO] EXECUTE: WHALE | $50 | Will Trump deport less than 250,000?...
[2026-02-03T12:01:16.988713] [INFO] EXECUTE: WHALE | $50 | Will Trump deport 250,000-500,000 people...
[2026-02-03T12:01:16.988739] [INFO] EXECUTE: WHALE | $50 | Will Trump deport 500,000-750,000- peopl...
[2026-02-03T12:01:16.988765] [INFO] EXECUTE: WHALE | $50 | Will Trump deport 750,000-1,000,000 peop...
[2026-02-03T12:01:16.988790] [INFO] EXECUTE: WHALE | $50 | Will Trump deport 1,000,000-1,250,000 pe...
[2026-02-03T12:01:16.988815] [INFO] EXECUTE: WHALE | $50 | Will Trump deport 1,250,000-1,500,000 pe...
[2026-02-03T12:01:16.988841] [INFO] EXECUTE: WHALE | $50 | Will Trump deport 1,500,000-1,750,000 pe...
[2026-02-03T12:01:16.988866] [INFO] EXECUTE: WHALE | $50 | Will Trump deport 1,750,000-2,000,000 pe...
[2026-02-03T12:01:16.988891] [INFO] EXECUTE: WHALE | $50 | Will Trump deport 2,000,000 or more peop...
[2026-02-03T12:01:16.988916] [INFO] EXECUTE: WHALE | $50 | Will Trump deport 750,000 or more people...
[2026-02-03T12:01:16.988942] [INFO] EXECUTE: WHALE | $50 | Will Elon and DOGE cut less than $50b in...
[2026-02-03T12:01:16.988967] [INFO] EXECUTE: WHALE | $50 | Will Elon and DOGE cut between $50-100b ...
[2026-02-03T12:01:16.988992] [INFO] EXECUTE: WHALE | $50 | Will Elon and DOGE cut between $100-150b...
[2026-02-03T12:01:16.989018] [INFO] EXECUTE: WHALE | $50 | Will Elon and DOGE cut between $150-200b...
[2026-02-03T12:01:16.989043] [INFO] EXECUTE: WHALE | $50 | Will Elon and DOGE cut between $200-250b...
[2026-02-03T12:01:16.989069] [INFO] EXECUTE: WHALE | $50 | Will Elon and DOGE cut more than $250b i...
[2026-02-03T12:01:16.989094] [INFO] EXECUTE: WHALE | $50 | Will Elon cut the budget by at least 10%...
[2026-02-03T12:01:16.989119] [INFO] EXECUTE: WHALE | $50 | Will Elon cut the budget by at least 5% ...
[2026-02-03T12:01:16.989144] [INFO] EXECUTE: WHALE | $50 | Will GTA 6 cost $100+?...
[2026-02-03T12:01:16.989170] [INFO] EXECUTE: WHALE | $50 | Negative GDP growth in 2025?...
[2026-02-03T12:01:16.989195] [INFO] EXECUTE: WHALE | $50 | Will the U.S. collect between $100b and ...
[2026-02-03T12:01:16.989220] [INFO] EXECUTE: WHALE | $50 | Will the U.S. collect between $200b and ...
[2026-02-03T12:01:16.989245] [INFO] EXECUTE: WHALE | $50 | Will the U.S. collect between $500b and ...
[2026-02-03T12:01:16.989270] [INFO] EXECUTE: WHALE | $50 | Will the U.S. collect between $1t and $2...
[2026-02-03T12:01:16.989296] [INFO] EXECUTE: WHALE | $50 | Will the U.S. collect more than $2t in r...
[2026-02-03T12:01:16.989320] [INFO] EXECUTE: WHALE | $50 | Will tariffs generate >$250b in 2025?...
[2026-02-03T12:01:16.989345] [INFO] EXECUTE: WHALE | $50 | GTA VI released before June 2026?...
[2026-02-03T12:01:16.989371] [INFO] EXECUTE: WHALE | $50 | Will Carson Schwesinger be the 2025-2026...
[2026-02-03T12:01:16.989396] [INFO] EXECUTE: WHALE | $50 | Will Tetairoa McMillan be the 2025-2026 ...
[2026-02-03T12:01:16.989421] [INFO] EXECUTE: WHALE | $50 | Will Tyler Shough be the 2025-2026 NFL O...
[2026-02-03T12:01:16.989446] [INFO] EXECUTE: WHALE | $50 | Will Jaxson Dart be the 2025-2026 NFL Of...
[2026-02-03T12:01:16.989471] [INFO] EXECUTE: WHALE | $50 | Will Emeka Egbuka be the 2025-2026 NFL O...
[2026-02-03T12:01:16.989496] [INFO] EXECUTE: WHALE | $50 | Will TreVeyon Henderson be the 2025-2026...
