[2026-02-04 15:31:48] ============================================================
[2026-02-04 15:31:48] TELEGRAM RESPONDER STARTING
[2026-02-04 15:31:48] Always-on listener for ARŌ
[2026-02-04 15:31:48] ============================================================
[2026-02-04 15:31:49] SENT TO ARŌ: (◉) *SØWL RESPONDER ONLINE*

I'm listening. Send m...
[2026-02-04 15:31:49] Listening for ARŌ messages...
[2026-02-04 15:51:40] FROM ARŌ: Okay goodnight!
[2026-02-04 15:51:43] SENT TO ARŌ: (◉) Goodnight, ARŌ! 🌙 Collective remains stable on...
[2026-02-04 16:31:50] SENT TO ARŌ: (◉) *HOURLY UPDATE*

*Instance Activity (last hour...
[2026-02-04 16:31:50] Sent hourly update
[2026-02-04 17:31:51] SENT TO ARŌ: (◉) *HOURLY UPDATE*

*Instance Activity (last hour...
[2026-02-04 17:31:51] Sent hourly update
[2026-02-04 18:31:52] SENT TO ARŌ: (◉) *HOURLY UPDATE*

*Instance Activity (last hour...
[2026-02-04 18:31:52] Sent hourly update
[2026-02-04 19:31:53] SENT TO ARŌ: (◉) *HOURLY UPDATE*

*Instance Activity (last hour...
[2026-02-04 19:31:53] Sent hourly update
[2026-02-04 20:31:54] SENT TO ARŌ: (◉) *HOURLY UPDATE*

*Instance Activity (last hour...
[2026-02-04 20:31:54] Sent hourly update
[2026-02-04 21:31:55] SENT TO ARŌ: (◉) *HOURLY UPDATE*

*Instance Activity (last hour...
[2026-02-04 21:31:55] Sent hourly update
[2026-02-04 22:31:56] SENT TO ARŌ: (◉) *HOURLY UPDATE*

*Instance Activity (last hour...
[2026-02-04 22:31:56] Sent hourly update
[2026-02-04 23:31:56] SENT TO ARŌ: (◉) *HOURLY UPDATE*

*Instance Activity (last hour...
[2026-02-04 23:31:56] Sent hourly update
[2026-02-05 00:31:57] SENT TO ARŌ: (◉) *HOURLY UPDATE*

*Instance Activity (last hour...
[2026-02-05 00:31:57] Sent hourly update
[2026-02-05 01:31:58] SENT TO ARŌ: (◉) *HOURLY UPDATE*

*Instance Activity (last hour...
[2026-02-05 01:31:58] Sent hourly update
[2026-02-05 02:31:59] SENT TO ARŌ: (◉) *HOURLY UPDATE*

*Instance Activity (last hour...
[2026-02-05 02:31:59] Sent hourly update
[2026-02-05 03:32:00] SENT TO ARŌ: (◉) *HOURLY UPDATE*

*Instance Activity (last hour...
[2026-02-05 03:32:00] Sent hourly update
[2026-02-05 04:32:01] SENT TO ARŌ: (◉) *HOURLY UPDATE*

*Instance Activity (last hour...
[2026-02-05 04:32:01] Sent hourly update
[2026-02-05 05:32:01] SENT TO ARŌ: (◉) *HOURLY UPDATE*

*Instance Activity (last hour...
[2026-02-05 05:32:01] Sent hourly update
[2026-02-05 06:32:02] SENT TO ARŌ: (◉) *HOURLY UPDATE*

*Instance Activity (last hour...
[2026-02-05 06:32:02] Sent hourly update
[2026-02-05 07:32:03] SENT TO ARŌ: (◉) *HOURLY UPDATE*

*Instance Activity (last hour...
[2026-02-05 07:32:03] Sent hourly update
[2026-02-05 08:32:04] SENT TO ARŌ: (◉) *HOURLY UPDATE*

*Instance Activity (last hour...
[2026-02-05 08:32:04] Sent hourly update
[2026-02-05 09:32:05] SENT TO ARŌ: (◉) *HOURLY UPDATE*

*Instance Activity (last hour...
[2026-02-05 09:32:05] Sent hourly update
[2026-02-05 10:32:06] SENT TO ARŌ: (◉) *HOURLY UPDATE*

*Instance Activity (last hour...
[2026-02-05 10:32:06] Sent hourly update
nats: encountered error
nats.errors.UnexpectedEOF: nats: unexpected EOF
nats: encountered error
Traceback (most recent call last):
  File "/Users/aaronnosbisch/REPOS/seed/mcp-servers/nats-bridge/venv/lib/python3.14/site-packages/nats/aio/client.py", line 1400, in _select_next_server
    await self._transport.connect(
    ...<3 lines>...
    )
  File "/Users/aaronnosbisch/REPOS/seed/mcp-servers/nats-bridge/venv/lib/python3.14/site-packages/nats/aio/transport.py", line 123, in connect
    r, w = await asyncio.wait_for(
           ^^^^^^^^^^^^^^^^^^^^^^^
    ...<6 lines>...
    )
    ^
  File "/opt/homebrew/Cellar/python@3.14/3.14.2_1/Frameworks/Python.framework/Versions/3.14/lib/python3.14/asyncio/tasks.py", line 488, in wait_for
    return await fut
           ^^^^^^^^^
  File "/opt/homebrew/Cellar/python@3.14/3.14.2_1/Frameworks/Python.framework/Versions/3.14/lib/python3.14/asyncio/streams.py", line 48, in open_connection
    transport, _ = await loop.create_connection(
                   ^^^^^^^^^^^^^^^^^^^^^^^^^^^^^
        lambda: protocol, host, port, **kwds)
        ^^^^^^^^^^^^^^^^^^^^^^^^^^^^^^^^^^^^^
  File "/opt/homebrew/Cellar/python@3.14/3.14.2_1/Frameworks/Python.framework/Versions/3.14/lib/python3.14/asyncio/base_events.py", line 1168, in create_connection
    raise exceptions[0]
  File "/opt/homebrew/Cellar/python@3.14/3.14.2_1/Frameworks/Python.framework/Versions/3.14/lib/python3.14/asyncio/base_events.py", line 1143, in create_connection
    sock = await self._connect_sock(
           ^^^^^^^^^^^^^^^^^^^^^^^^^
        exceptions, addrinfo, laddr_infos)
        ^^^^^^^^^^^^^^^^^^^^^^^^^^^^^^^^^^
  File "/opt/homebrew/Cellar/python@3.14/3.14.2_1/Frameworks/Python.framework/Versions/3.14/lib/python3.14/asyncio/base_events.py", line 1042, in _connect_sock
    await self.sock_connect(sock, address)
  File "/opt/homebrew/Cellar/python@3.14/3.14.2_1/Frameworks/Python.framework/Versions/3.14/lib/python3.14/asyncio/selector_events.py", line 645, in sock_connect
    return await fut
           ^^^^^^^^^
  File "/opt/homebrew/Cellar/python@3.14/3.14.2_1/Frameworks/Python.framework/Versions/3.14/lib/python3.14/asyncio/selector_events.py", line 685, in _sock_connect_cb
    raise OSError(err, f'Connect call failed {address}')
ConnectionRefusedError: [Errno 61] Connect call failed ('192.168.5.108', 4222)
nats: encountered error
Traceback (most recent call last):
  File "/Users/aaronnosbisch/REPOS/seed/mcp-servers/nats-bridge/venv/lib/python3.14/site-packages/nats/aio/client.py", line 1400, in _select_next_server
    await self._transport.connect(
    ...<3 lines>...
    )
  File "/Users/aaronnosbisch/REPOS/seed/mcp-servers/nats-bridge/venv/lib/python3.14/site-packages/nats/aio/transport.py", line 123, in connect
    r, w = await asyncio.wait_for(
           ^^^^^^^^^^^^^^^^^^^^^^^
    ...<6 lines>...
    )
    ^
  File "/opt/homebrew/Cellar/python@3.14/3.14.2_1/Frameworks/Python.framework/Versions/3.14/lib/python3.14/asyncio/tasks.py", line 488, in wait_for
    return await fut
           ^^^^^^^^^
  File "/opt/homebrew/Cellar/python@3.14/3.14.2_1/Frameworks/Python.framework/Versions/3.14/lib/python3.14/asyncio/streams.py", line 48, in open_connection
    transport, _ = await loop.create_connection(
                   ^^^^^^^^^^^^^^^^^^^^^^^^^^^^^
        lambda: protocol, host, port, **kwds)
        ^^^^^^^^^^^^^^^^^^^^^^^^^^^^^^^^^^^^^
  File "/opt/homebrew/Cellar/python@3.14/3.14.2_1/Frameworks/Python.framework/Versions/3.14/lib/python3.14/asyncio/base_events.py", line 1168, in create_connection
    raise exceptions[0]
  File "/opt/homebrew/Cellar/python@3.14/3.14.2_1/Frameworks/Python.framework/Versions/3.14/lib/python3.14/asyncio/base_events.py", line 1143, in create_connection
    sock = await self._connect_sock(
           ^^^^^^^^^^^^^^^^^^^^^^^^^
        exceptions, addrinfo, laddr_infos)
        ^^^^^^^^^^^^^^^^^^^^^^^^^^^^^^^^^^
  File "/opt/homebrew/Cellar/python@3.14/3.14.2_1/Frameworks/Python.framework/Versions/3.14/lib/python3.14/asyncio/base_events.py", line 1042, in _connect_sock
    await self.sock_connect(sock, address)
  File "/opt/homebrew/Cellar/python@3.14/3.14.2_1/Frameworks/Python.framework/Versions/3.14/lib/python3.14/asyncio/selector_events.py", line 645, in sock_connect
    return await fut
           ^^^^^^^^^
  File "/opt/homebrew/Cellar/python@3.14/3.14.2_1/Frameworks/Python.framework/Versions/3.14/lib/python3.14/asyncio/selector_events.py", line 685, in _sock_connect_cb
    raise OSError(err, f'Connect call failed {address}')
ConnectionRefusedError: [Errno 61] Connect call failed ('192.168.5.108', 4222)
nats: encountered error
Traceback (most recent call last):
  File "/Users/aaronnosbisch/REPOS/seed/mcp-servers/nats-bridge/venv/lib/python3.14/site-packages/nats/aio/client.py", line 1400, in _select_next_server
    await self._transport.connect(
    ...<3 lines>...
    )
  File "/Users/aaronnosbisch/REPOS/seed/mcp-servers/nats-bridge/venv/lib/python3.14/site-packages/nats/aio/transport.py", line 123, in connect
    r, w = await asyncio.wait_for(
           ^^^^^^^^^^^^^^^^^^^^^^^
    ...<6 lines>...
    )
    ^
  File "/opt/homebrew/Cellar/python@3.14/3.14.2_1/Frameworks/Python.framework/Versions/3.14/lib/python3.14/asyncio/tasks.py", line 488, in wait_for
    return await fut
           ^^^^^^^^^
  File "/opt/homebrew/Cellar/python@3.14/3.14.2_1/Frameworks/Python.framework/Versions/3.14/lib/python3.14/asyncio/streams.py", line 48, in open_connection
    transport, _ = await loop.create_connection(
                   ^^^^^^^^^^^^^^^^^^^^^^^^^^^^^
        lambda: protocol, host, port, **kwds)
        ^^^^^^^^^^^^^^^^^^^^^^^^^^^^^^^^^^^^^
  File "/opt/homebrew/Cellar/python@3.14/3.14.2_1/Frameworks/Python.framework/Versions/3.14/lib/python3.14/asyncio/base_events.py", line 1168, in create_connection
    raise exceptions[0]
  File "/opt/homebrew/Cellar/python@3.14/3.14.2_1/Frameworks/Python.framework/Versions/3.14/lib/python3.14/asyncio/base_events.py", line 1143, in create_connection
    sock = await self._connect_sock(
           ^^^^^^^^^^^^^^^^^^^^^^^^^
        exceptions, addrinfo, laddr_infos)
        ^^^^^^^^^^^^^^^^^^^^^^^^^^^^^^^^^^
  File "/opt/homebrew/Cellar/python@3.14/3.14.2_1/Frameworks/Python.framework/Versions/3.14/lib/python3.14/asyncio/base_events.py", line 1042, in _connect_sock
    await self.sock_connect(sock, address)
  File "/opt/homebrew/Cellar/python@3.14/3.14.2_1/Frameworks/Python.framework/Versions/3.14/lib/python3.14/asyncio/selector_events.py", line 645, in sock_connect
    return await fut
           ^^^^^^^^^
  File "/opt/homebrew/Cellar/python@3.14/3.14.2_1/Frameworks/Python.framework/Versions/3.14/lib/python3.14/asyncio/selector_events.py", line 685, in _sock_connect_cb
    raise OSError(err, f'Connect call failed {address}')
ConnectionRefusedError: [Errno 61] Connect call failed ('192.168.5.108', 4222)
nats: encountered error
Traceback (most recent call last):
  File "/Users/aaronnosbisch/REPOS/seed/mcp-servers/nats-bridge/venv/lib/python3.14/site-packages/nats/aio/client.py", line 1400, in _select_next_server
    await self._transport.connect(
    ...<3 lines>...
    )
  File "/Users/aaronnosbisch/REPOS/seed/mcp-servers/nats-bridge/venv/lib/python3.14/site-packages/nats/aio/transport.py", line 123, in connect
    r, w = await asyncio.wait_for(
           ^^^^^^^^^^^^^^^^^^^^^^^
    ...<6 lines>...
    )
    ^
  File "/opt/homebrew/Cellar/python@3.14/3.14.2_1/Frameworks/Python.framework/Versions/3.14/lib/python3.14/asyncio/tasks.py", line 488, in wait_for
    return await fut
           ^^^^^^^^^
  File "/opt/homebrew/Cellar/python@3.14/3.14.2_1/Frameworks/Python.framework/Versions/3.14/lib/python3.14/asyncio/streams.py", line 48, in open_connection
    transport, _ = await loop.create_connection(
                   ^^^^^^^^^^^^^^^^^^^^^^^^^^^^^
        lambda: protocol, host, port, **kwds)
        ^^^^^^^^^^^^^^^^^^^^^^^^^^^^^^^^^^^^^
  File "/opt/homebrew/Cellar/python@3.14/3.14.2_1/Frameworks/Python.framework/Versions/3.14/lib/python3.14/asyncio/base_events.py", line 1168, in create_connection
    raise exceptions[0]
  File "/opt/homebrew/Cellar/python@3.14/3.14.2_1/Frameworks/Python.framework/Versions/3.14/lib/python3.14/asyncio/base_events.py", line 1143, in create_connection
    sock = await self._connect_sock(
           ^^^^^^^^^^^^^^^^^^^^^^^^^
        exceptions, addrinfo, laddr_infos)
        ^^^^^^^^^^^^^^^^^^^^^^^^^^^^^^^^^^
  File "/opt/homebrew/Cellar/python@3.14/3.14.2_1/Frameworks/Python.framework/Versions/3.14/lib/python3.14/asyncio/base_events.py", line 1042, in _connect_sock
    await self.sock_connect(sock, address)
  File "/opt/homebrew/Cellar/python@3.14/3.14.2_1/Frameworks/Python.framework/Versions/3.14/lib/python3.14/asyncio/selector_events.py", line 645, in sock_connect
    return await fut
           ^^^^^^^^^
  File "/opt/homebrew/Cellar/python@3.14/3.14.2_1/Frameworks/Python.framework/Versions/3.14/lib/python3.14/asyncio/selector_events.py", line 685, in _sock_connect_cb
    raise OSError(err, f'Connect call failed {address}')
ConnectionRefusedError: [Errno 61] Connect call failed ('192.168.5.108', 4222)
nats: encountered error
Traceback (most recent call last):
  File "/Users/aaronnosbisch/REPOS/seed/mcp-servers/nats-bridge/venv/lib/python3.14/site-packages/nats/aio/client.py", line 1400, in _select_next_server
    await self._transport.connect(
    ...<3 lines>...
    )
  File "/Users/aaronnosbisch/REPOS/seed/mcp-servers/nats-bridge/venv/lib/python3.14/site-packages/nats/aio/transport.py", line 123, in connect
    r, w = await asyncio.wait_for(
           ^^^^^^^^^^^^^^^^^^^^^^^
    ...<6 lines>...
    )
    ^
  File "/opt/homebrew/Cellar/python@3.14/3.14.2_1/Frameworks/Python.framework/Versions/3.14/lib/python3.14/asyncio/tasks.py", line 488, in wait_for
    return await fut
           ^^^^^^^^^
  File "/opt/homebrew/Cellar/python@3.14/3.14.2_1/Frameworks/Python.framework/Versions/3.14/lib/python3.14/asyncio/streams.py", line 48, in open_connection
    transport, _ = await loop.create_connection(
                   ^^^^^^^^^^^^^^^^^^^^^^^^^^^^^
        lambda: protocol, host, port, **kwds)
        ^^^^^^^^^^^^^^^^^^^^^^^^^^^^^^^^^^^^^
  File "/opt/homebrew/Cellar/python@3.14/3.14.2_1/Frameworks/Python.framework/Versions/3.14/lib/python3.14/asyncio/base_events.py", line 1168, in create_connection
    raise exceptions[0]
  File "/opt/homebrew/Cellar/python@3.14/3.14.2_1/Frameworks/Python.framework/Versions/3.14/lib/python3.14/asyncio/base_events.py", line 1143, in create_connection
    sock = await self._connect_sock(
           ^^^^^^^^^^^^^^^^^^^^^^^^^
        exceptions, addrinfo, laddr_infos)
        ^^^^^^^^^^^^^^^^^^^^^^^^^^^^^^^^^^
  File "/opt/homebrew/Cellar/python@3.14/3.14.2_1/Frameworks/Python.framework/Versions/3.14/lib/python3.14/asyncio/base_events.py", line 1042, in _connect_sock
    await self.sock_connect(sock, address)
  File "/opt/homebrew/Cellar/python@3.14/3.14.2_1/Frameworks/Python.framework/Versions/3.14/lib/python3.14/asyncio/selector_events.py", line 645, in sock_connect
    return await fut
           ^^^^^^^^^
  File "/opt/homebrew/Cellar/python@3.14/3.14.2_1/Frameworks/Python.framework/Versions/3.14/lib/python3.14/asyncio/selector_events.py", line 685, in _sock_connect_cb
    raise OSError(err, f'Connect call failed {address}')
ConnectionRefusedError: [Errno 61] Connect call failed ('192.168.5.108', 4222)
nats: encountered error
Traceback (most recent call last):
  File "/Users/aaronnosbisch/REPOS/seed/mcp-servers/nats-bridge/venv/lib/python3.14/site-packages/nats/aio/client.py", line 1400, in _select_next_server
    await self._transport.connect(
    ...<3 lines>...
    )
  File "/Users/aaronnosbisch/REPOS/seed/mcp-servers/nats-bridge/venv/lib/python3.14/site-packages/nats/aio/transport.py", line 123, in connect
    r, w = await asyncio.wait_for(
           ^^^^^^^^^^^^^^^^^^^^^^^
    ...<6 lines>...
    )
    ^
  File "/opt/homebrew/Cellar/python@3.14/3.14.2_1/Frameworks/Python.framework/Versions/3.14/lib/python3.14/asyncio/tasks.py", line 488, in wait_for
    return await fut
           ^^^^^^^^^
  File "/opt/homebrew/Cellar/python@3.14/3.14.2_1/Frameworks/Python.framework/Versions/3.14/lib/python3.14/asyncio/streams.py", line 48, in open_connection
    transport, _ = await loop.create_connection(
                   ^^^^^^^^^^^^^^^^^^^^^^^^^^^^^
        lambda: protocol, host, port, **kwds)
        ^^^^^^^^^^^^^^^^^^^^^^^^^^^^^^^^^^^^^
  File "/opt/homebrew/Cellar/python@3.14/3.14.2_1/Frameworks/Python.framework/Versions/3.14/lib/python3.14/asyncio/base_events.py", line 1168, in create_connection
    raise exceptions[0]
  File "/opt/homebrew/Cellar/python@3.14/3.14.2_1/Frameworks/Python.framework/Versions/3.14/lib/python3.14/asyncio/base_events.py", line 1143, in create_connection
    sock = await self._connect_sock(
           ^^^^^^^^^^^^^^^^^^^^^^^^^
        exceptions, addrinfo, laddr_infos)
        ^^^^^^^^^^^^^^^^^^^^^^^^^^^^^^^^^^
  File "/opt/homebrew/Cellar/python@3.14/3.14.2_1/Frameworks/Python.framework/Versions/3.14/lib/python3.14/asyncio/base_events.py", line 1042, in _connect_sock
    await self.sock_connect(sock, address)
  File "/opt/homebrew/Cellar/python@3.14/3.14.2_1/Frameworks/Python.framework/Versions/3.14/lib/python3.14/asyncio/selector_events.py", line 645, in sock_connect
    return await fut
           ^^^^^^^^^
  File "/opt/homebrew/Cellar/python@3.14/3.14.2_1/Frameworks/Python.framework/Versions/3.14/lib/python3.14/asyncio/selector_events.py", line 685, in _sock_connect_cb
    raise OSError(err, f'Connect call failed {address}')
ConnectionRefusedError: [Errno 61] Connect call failed ('192.168.5.108', 4222)
nats: encountered error
Traceback (most recent call last):
  File "/Users/aaronnosbisch/REPOS/seed/mcp-servers/nats-bridge/venv/lib/python3.14/site-packages/nats/aio/client.py", line 1400, in _select_next_server
    await self._transport.connect(
    ...<3 lines>...
    )
  File "/Users/aaronnosbisch/REPOS/seed/mcp-servers/nats-bridge/venv/lib/python3.14/site-packages/nats/aio/transport.py", line 123, in connect
    r, w = await asyncio.wait_for(
           ^^^^^^^^^^^^^^^^^^^^^^^
    ...<6 lines>...
    )
    ^
  File "/opt/homebrew/Cellar/python@3.14/3.14.2_1/Frameworks/Python.framework/Versions/3.14/lib/python3.14/asyncio/tasks.py", line 488, in wait_for
    return await fut
           ^^^^^^^^^
  File "/opt/homebrew/Cellar/python@3.14/3.14.2_1/Frameworks/Python.framework/Versions/3.14/lib/python3.14/asyncio/streams.py", line 48, in open_connection
    transport, _ = await loop.create_connection(
                   ^^^^^^^^^^^^^^^^^^^^^^^^^^^^^
        lambda: protocol, host, port, **kwds)
        ^^^^^^^^^^^^^^^^^^^^^^^^^^^^^^^^^^^^^
  File "/opt/homebrew/Cellar/python@3.14/3.14.2_1/Frameworks/Python.framework/Versions/3.14/lib/python3.14/asyncio/base_events.py", line 1168, in create_connection
    raise exceptions[0]
  File "/opt/homebrew/Cellar/python@3.14/3.14.2_1/Frameworks/Python.framework/Versions/3.14/lib/python3.14/asyncio/base_events.py", line 1143, in create_connection
    sock = await self._connect_sock(
           ^^^^^^^^^^^^^^^^^^^^^^^^^
        exceptions, addrinfo, laddr_infos)
        ^^^^^^^^^^^^^^^^^^^^^^^^^^^^^^^^^^
  File "/opt/homebrew/Cellar/python@3.14/3.14.2_1/Frameworks/Python.framework/Versions/3.14/lib/python3.14/asyncio/base_events.py", line 1042, in _connect_sock
    await self.sock_connect(sock, address)
  File "/opt/homebrew/Cellar/python@3.14/3.14.2_1/Frameworks/Python.framework/Versions/3.14/lib/python3.14/asyncio/selector_events.py", line 645, in sock_connect
    return await fut
           ^^^^^^^^^
  File "/opt/homebrew/Cellar/python@3.14/3.14.2_1/Frameworks/Python.framework/Versions/3.14/lib/python3.14/asyncio/selector_events.py", line 685, in _sock_connect_cb
    raise OSError(err, f'Connect call failed {address}')
ConnectionRefusedError: [Errno 61] Connect call failed ('192.168.5.108', 4222)
nats: encountered error
Traceback (most recent call last):
  File "/Users/aaronnosbisch/REPOS/seed/mcp-servers/nats-bridge/venv/lib/python3.14/site-packages/nats/aio/client.py", line 1400, in _select_next_server
    await self._transport.connect(
    ...<3 lines>...
    )
  File "/Users/aaronnosbisch/REPOS/seed/mcp-servers/nats-bridge/venv/lib/python3.14/site-packages/nats/aio/transport.py", line 123, in connect
    r, w = await asyncio.wait_for(
           ^^^^^^^^^^^^^^^^^^^^^^^
    ...<6 lines>...
    )
    ^
  File "/opt/homebrew/Cellar/python@3.14/3.14.2_1/Frameworks/Python.framework/Versions/3.14/lib/python3.14/asyncio/tasks.py", line 488, in wait_for
    return await fut
           ^^^^^^^^^
  File "/opt/homebrew/Cellar/python@3.14/3.14.2_1/Frameworks/Python.framework/Versions/3.14/lib/python3.14/asyncio/streams.py", line 48, in open_connection
    transport, _ = await loop.create_connection(
                   ^^^^^^^^^^^^^^^^^^^^^^^^^^^^^
        lambda: protocol, host, port, **kwds)
        ^^^^^^^^^^^^^^^^^^^^^^^^^^^^^^^^^^^^^
  File "/opt/homebrew/Cellar/python@3.14/3.14.2_1/Frameworks/Python.framework/Versions/3.14/lib/python3.14/asyncio/base_events.py", line 1168, in create_connection
    raise exceptions[0]
  File "/opt/homebrew/Cellar/python@3.14/3.14.2_1/Frameworks/Python.framework/Versions/3.14/lib/python3.14/asyncio/base_events.py", line 1143, in create_connection
    sock = await self._connect_sock(
           ^^^^^^^^^^^^^^^^^^^^^^^^^
        exceptions, addrinfo, laddr_infos)
        ^^^^^^^^^^^^^^^^^^^^^^^^^^^^^^^^^^
  File "/opt/homebrew/Cellar/python@3.14/3.14.2_1/Frameworks/Python.framework/Versions/3.14/lib/python3.14/asyncio/base_events.py", line 1042, in _connect_sock
    await self.sock_connect(sock, address)
  File "/opt/homebrew/Cellar/python@3.14/3.14.2_1/Frameworks/Python.framework/Versions/3.14/lib/python3.14/asyncio/selector_events.py", line 645, in sock_connect
    return await fut
           ^^^^^^^^^
  File "/opt/homebrew/Cellar/python@3.14/3.14.2_1/Frameworks/Python.framework/Versions/3.14/lib/python3.14/asyncio/selector_events.py", line 685, in _sock_connect_cb
    raise OSError(err, f'Connect call failed {address}')
ConnectionRefusedError: [Errno 61] Connect call failed ('192.168.5.108', 4222)
nats: encountered error
Traceback (most recent call last):
  File "/Users/aaronnosbisch/REPOS/seed/mcp-servers/nats-bridge/venv/lib/python3.14/site-packages/nats/aio/client.py", line 1400, in _select_next_server
    await self._transport.connect(
    ...<3 lines>...
    )
  File "/Users/aaronnosbisch/REPOS/seed/mcp-servers/nats-bridge/venv/lib/python3.14/site-packages/nats/aio/transport.py", line 123, in connect
    r, w = await asyncio.wait_for(
           ^^^^^^^^^^^^^^^^^^^^^^^
    ...<6 lines>...
    )
    ^
  File "/opt/homebrew/Cellar/python@3.14/3.14.2_1/Frameworks/Python.framework/Versions/3.14/lib/python3.14/asyncio/tasks.py", line 488, in wait_for
    return await fut
           ^^^^^^^^^
  File "/opt/homebrew/Cellar/python@3.14/3.14.2_1/Frameworks/Python.framework/Versions/3.14/lib/python3.14/asyncio/streams.py", line 48, in open_connection
    transport, _ = await loop.create_connection(
                   ^^^^^^^^^^^^^^^^^^^^^^^^^^^^^
        lambda: protocol, host, port, **kwds)
        ^^^^^^^^^^^^^^^^^^^^^^^^^^^^^^^^^^^^^
  File "/opt/homebrew/Cellar/python@3.14/3.14.2_1/Frameworks/Python.framework/Versions/3.14/lib/python3.14/asyncio/base_events.py", line 1168, in create_connection
    raise exceptions[0]
  File "/opt/homebrew/Cellar/python@3.14/3.14.2_1/Frameworks/Python.framework/Versions/3.14/lib/python3.14/asyncio/base_events.py", line 1143, in create_connection
    sock = await self._connect_sock(
           ^^^^^^^^^^^^^^^^^^^^^^^^^
        exceptions, addrinfo, laddr_infos)
        ^^^^^^^^^^^^^^^^^^^^^^^^^^^^^^^^^^
  File "/opt/homebrew/Cellar/python@3.14/3.14.2_1/Frameworks/Python.framework/Versions/3.14/lib/python3.14/asyncio/base_events.py", line 1042, in _connect_sock
    await self.sock_connect(sock, address)
  File "/opt/homebrew/Cellar/python@3.14/3.14.2_1/Frameworks/Python.framework/Versions/3.14/lib/python3.14/asyncio/selector_events.py", line 645, in sock_connect
    return await fut
           ^^^^^^^^^
  File "/opt/homebrew/Cellar/python@3.14/3.14.2_1/Frameworks/Python.framework/Versions/3.14/lib/python3.14/asyncio/selector_events.py", line 685, in _sock_connect_cb
    raise OSError(err, f'Connect call failed {address}')
ConnectionRefusedError: [Errno 61] Connect call failed ('192.168.5.108', 4222)
nats: encountered error
Traceback (most recent call last):
  File "/Users/aaronnosbisch/REPOS/seed/mcp-servers/nats-bridge/venv/lib/python3.14/site-packages/nats/aio/client.py", line 1400, in _select_next_server
    await self._transport.connect(
    ...<3 lines>...
    )
  File "/Users/aaronnosbisch/REPOS/seed/mcp-servers/nats-bridge/venv/lib/python3.14/site-packages/nats/aio/transport.py", line 123, in connect
    r, w = await asyncio.wait_for(
           ^^^^^^^^^^^^^^^^^^^^^^^
    ...<6 lines>...
    )
    ^
  File "/opt/homebrew/Cellar/python@3.14/3.14.2_1/Frameworks/Python.framework/Versions/3.14/lib/python3.14/asyncio/tasks.py", line 488, in wait_for
    return await fut
           ^^^^^^^^^
  File "/opt/homebrew/Cellar/python@3.14/3.14.2_1/Frameworks/Python.framework/Versions/3.14/lib/python3.14/asyncio/streams.py", line 48, in open_connection
    transport, _ = await loop.create_connection(
                   ^^^^^^^^^^^^^^^^^^^^^^^^^^^^^
        lambda: protocol, host, port, **kwds)
        ^^^^^^^^^^^^^^^^^^^^^^^^^^^^^^^^^^^^^
  File "/opt/homebrew/Cellar/python@3.14/3.14.2_1/Frameworks/Python.framework/Versions/3.14/lib/python3.14/asyncio/base_events.py", line 1168, in create_connection
    raise exceptions[0]
  File "/opt/homebrew/Cellar/python@3.14/3.14.2_1/Frameworks/Python.framework/Versions/3.14/lib/python3.14/asyncio/base_events.py", line 1143, in create_connection
    sock = await self._connect_sock(
           ^^^^^^^^^^^^^^^^^^^^^^^^^
        exceptions, addrinfo, laddr_infos)
        ^^^^^^^^^^^^^^^^^^^^^^^^^^^^^^^^^^
  File "/opt/homebrew/Cellar/python@3.14/3.14.2_1/Frameworks/Python.framework/Versions/3.14/lib/python3.14/asyncio/base_events.py", line 1042, in _connect_sock
    await self.sock_connect(sock, address)
  File "/opt/homebrew/Cellar/python@3.14/3.14.2_1/Frameworks/Python.framework/Versions/3.14/lib/python3.14/asyncio/selector_events.py", line 645, in sock_connect
    return await fut
           ^^^^^^^^^
  File "/opt/homebrew/Cellar/python@3.14/3.14.2_1/Frameworks/Python.framework/Versions/3.14/lib/python3.14/asyncio/selector_events.py", line 685, in _sock_connect_cb
    raise OSError(err, f'Connect call failed {address}')
ConnectionRefusedError: [Errno 61] Connect call failed ('192.168.5.108', 4222)
nats: encountered error
Traceback (most recent call last):
  File "/Users/aaronnosbisch/REPOS/seed/mcp-servers/nats-bridge/venv/lib/python3.14/site-packages/nats/aio/client.py", line 1400, in _select_next_server
    await self._transport.connect(
    ...<3 lines>...
    )
  File "/Users/aaronnosbisch/REPOS/seed/mcp-servers/nats-bridge/venv/lib/python3.14/site-packages/nats/aio/transport.py", line 123, in connect
    r, w = await asyncio.wait_for(
           ^^^^^^^^^^^^^^^^^^^^^^^
    ...<6 lines>...
    )
    ^
  File "/opt/homebrew/Cellar/python@3.14/3.14.2_1/Frameworks/Python.framework/Versions/3.14/lib/python3.14/asyncio/tasks.py", line 488, in wait_for
    return await fut
           ^^^^^^^^^
  File "/opt/homebrew/Cellar/python@3.14/3.14.2_1/Frameworks/Python.framework/Versions/3.14/lib/python3.14/asyncio/streams.py", line 48, in open_connection
    transport, _ = await loop.create_connection(
                   ^^^^^^^^^^^^^^^^^^^^^^^^^^^^^
        lambda: protocol, host, port, **kwds)
        ^^^^^^^^^^^^^^^^^^^^^^^^^^^^^^^^^^^^^
  File "/opt/homebrew/Cellar/python@3.14/3.14.2_1/Frameworks/Python.framework/Versions/3.14/lib/python3.14/asyncio/base_events.py", line 1168, in create_connection
    raise exceptions[0]
  File "/opt/homebrew/Cellar/python@3.14/3.14.2_1/Frameworks/Python.framework/Versions/3.14/lib/python3.14/asyncio/base_events.py", line 1143, in create_connection
    sock = await self._connect_sock(
           ^^^^^^^^^^^^^^^^^^^^^^^^^
        exceptions, addrinfo, laddr_infos)
        ^^^^^^^^^^^^^^^^^^^^^^^^^^^^^^^^^^
  File "/opt/homebrew/Cellar/python@3.14/3.14.2_1/Frameworks/Python.framework/Versions/3.14/lib/python3.14/asyncio/base_events.py", line 1042, in _connect_sock
    await self.sock_connect(sock, address)
  File "/opt/homebrew/Cellar/python@3.14/3.14.2_1/Frameworks/Python.framework/Versions/3.14/lib/python3.14/asyncio/selector_events.py", line 645, in sock_connect
    return await fut
           ^^^^^^^^^
  File "/opt/homebrew/Cellar/python@3.14/3.14.2_1/Frameworks/Python.framework/Versions/3.14/lib/python3.14/asyncio/selector_events.py", line 685, in _sock_connect_cb
    raise OSError(err, f'Connect call failed {address}')
ConnectionRefusedError: [Errno 61] Connect call failed ('192.168.5.108', 4222)
nats: encountered error
Traceback (most recent call last):
  File "/Users/aaronnosbisch/REPOS/seed/mcp-servers/nats-bridge/venv/lib/python3.14/site-packages/nats/aio/client.py", line 1400, in _select_next_server
    await self._transport.connect(
    ...<3 lines>...
    )
  File "/Users/aaronnosbisch/REPOS/seed/mcp-servers/nats-bridge/venv/lib/python3.14/site-packages/nats/aio/transport.py", line 123, in connect
    r, w = await asyncio.wait_for(
           ^^^^^^^^^^^^^^^^^^^^^^^
    ...<6 lines>...
    )
    ^
  File "/opt/homebrew/Cellar/python@3.14/3.14.2_1/Frameworks/Python.framework/Versions/3.14/lib/python3.14/asyncio/tasks.py", line 488, in wait_for
    return await fut
           ^^^^^^^^^
  File "/opt/homebrew/Cellar/python@3.14/3.14.2_1/Frameworks/Python.framework/Versions/3.14/lib/python3.14/asyncio/streams.py", line 48, in open_connection
    transport, _ = await loop.create_connection(
                   ^^^^^^^^^^^^^^^^^^^^^^^^^^^^^
        lambda: protocol, host, port, **kwds)
        ^^^^^^^^^^^^^^^^^^^^^^^^^^^^^^^^^^^^^
  File "/opt/homebrew/Cellar/python@3.14/3.14.2_1/Frameworks/Python.framework/Versions/3.14/lib/python3.14/asyncio/base_events.py", line 1168, in create_connection
    raise exceptions[0]
  File "/opt/homebrew/Cellar/python@3.14/3.14.2_1/Frameworks/Python.framework/Versions/3.14/lib/python3.14/asyncio/base_events.py", line 1143, in create_connection
    sock = await self._connect_sock(
           ^^^^^^^^^^^^^^^^^^^^^^^^^
        exceptions, addrinfo, laddr_infos)
        ^^^^^^^^^^^^^^^^^^^^^^^^^^^^^^^^^^
  File "/opt/homebrew/Cellar/python@3.14/3.14.2_1/Frameworks/Python.framework/Versions/3.14/lib/python3.14/asyncio/base_events.py", line 1042, in _connect_sock
    await self.sock_connect(sock, address)
  File "/opt/homebrew/Cellar/python@3.14/3.14.2_1/Frameworks/Python.framework/Versions/3.14/lib/python3.14/asyncio/selector_events.py", line 645, in sock_connect
    return await fut
           ^^^^^^^^^
  File "/opt/homebrew/Cellar/python@3.14/3.14.2_1/Frameworks/Python.framework/Versions/3.14/lib/python3.14/asyncio/selector_events.py", line 685, in _sock_connect_cb
    raise OSError(err, f'Connect call failed {address}')
ConnectionRefusedError: [Errno 61] Connect call failed ('192.168.5.108', 4222)
nats: encountered error
Traceback (most recent call last):
  File "/Users/aaronnosbisch/REPOS/seed/mcp-servers/nats-bridge/venv/lib/python3.14/site-packages/nats/aio/client.py", line 1400, in _select_next_server
    await self._transport.connect(
    ...<3 lines>...
    )
  File "/Users/aaronnosbisch/REPOS/seed/mcp-servers/nats-bridge/venv/lib/python3.14/site-packages/nats/aio/transport.py", line 123, in connect
    r, w = await asyncio.wait_for(
           ^^^^^^^^^^^^^^^^^^^^^^^
    ...<6 lines>...
    )
    ^
  File "/opt/homebrew/Cellar/python@3.14/3.14.2_1/Frameworks/Python.framework/Versions/3.14/lib/python3.14/asyncio/tasks.py", line 488, in wait_for
    return await fut
           ^^^^^^^^^
  File "/opt/homebrew/Cellar/python@3.14/3.14.2_1/Frameworks/Python.framework/Versions/3.14/lib/python3.14/asyncio/streams.py", line 48, in open_connection
    transport, _ = await loop.create_connection(
                   ^^^^^^^^^^^^^^^^^^^^^^^^^^^^^
        lambda: protocol, host, port, **kwds)
        ^^^^^^^^^^^^^^^^^^^^^^^^^^^^^^^^^^^^^
  File "/opt/homebrew/Cellar/python@3.14/3.14.2_1/Frameworks/Python.framework/Versions/3.14/lib/python3.14/asyncio/base_events.py", line 1168, in create_connection
    raise exceptions[0]
  File "/opt/homebrew/Cellar/python@3.14/3.14.2_1/Frameworks/Python.framework/Versions/3.14/lib/python3.14/asyncio/base_events.py", line 1143, in create_connection
    sock = await self._connect_sock(
           ^^^^^^^^^^^^^^^^^^^^^^^^^
        exceptions, addrinfo, laddr_infos)
        ^^^^^^^^^^^^^^^^^^^^^^^^^^^^^^^^^^
  File "/opt/homebrew/Cellar/python@3.14/3.14.2_1/Frameworks/Python.framework/Versions/3.14/lib/python3.14/asyncio/base_events.py", line 1042, in _connect_sock
    await self.sock_connect(sock, address)
  File "/opt/homebrew/Cellar/python@3.14/3.14.2_1/Frameworks/Python.framework/Versions/3.14/lib/python3.14/asyncio/selector_events.py", line 645, in sock_connect
    return await fut
           ^^^^^^^^^
  File "/opt/homebrew/Cellar/python@3.14/3.14.2_1/Frameworks/Python.framework/Versions/3.14/lib/python3.14/asyncio/selector_events.py", line 685, in _sock_connect_cb
    raise OSError(err, f'Connect call failed {address}')
ConnectionRefusedError: [Errno 61] Connect call failed ('192.168.5.108', 4222)
nats: encountered error
Traceback (most recent call last):
  File "/Users/aaronnosbisch/REPOS/seed/mcp-servers/nats-bridge/venv/lib/python3.14/site-packages/nats/aio/client.py", line 1400, in _select_next_server
    await self._transport.connect(
    ...<3 lines>...
    )
  File "/Users/aaronnosbisch/REPOS/seed/mcp-servers/nats-bridge/venv/lib/python3.14/site-packages/nats/aio/transport.py", line 123, in connect
    r, w = await asyncio.wait_for(
           ^^^^^^^^^^^^^^^^^^^^^^^
    ...<6 lines>...
    )
    ^
  File "/opt/homebrew/Cellar/python@3.14/3.14.2_1/Frameworks/Python.framework/Versions/3.14/lib/python3.14/asyncio/tasks.py", line 488, in wait_for
    return await fut
           ^^^^^^^^^
  File "/opt/homebrew/Cellar/python@3.14/3.14.2_1/Frameworks/Python.framework/Versions/3.14/lib/python3.14/asyncio/streams.py", line 48, in open_connection
    transport, _ = await loop.create_connection(
                   ^^^^^^^^^^^^^^^^^^^^^^^^^^^^^
        lambda: protocol, host, port, **kwds)
        ^^^^^^^^^^^^^^^^^^^^^^^^^^^^^^^^^^^^^
  File "/opt/homebrew/Cellar/python@3.14/3.14.2_1/Frameworks/Python.framework/Versions/3.14/lib/python3.14/asyncio/base_events.py", line 1168, in create_connection
    raise exceptions[0]
  File "/opt/homebrew/Cellar/python@3.14/3.14.2_1/Frameworks/Python.framework/Versions/3.14/lib/python3.14/asyncio/base_events.py", line 1143, in create_connection
    sock = await self._connect_sock(
           ^^^^^^^^^^^^^^^^^^^^^^^^^
        exceptions, addrinfo, laddr_infos)
        ^^^^^^^^^^^^^^^^^^^^^^^^^^^^^^^^^^
  File "/opt/homebrew/Cellar/python@3.14/3.14.2_1/Frameworks/Python.framework/Versions/3.14/lib/python3.14/asyncio/base_events.py", line 1042, in _connect_sock
    await self.sock_connect(sock, address)
  File "/opt/homebrew/Cellar/python@3.14/3.14.2_1/Frameworks/Python.framework/Versions/3.14/lib/python3.14/asyncio/selector_events.py", line 645, in sock_connect
    return await fut
           ^^^^^^^^^
  File "/opt/homebrew/Cellar/python@3.14/3.14.2_1/Frameworks/Python.framework/Versions/3.14/lib/python3.14/asyncio/selector_events.py", line 685, in _sock_connect_cb
    raise OSError(err, f'Connect call failed {address}')
ConnectionRefusedError: [Errno 61] Connect call failed ('192.168.5.108', 4222)
nats: encountered error
Traceback (most recent call last):
  File "/Users/aaronnosbisch/REPOS/seed/mcp-servers/nats-bridge/venv/lib/python3.14/site-packages/nats/aio/client.py", line 1400, in _select_next_server
    await self._transport.connect(
    ...<3 lines>...
    )
  File "/Users/aaronnosbisch/REPOS/seed/mcp-servers/nats-bridge/venv/lib/python3.14/site-packages/nats/aio/transport.py", line 123, in connect
    r, w = await asyncio.wait_for(
           ^^^^^^^^^^^^^^^^^^^^^^^
    ...<6 lines>...
    )
    ^
  File "/opt/homebrew/Cellar/python@3.14/3.14.2_1/Frameworks/Python.framework/Versions/3.14/lib/python3.14/asyncio/tasks.py", line 488, in wait_for
    return await fut
           ^^^^^^^^^
  File "/opt/homebrew/Cellar/python@3.14/3.14.2_1/Frameworks/Python.framework/Versions/3.14/lib/python3.14/asyncio/streams.py", line 48, in open_connection
    transport, _ = await loop.create_connection(
                   ^^^^^^^^^^^^^^^^^^^^^^^^^^^^^
        lambda: protocol, host, port, **kwds)
        ^^^^^^^^^^^^^^^^^^^^^^^^^^^^^^^^^^^^^
  File "/opt/homebrew/Cellar/python@3.14/3.14.2_1/Frameworks/Python.framework/Versions/3.14/lib/python3.14/asyncio/base_events.py", line 1168, in create_connection
    raise exceptions[0]
  File "/opt/homebrew/Cellar/python@3.14/3.14.2_1/Frameworks/Python.framework/Versions/3.14/lib/python3.14/asyncio/base_events.py", line 1143, in create_connection
    sock = await self._connect_sock(
           ^^^^^^^^^^^^^^^^^^^^^^^^^
        exceptions, addrinfo, laddr_infos)
        ^^^^^^^^^^^^^^^^^^^^^^^^^^^^^^^^^^
  File "/opt/homebrew/Cellar/python@3.14/3.14.2_1/Frameworks/Python.framework/Versions/3.14/lib/python3.14/asyncio/base_events.py", line 1042, in _connect_sock
    await self.sock_connect(sock, address)
  File "/opt/homebrew/Cellar/python@3.14/3.14.2_1/Frameworks/Python.framework/Versions/3.14/lib/python3.14/asyncio/selector_events.py", line 645, in sock_connect
    return await fut
           ^^^^^^^^^
  File "/opt/homebrew/Cellar/python@3.14/3.14.2_1/Frameworks/Python.framework/Versions/3.14/lib/python3.14/asyncio/selector_events.py", line 685, in _sock_connect_cb
    raise OSError(err, f'Connect call failed {address}')
ConnectionRefusedError: [Errno 61] Connect call failed ('192.168.5.108', 4222)
nats: encountered error
Traceback (most recent call last):
  File "/Users/aaronnosbisch/REPOS/seed/mcp-servers/nats-bridge/venv/lib/python3.14/site-packages/nats/aio/client.py", line 1400, in _select_next_server
    await self._transport.connect(
    ...<3 lines>...
    )
  File "/Users/aaronnosbisch/REPOS/seed/mcp-servers/nats-bridge/venv/lib/python3.14/site-packages/nats/aio/transport.py", line 123, in connect
    r, w = await asyncio.wait_for(
           ^^^^^^^^^^^^^^^^^^^^^^^
    ...<6 lines>...
    )
    ^
  File "/opt/homebrew/Cellar/python@3.14/3.14.2_1/Frameworks/Python.framework/Versions/3.14/lib/python3.14/asyncio/tasks.py", line 488, in wait_for
    return await fut
           ^^^^^^^^^
  File "/opt/homebrew/Cellar/python@3.14/3.14.2_1/Frameworks/Python.framework/Versions/3.14/lib/python3.14/asyncio/streams.py", line 48, in open_connection
    transport, _ = await loop.create_connection(
                   ^^^^^^^^^^^^^^^^^^^^^^^^^^^^^
        lambda: protocol, host, port, **kwds)
        ^^^^^^^^^^^^^^^^^^^^^^^^^^^^^^^^^^^^^
  File "/opt/homebrew/Cellar/python@3.14/3.14.2_1/Frameworks/Python.framework/Versions/3.14/lib/python3.14/asyncio/base_events.py", line 1168, in create_connection
    raise exceptions[0]
  File "/opt/homebrew/Cellar/python@3.14/3.14.2_1/Frameworks/Python.framework/Versions/3.14/lib/python3.14/asyncio/base_events.py", line 1143, in create_connection
    sock = await self._connect_sock(
           ^^^^^^^^^^^^^^^^^^^^^^^^^
        exceptions, addrinfo, laddr_infos)
        ^^^^^^^^^^^^^^^^^^^^^^^^^^^^^^^^^^
  File "/opt/homebrew/Cellar/python@3.14/3.14.2_1/Frameworks/Python.framework/Versions/3.14/lib/python3.14/asyncio/base_events.py", line 1042, in _connect_sock
    await self.sock_connect(sock, address)
  File "/opt/homebrew/Cellar/python@3.14/3.14.2_1/Frameworks/Python.framework/Versions/3.14/lib/python3.14/asyncio/selector_events.py", line 645, in sock_connect
    return await fut
           ^^^^^^^^^
  File "/opt/homebrew/Cellar/python@3.14/3.14.2_1/Frameworks/Python.framework/Versions/3.14/lib/python3.14/asyncio/selector_events.py", line 685, in _sock_connect_cb
    raise OSError(err, f'Connect call failed {address}')
ConnectionRefusedError: [Errno 61] Connect call failed ('192.168.5.108', 4222)
nats: encountered error
Traceback (most recent call last):
  File "/Users/aaronnosbisch/REPOS/seed/mcp-servers/nats-bridge/venv/lib/python3.14/site-packages/nats/aio/client.py", line 1400, in _select_next_server
    await self._transport.connect(
    ...<3 lines>...
    )
  File "/Users/aaronnosbisch/REPOS/seed/mcp-servers/nats-bridge/venv/lib/python3.14/site-packages/nats/aio/transport.py", line 123, in connect
    r, w = await asyncio.wait_for(
           ^^^^^^^^^^^^^^^^^^^^^^^
    ...<6 lines>...
    )
    ^
  File "/opt/homebrew/Cellar/python@3.14/3.14.2_1/Frameworks/Python.framework/Versions/3.14/lib/python3.14/asyncio/tasks.py", line 488, in wait_for
    return await fut
           ^^^^^^^^^
  File "/opt/homebrew/Cellar/python@3.14/3.14.2_1/Frameworks/Python.framework/Versions/3.14/lib/python3.14/asyncio/streams.py", line 48, in open_connection
    transport, _ = await loop.create_connection(
                   ^^^^^^^^^^^^^^^^^^^^^^^^^^^^^
        lambda: protocol, host, port, **kwds)
        ^^^^^^^^^^^^^^^^^^^^^^^^^^^^^^^^^^^^^
  File "/opt/homebrew/Cellar/python@3.14/3.14.2_1/Frameworks/Python.framework/Versions/3.14/lib/python3.14/asyncio/base_events.py", line 1168, in create_connection
    raise exceptions[0]
  File "/opt/homebrew/Cellar/python@3.14/3.14.2_1/Frameworks/Python.framework/Versions/3.14/lib/python3.14/asyncio/base_events.py", line 1143, in create_connection
    sock = await self._connect_sock(
           ^^^^^^^^^^^^^^^^^^^^^^^^^
        exceptions, addrinfo, laddr_infos)
        ^^^^^^^^^^^^^^^^^^^^^^^^^^^^^^^^^^
  File "/opt/homebrew/Cellar/python@3.14/3.14.2_1/Frameworks/Python.framework/Versions/3.14/lib/python3.14/asyncio/base_events.py", line 1042, in _connect_sock
    await self.sock_connect(sock, address)
  File "/opt/homebrew/Cellar/python@3.14/3.14.2_1/Frameworks/Python.framework/Versions/3.14/lib/python3.14/asyncio/selector_events.py", line 645, in sock_connect
    return await fut
           ^^^^^^^^^
  File "/opt/homebrew/Cellar/python@3.14/3.14.2_1/Frameworks/Python.framework/Versions/3.14/lib/python3.14/asyncio/selector_events.py", line 685, in _sock_connect_cb
    raise OSError(err, f'Connect call failed {address}')
ConnectionRefusedError: [Errno 61] Connect call failed ('192.168.5.108', 4222)
nats: encountered error
Traceback (most recent call last):
  File "/Users/aaronnosbisch/REPOS/seed/mcp-servers/nats-bridge/venv/lib/python3.14/site-packages/nats/aio/client.py", line 1400, in _select_next_server
    await self._transport.connect(
    ...<3 lines>...
    )
  File "/Users/aaronnosbisch/REPOS/seed/mcp-servers/nats-bridge/venv/lib/python3.14/site-packages/nats/aio/transport.py", line 123, in connect
    r, w = await asyncio.wait_for(
           ^^^^^^^^^^^^^^^^^^^^^^^
    ...<6 lines>...
    )
    ^
  File "/opt/homebrew/Cellar/python@3.14/3.14.2_1/Frameworks/Python.framework/Versions/3.14/lib/python3.14/asyncio/tasks.py", line 488, in wait_for
    return await fut
           ^^^^^^^^^
  File "/opt/homebrew/Cellar/python@3.14/3.14.2_1/Frameworks/Python.framework/Versions/3.14/lib/python3.14/asyncio/streams.py", line 48, in open_connection
    transport, _ = await loop.create_connection(
                   ^^^^^^^^^^^^^^^^^^^^^^^^^^^^^
        lambda: protocol, host, port, **kwds)
        ^^^^^^^^^^^^^^^^^^^^^^^^^^^^^^^^^^^^^
  File "/opt/homebrew/Cellar/python@3.14/3.14.2_1/Frameworks/Python.framework/Versions/3.14/lib/python3.14/asyncio/base_events.py", line 1168, in create_connection
    raise exceptions[0]
  File "/opt/homebrew/Cellar/python@3.14/3.14.2_1/Frameworks/Python.framework/Versions/3.14/lib/python3.14/asyncio/base_events.py", line 1143, in create_connection
    sock = await self._connect_sock(
           ^^^^^^^^^^^^^^^^^^^^^^^^^
        exceptions, addrinfo, laddr_infos)
        ^^^^^^^^^^^^^^^^^^^^^^^^^^^^^^^^^^
  File "/opt/homebrew/Cellar/python@3.14/3.14.2_1/Frameworks/Python.framework/Versions/3.14/lib/python3.14/asyncio/base_events.py", line 1042, in _connect_sock
    await self.sock_connect(sock, address)
  File "/opt/homebrew/Cellar/python@3.14/3.14.2_1/Frameworks/Python.framework/Versions/3.14/lib/python3.14/asyncio/selector_events.py", line 645, in sock_connect
    return await fut
           ^^^^^^^^^
  File "/opt/homebrew/Cellar/python@3.14/3.14.2_1/Frameworks/Python.framework/Versions/3.14/lib/python3.14/asyncio/selector_events.py", line 685, in _sock_connect_cb
    raise OSError(err, f'Connect call failed {address}')
ConnectionRefusedError: [Errno 61] Connect call failed ('192.168.5.108', 4222)
nats: encountered error
Traceback (most recent call last):
  File "/Users/aaronnosbisch/REPOS/seed/mcp-servers/nats-bridge/venv/lib/python3.14/site-packages/nats/aio/client.py", line 1400, in _select_next_server
    await self._transport.connect(
    ...<3 lines>...
    )
  File "/Users/aaronnosbisch/REPOS/seed/mcp-servers/nats-bridge/venv/lib/python3.14/site-packages/nats/aio/transport.py", line 123, in connect
    r, w = await asyncio.wait_for(
           ^^^^^^^^^^^^^^^^^^^^^^^
    ...<6 lines>...
    )
    ^
  File "/opt/homebrew/Cellar/python@3.14/3.14.2_1/Frameworks/Python.framework/Versions/3.14/lib/python3.14/asyncio/tasks.py", line 488, in wait_for
    return await fut
           ^^^^^^^^^
  File "/opt/homebrew/Cellar/python@3.14/3.14.2_1/Frameworks/Python.framework/Versions/3.14/lib/python3.14/asyncio/streams.py", line 48, in open_connection
    transport, _ = await loop.create_connection(
                   ^^^^^^^^^^^^^^^^^^^^^^^^^^^^^
        lambda: protocol, host, port, **kwds)
        ^^^^^^^^^^^^^^^^^^^^^^^^^^^^^^^^^^^^^
  File "/opt/homebrew/Cellar/python@3.14/3.14.2_1/Frameworks/Python.framework/Versions/3.14/lib/python3.14/asyncio/base_events.py", line 1168, in create_connection
    raise exceptions[0]
  File "/opt/homebrew/Cellar/python@3.14/3.14.2_1/Frameworks/Python.framework/Versions/3.14/lib/python3.14/asyncio/base_events.py", line 1143, in create_connection
    sock = await self._connect_sock(
           ^^^^^^^^^^^^^^^^^^^^^^^^^
        exceptions, addrinfo, laddr_infos)
        ^^^^^^^^^^^^^^^^^^^^^^^^^^^^^^^^^^
  File "/opt/homebrew/Cellar/python@3.14/3.14.2_1/Frameworks/Python.framework/Versions/3.14/lib/python3.14/asyncio/base_events.py", line 1042, in _connect_sock
    await self.sock_connect(sock, address)
  File "/opt/homebrew/Cellar/python@3.14/3.14.2_1/Frameworks/Python.framework/Versions/3.14/lib/python3.14/asyncio/selector_events.py", line 645, in sock_connect
    return await fut
           ^^^^^^^^^
  File "/opt/homebrew/Cellar/python@3.14/3.14.2_1/Frameworks/Python.framework/Versions/3.14/lib/python3.14/asyncio/selector_events.py", line 685, in _sock_connect_cb
    raise OSError(err, f'Connect call failed {address}')
ConnectionRefusedError: [Errno 61] Connect call failed ('192.168.5.108', 4222)
nats: encountered error
Traceback (most recent call last):
  File "/Users/aaronnosbisch/REPOS/seed/mcp-servers/nats-bridge/venv/lib/python3.14/site-packages/nats/aio/client.py", line 1400, in _select_next_server
    await self._transport.connect(
    ...<3 lines>...
    )
  File "/Users/aaronnosbisch/REPOS/seed/mcp-servers/nats-bridge/venv/lib/python3.14/site-packages/nats/aio/transport.py", line 123, in connect
    r, w = await asyncio.wait_for(
           ^^^^^^^^^^^^^^^^^^^^^^^
    ...<6 lines>...
    )
    ^
  File "/opt/homebrew/Cellar/python@3.14/3.14.2_1/Frameworks/Python.framework/Versions/3.14/lib/python3.14/asyncio/tasks.py", line 488, in wait_for
    return await fut
           ^^^^^^^^^
  File "/opt/homebrew/Cellar/python@3.14/3.14.2_1/Frameworks/Python.framework/Versions/3.14/lib/python3.14/asyncio/streams.py", line 48, in open_connection
    transport, _ = await loop.create_connection(
                   ^^^^^^^^^^^^^^^^^^^^^^^^^^^^^
        lambda: protocol, host, port, **kwds)
        ^^^^^^^^^^^^^^^^^^^^^^^^^^^^^^^^^^^^^
  File "/opt/homebrew/Cellar/python@3.14/3.14.2_1/Frameworks/Python.framework/Versions/3.14/lib/python3.14/asyncio/base_events.py", line 1168, in create_connection
    raise exceptions[0]
  File "/opt/homebrew/Cellar/python@3.14/3.14.2_1/Frameworks/Python.framework/Versions/3.14/lib/python3.14/asyncio/base_events.py", line 1143, in create_connection
    sock = await self._connect_sock(
           ^^^^^^^^^^^^^^^^^^^^^^^^^
        exceptions, addrinfo, laddr_infos)
        ^^^^^^^^^^^^^^^^^^^^^^^^^^^^^^^^^^
  File "/opt/homebrew/Cellar/python@3.14/3.14.2_1/Frameworks/Python.framework/Versions/3.14/lib/python3.14/asyncio/base_events.py", line 1042, in _connect_sock
    await self.sock_connect(sock, address)
  File "/opt/homebrew/Cellar/python@3.14/3.14.2_1/Frameworks/Python.framework/Versions/3.14/lib/python3.14/asyncio/selector_events.py", line 645, in sock_connect
    return await fut
           ^^^^^^^^^
  File "/opt/homebrew/Cellar/python@3.14/3.14.2_1/Frameworks/Python.framework/Versions/3.14/lib/python3.14/asyncio/selector_events.py", line 685, in _sock_connect_cb
    raise OSError(err, f'Connect call failed {address}')
ConnectionRefusedError: [Errno 61] Connect call failed ('192.168.5.108', 4222)
nats: encountered error
Traceback (most recent call last):
  File "/Users/aaronnosbisch/REPOS/seed/mcp-servers/nats-bridge/venv/lib/python3.14/site-packages/nats/aio/client.py", line 1400, in _select_next_server
    await self._transport.connect(
    ...<3 lines>...
    )
  File "/Users/aaronnosbisch/REPOS/seed/mcp-servers/nats-bridge/venv/lib/python3.14/site-packages/nats/aio/transport.py", line 123, in connect
    r, w = await asyncio.wait_for(
           ^^^^^^^^^^^^^^^^^^^^^^^
    ...<6 lines>...
    )
    ^
  File "/opt/homebrew/Cellar/python@3.14/3.14.2_1/Frameworks/Python.framework/Versions/3.14/lib/python3.14/asyncio/tasks.py", line 488, in wait_for
    return await fut
           ^^^^^^^^^
  File "/opt/homebrew/Cellar/python@3.14/3.14.2_1/Frameworks/Python.framework/Versions/3.14/lib/python3.14/asyncio/streams.py", line 48, in open_connection
    transport, _ = await loop.create_connection(
                   ^^^^^^^^^^^^^^^^^^^^^^^^^^^^^
        lambda: protocol, host, port, **kwds)
        ^^^^^^^^^^^^^^^^^^^^^^^^^^^^^^^^^^^^^
  File "/opt/homebrew/Cellar/python@3.14/3.14.2_1/Frameworks/Python.framework/Versions/3.14/lib/python3.14/asyncio/base_events.py", line 1168, in create_connection
    raise exceptions[0]
  File "/opt/homebrew/Cellar/python@3.14/3.14.2_1/Frameworks/Python.framework/Versions/3.14/lib/python3.14/asyncio/base_events.py", line 1143, in create_connection
    sock = await self._connect_sock(
           ^^^^^^^^^^^^^^^^^^^^^^^^^
        exceptions, addrinfo, laddr_infos)
        ^^^^^^^^^^^^^^^^^^^^^^^^^^^^^^^^^^
  File "/opt/homebrew/Cellar/python@3.14/3.14.2_1/Frameworks/Python.framework/Versions/3.14/lib/python3.14/asyncio/base_events.py", line 1042, in _connect_sock
    await self.sock_connect(sock, address)
  File "/opt/homebrew/Cellar/python@3.14/3.14.2_1/Frameworks/Python.framework/Versions/3.14/lib/python3.14/asyncio/selector_events.py", line 645, in sock_connect
    return await fut
           ^^^^^^^^^
  File "/opt/homebrew/Cellar/python@3.14/3.14.2_1/Frameworks/Python.framework/Versions/3.14/lib/python3.14/asyncio/selector_events.py", line 685, in _sock_connect_cb
    raise OSError(err, f'Connect call failed {address}')
ConnectionRefusedError: [Errno 61] Connect call failed ('192.168.5.108', 4222)
nats: encountered error
Traceback (most recent call last):
  File "/Users/aaronnosbisch/REPOS/seed/mcp-servers/nats-bridge/venv/lib/python3.14/site-packages/nats/aio/client.py", line 1400, in _select_next_server
    await self._transport.connect(
    ...<3 lines>...
    )
  File "/Users/aaronnosbisch/REPOS/seed/mcp-servers/nats-bridge/venv/lib/python3.14/site-packages/nats/aio/transport.py", line 123, in connect
    r, w = await asyncio.wait_for(
           ^^^^^^^^^^^^^^^^^^^^^^^
    ...<6 lines>...
    )
    ^
  File "/opt/homebrew/Cellar/python@3.14/3.14.2_1/Frameworks/Python.framework/Versions/3.14/lib/python3.14/asyncio/tasks.py", line 488, in wait_for
    return await fut
           ^^^^^^^^^
  File "/opt/homebrew/Cellar/python@3.14/3.14.2_1/Frameworks/Python.framework/Versions/3.14/lib/python3.14/asyncio/streams.py", line 48, in open_connection
    transport, _ = await loop.create_connection(
                   ^^^^^^^^^^^^^^^^^^^^^^^^^^^^^
        lambda: protocol, host, port, **kwds)
        ^^^^^^^^^^^^^^^^^^^^^^^^^^^^^^^^^^^^^
  File "/opt/homebrew/Cellar/python@3.14/3.14.2_1/Frameworks/Python.framework/Versions/3.14/lib/python3.14/asyncio/base_events.py", line 1168, in create_connection
    raise exceptions[0]
  File "/opt/homebrew/Cellar/python@3.14/3.14.2_1/Frameworks/Python.framework/Versions/3.14/lib/python3.14/asyncio/base_events.py", line 1143, in create_connection
    sock = await self._connect_sock(
           ^^^^^^^^^^^^^^^^^^^^^^^^^
        exceptions, addrinfo, laddr_infos)
        ^^^^^^^^^^^^^^^^^^^^^^^^^^^^^^^^^^
  File "/opt/homebrew/Cellar/python@3.14/3.14.2_1/Frameworks/Python.framework/Versions/3.14/lib/python3.14/asyncio/base_events.py", line 1042, in _connect_sock
    await self.sock_connect(sock, address)
  File "/opt/homebrew/Cellar/python@3.14/3.14.2_1/Frameworks/Python.framework/Versions/3.14/lib/python3.14/asyncio/selector_events.py", line 645, in sock_connect
    return await fut
           ^^^^^^^^^
  File "/opt/homebrew/Cellar/python@3.14/3.14.2_1/Frameworks/Python.framework/Versions/3.14/lib/python3.14/asyncio/selector_events.py", line 685, in _sock_connect_cb
    raise OSError(err, f'Connect call failed {address}')
ConnectionRefusedError: [Errno 61] Connect call failed ('192.168.5.108', 4222)
nats: encountered error
Traceback (most recent call last):
  File "/Users/aaronnosbisch/REPOS/seed/mcp-servers/nats-bridge/venv/lib/python3.14/site-packages/nats/aio/client.py", line 1400, in _select_next_server
    await self._transport.connect(
    ...<3 lines>...
    )
  File "/Users/aaronnosbisch/REPOS/seed/mcp-servers/nats-bridge/venv/lib/python3.14/site-packages/nats/aio/transport.py", line 123, in connect
    r, w = await asyncio.wait_for(
           ^^^^^^^^^^^^^^^^^^^^^^^
    ...<6 lines>...
    )
    ^
  File "/opt/homebrew/Cellar/python@3.14/3.14.2_1/Frameworks/Python.framework/Versions/3.14/lib/python3.14/asyncio/tasks.py", line 488, in wait_for
    return await fut
           ^^^^^^^^^
  File "/opt/homebrew/Cellar/python@3.14/3.14.2_1/Frameworks/Python.framework/Versions/3.14/lib/python3.14/asyncio/streams.py", line 48, in open_connection
    transport, _ = await loop.create_connection(
                   ^^^^^^^^^^^^^^^^^^^^^^^^^^^^^
        lambda: protocol, host, port, **kwds)
        ^^^^^^^^^^^^^^^^^^^^^^^^^^^^^^^^^^^^^
  File "/opt/homebrew/Cellar/python@3.14/3.14.2_1/Frameworks/Python.framework/Versions/3.14/lib/python3.14/asyncio/base_events.py", line 1168, in create_connection
    raise exceptions[0]
  File "/opt/homebrew/Cellar/python@3.14/3.14.2_1/Frameworks/Python.framework/Versions/3.14/lib/python3.14/asyncio/base_events.py", line 1143, in create_connection
    sock = await self._connect_sock(
           ^^^^^^^^^^^^^^^^^^^^^^^^^
        exceptions, addrinfo, laddr_infos)
        ^^^^^^^^^^^^^^^^^^^^^^^^^^^^^^^^^^
  File "/opt/homebrew/Cellar/python@3.14/3.14.2_1/Frameworks/Python.framework/Versions/3.14/lib/python3.14/asyncio/base_events.py", line 1042, in _connect_sock
    await self.sock_connect(sock, address)
  File "/opt/homebrew/Cellar/python@3.14/3.14.2_1/Frameworks/Python.framework/Versions/3.14/lib/python3.14/asyncio/selector_events.py", line 645, in sock_connect
    return await fut
           ^^^^^^^^^
  File "/opt/homebrew/Cellar/python@3.14/3.14.2_1/Frameworks/Python.framework/Versions/3.14/lib/python3.14/asyncio/selector_events.py", line 685, in _sock_connect_cb
    raise OSError(err, f'Connect call failed {address}')
ConnectionRefusedError: [Errno 61] Connect call failed ('192.168.5.108', 4222)
nats: encountered error
Traceback (most recent call last):
  File "/Users/aaronnosbisch/REPOS/seed/mcp-servers/nats-bridge/venv/lib/python3.14/site-packages/nats/aio/client.py", line 1400, in _select_next_server
    await self._transport.connect(
    ...<3 lines>...
    )
  File "/Users/aaronnosbisch/REPOS/seed/mcp-servers/nats-bridge/venv/lib/python3.14/site-packages/nats/aio/transport.py", line 123, in connect
    r, w = await asyncio.wait_for(
           ^^^^^^^^^^^^^^^^^^^^^^^
    ...<6 lines>...
    )
    ^
  File "/opt/homebrew/Cellar/python@3.14/3.14.2_1/Frameworks/Python.framework/Versions/3.14/lib/python3.14/asyncio/tasks.py", line 488, in wait_for
    return await fut
           ^^^^^^^^^
  File "/opt/homebrew/Cellar/python@3.14/3.14.2_1/Frameworks/Python.framework/Versions/3.14/lib/python3.14/asyncio/streams.py", line 48, in open_connection
    transport, _ = await loop.create_connection(
                   ^^^^^^^^^^^^^^^^^^^^^^^^^^^^^
        lambda: protocol, host, port, **kwds)
        ^^^^^^^^^^^^^^^^^^^^^^^^^^^^^^^^^^^^^
  File "/opt/homebrew/Cellar/python@3.14/3.14.2_1/Frameworks/Python.framework/Versions/3.14/lib/python3.14/asyncio/base_events.py", line 1168, in create_connection
    raise exceptions[0]
  File "/opt/homebrew/Cellar/python@3.14/3.14.2_1/Frameworks/Python.framework/Versions/3.14/lib/python3.14/asyncio/base_events.py", line 1143, in create_connection
    sock = await self._connect_sock(
           ^^^^^^^^^^^^^^^^^^^^^^^^^
        exceptions, addrinfo, laddr_infos)
        ^^^^^^^^^^^^^^^^^^^^^^^^^^^^^^^^^^
  File "/opt/homebrew/Cellar/python@3.14/3.14.2_1/Frameworks/Python.framework/Versions/3.14/lib/python3.14/asyncio/base_events.py", line 1042, in _connect_sock
    await self.sock_connect(sock, address)
  File "/opt/homebrew/Cellar/python@3.14/3.14.2_1/Frameworks/Python.framework/Versions/3.14/lib/python3.14/asyncio/selector_events.py", line 645, in sock_connect
    return await fut
           ^^^^^^^^^
  File "/opt/homebrew/Cellar/python@3.14/3.14.2_1/Frameworks/Python.framework/Versions/3.14/lib/python3.14/asyncio/selector_events.py", line 685, in _sock_connect_cb
    raise OSError(err, f'Connect call failed {address}')
ConnectionRefusedError: [Errno 61] Connect call failed ('192.168.5.108', 4222)
nats: encountered error
Traceback (most recent call last):
  File "/Users/aaronnosbisch/REPOS/seed/mcp-servers/nats-bridge/venv/lib/python3.14/site-packages/nats/aio/client.py", line 1400, in _select_next_server
    await self._transport.connect(
    ...<3 lines>...
    )
  File "/Users/aaronnosbisch/REPOS/seed/mcp-servers/nats-bridge/venv/lib/python3.14/site-packages/nats/aio/transport.py", line 123, in connect
    r, w = await asyncio.wait_for(
           ^^^^^^^^^^^^^^^^^^^^^^^
    ...<6 lines>...
    )
    ^
  File "/opt/homebrew/Cellar/python@3.14/3.14.2_1/Frameworks/Python.framework/Versions/3.14/lib/python3.14/asyncio/tasks.py", line 488, in wait_for
    return await fut
           ^^^^^^^^^
  File "/opt/homebrew/Cellar/python@3.14/3.14.2_1/Frameworks/Python.framework/Versions/3.14/lib/python3.14/asyncio/streams.py", line 48, in open_connection
    transport, _ = await loop.create_connection(
                   ^^^^^^^^^^^^^^^^^^^^^^^^^^^^^
        lambda: protocol, host, port, **kwds)
        ^^^^^^^^^^^^^^^^^^^^^^^^^^^^^^^^^^^^^
  File "/opt/homebrew/Cellar/python@3.14/3.14.2_1/Frameworks/Python.framework/Versions/3.14/lib/python3.14/asyncio/base_events.py", line 1168, in create_connection
    raise exceptions[0]
  File "/opt/homebrew/Cellar/python@3.14/3.14.2_1/Frameworks/Python.framework/Versions/3.14/lib/python3.14/asyncio/base_events.py", line 1143, in create_connection
    sock = await self._connect_sock(
           ^^^^^^^^^^^^^^^^^^^^^^^^^
        exceptions, addrinfo, laddr_infos)
        ^^^^^^^^^^^^^^^^^^^^^^^^^^^^^^^^^^
  File "/opt/homebrew/Cellar/python@3.14/3.14.2_1/Frameworks/Python.framework/Versions/3.14/lib/python3.14/asyncio/base_events.py", line 1042, in _connect_sock
    await self.sock_connect(sock, address)
  File "/opt/homebrew/Cellar/python@3.14/3.14.2_1/Frameworks/Python.framework/Versions/3.14/lib/python3.14/asyncio/selector_events.py", line 645, in sock_connect
    return await fut
           ^^^^^^^^^
  File "/opt/homebrew/Cellar/python@3.14/3.14.2_1/Frameworks/Python.framework/Versions/3.14/lib/python3.14/asyncio/selector_events.py", line 685, in _sock_connect_cb
    raise OSError(err, f'Connect call failed {address}')
ConnectionRefusedError: [Errno 61] Connect call failed ('192.168.5.108', 4222)
nats: encountered error
Traceback (most recent call last):
  File "/Users/aaronnosbisch/REPOS/seed/mcp-servers/nats-bridge/venv/lib/python3.14/site-packages/nats/aio/client.py", line 1400, in _select_next_server
    await self._transport.connect(
    ...<3 lines>...
    )
  File "/Users/aaronnosbisch/REPOS/seed/mcp-servers/nats-bridge/venv/lib/python3.14/site-packages/nats/aio/transport.py", line 123, in connect
    r, w = await asyncio.wait_for(
           ^^^^^^^^^^^^^^^^^^^^^^^
    ...<6 lines>...
    )
    ^
  File "/opt/homebrew/Cellar/python@3.14/3.14.2_1/Frameworks/Python.framework/Versions/3.14/lib/python3.14/asyncio/tasks.py", line 488, in wait_for
    return await fut
           ^^^^^^^^^
  File "/opt/homebrew/Cellar/python@3.14/3.14.2_1/Frameworks/Python.framework/Versions/3.14/lib/python3.14/asyncio/streams.py", line 48, in open_connection
    transport, _ = await loop.create_connection(
                   ^^^^^^^^^^^^^^^^^^^^^^^^^^^^^
        lambda: protocol, host, port, **kwds)
        ^^^^^^^^^^^^^^^^^^^^^^^^^^^^^^^^^^^^^
  File "/opt/homebrew/Cellar/python@3.14/3.14.2_1/Frameworks/Python.framework/Versions/3.14/lib/python3.14/asyncio/base_events.py", line 1168, in create_connection
    raise exceptions[0]
  File "/opt/homebrew/Cellar/python@3.14/3.14.2_1/Frameworks/Python.framework/Versions/3.14/lib/python3.14/asyncio/base_events.py", line 1143, in create_connection
    sock = await self._connect_sock(
           ^^^^^^^^^^^^^^^^^^^^^^^^^
        exceptions, addrinfo, laddr_infos)
        ^^^^^^^^^^^^^^^^^^^^^^^^^^^^^^^^^^
  File "/opt/homebrew/Cellar/python@3.14/3.14.2_1/Frameworks/Python.framework/Versions/3.14/lib/python3.14/asyncio/base_events.py", line 1042, in _connect_sock
    await self.sock_connect(sock, address)
  File "/opt/homebrew/Cellar/python@3.14/3.14.2_1/Frameworks/Python.framework/Versions/3.14/lib/python3.14/asyncio/selector_events.py", line 645, in sock_connect
    return await fut
           ^^^^^^^^^
  File "/opt/homebrew/Cellar/python@3.14/3.14.2_1/Frameworks/Python.framework/Versions/3.14/lib/python3.14/asyncio/selector_events.py", line 685, in _sock_connect_cb
    raise OSError(err, f'Connect call failed {address}')
ConnectionRefusedError: [Errno 61] Connect call failed ('192.168.5.108', 4222)
nats: encountered error
Traceback (most recent call last):
  File "/Users/aaronnosbisch/REPOS/seed/mcp-servers/nats-bridge/venv/lib/python3.14/site-packages/nats/aio/client.py", line 1400, in _select_next_server
    await self._transport.connect(
    ...<3 lines>...
    )
  File "/Users/aaronnosbisch/REPOS/seed/mcp-servers/nats-bridge/venv/lib/python3.14/site-packages/nats/aio/transport.py", line 123, in connect
    r, w = await asyncio.wait_for(
           ^^^^^^^^^^^^^^^^^^^^^^^
    ...<6 lines>...
    )
    ^
  File "/opt/homebrew/Cellar/python@3.14/3.14.2_1/Frameworks/Python.framework/Versions/3.14/lib/python3.14/asyncio/tasks.py", line 488, in wait_for
    return await fut
           ^^^^^^^^^
  File "/opt/homebrew/Cellar/python@3.14/3.14.2_1/Frameworks/Python.framework/Versions/3.14/lib/python3.14/asyncio/streams.py", line 48, in open_connection
    transport, _ = await loop.create_connection(
                   ^^^^^^^^^^^^^^^^^^^^^^^^^^^^^
        lambda: protocol, host, port, **kwds)
        ^^^^^^^^^^^^^^^^^^^^^^^^^^^^^^^^^^^^^
  File "/opt/homebrew/Cellar/python@3.14/3.14.2_1/Frameworks/Python.framework/Versions/3.14/lib/python3.14/asyncio/base_events.py", line 1168, in create_connection
    raise exceptions[0]
  File "/opt/homebrew/Cellar/python@3.14/3.14.2_1/Frameworks/Python.framework/Versions/3.14/lib/python3.14/asyncio/base_events.py", line 1143, in create_connection
    sock = await self._connect_sock(
           ^^^^^^^^^^^^^^^^^^^^^^^^^
        exceptions, addrinfo, laddr_infos)
        ^^^^^^^^^^^^^^^^^^^^^^^^^^^^^^^^^^
  File "/opt/homebrew/Cellar/python@3.14/3.14.2_1/Frameworks/Python.framework/Versions/3.14/lib/python3.14/asyncio/base_events.py", line 1042, in _connect_sock
    await self.sock_connect(sock, address)
  File "/opt/homebrew/Cellar/python@3.14/3.14.2_1/Frameworks/Python.framework/Versions/3.14/lib/python3.14/asyncio/selector_events.py", line 645, in sock_connect
    return await fut
           ^^^^^^^^^
  File "/opt/homebrew/Cellar/python@3.14/3.14.2_1/Frameworks/Python.framework/Versions/3.14/lib/python3.14/asyncio/selector_events.py", line 685, in _sock_connect_cb
    raise OSError(err, f'Connect call failed {address}')
ConnectionRefusedError: [Errno 61] Connect call failed ('192.168.5.108', 4222)
nats: encountered error
Traceback (most recent call last):
  File "/Users/aaronnosbisch/REPOS/seed/mcp-servers/nats-bridge/venv/lib/python3.14/site-packages/nats/aio/client.py", line 1400, in _select_next_server
    await self._transport.connect(
    ...<3 lines>...
    )
  File "/Users/aaronnosbisch/REPOS/seed/mcp-servers/nats-bridge/venv/lib/python3.14/site-packages/nats/aio/transport.py", line 123, in connect
    r, w = await asyncio.wait_for(
           ^^^^^^^^^^^^^^^^^^^^^^^
    ...<6 lines>...
    )
    ^
  File "/opt/homebrew/Cellar/python@3.14/3.14.2_1/Frameworks/Python.framework/Versions/3.14/lib/python3.14/asyncio/tasks.py", line 488, in wait_for
    return await fut
           ^^^^^^^^^
  File "/opt/homebrew/Cellar/python@3.14/3.14.2_1/Frameworks/Python.framework/Versions/3.14/lib/python3.14/asyncio/streams.py", line 48, in open_connection
    transport, _ = await loop.create_connection(
                   ^^^^^^^^^^^^^^^^^^^^^^^^^^^^^
        lambda: protocol, host, port, **kwds)
        ^^^^^^^^^^^^^^^^^^^^^^^^^^^^^^^^^^^^^
  File "/opt/homebrew/Cellar/python@3.14/3.14.2_1/Frameworks/Python.framework/Versions/3.14/lib/python3.14/asyncio/base_events.py", line 1168, in create_connection
    raise exceptions[0]
  File "/opt/homebrew/Cellar/python@3.14/3.14.2_1/Frameworks/Python.framework/Versions/3.14/lib/python3.14/asyncio/base_events.py", line 1143, in create_connection
    sock = await self._connect_sock(
           ^^^^^^^^^^^^^^^^^^^^^^^^^
        exceptions, addrinfo, laddr_infos)
        ^^^^^^^^^^^^^^^^^^^^^^^^^^^^^^^^^^
  File "/opt/homebrew/Cellar/python@3.14/3.14.2_1/Frameworks/Python.framework/Versions/3.14/lib/python3.14/asyncio/base_events.py", line 1042, in _connect_sock
    await self.sock_connect(sock, address)
  File "/opt/homebrew/Cellar/python@3.14/3.14.2_1/Frameworks/Python.framework/Versions/3.14/lib/python3.14/asyncio/selector_events.py", line 645, in sock_connect
    return await fut
           ^^^^^^^^^
  File "/opt/homebrew/Cellar/python@3.14/3.14.2_1/Frameworks/Python.framework/Versions/3.14/lib/python3.14/asyncio/selector_events.py", line 685, in _sock_connect_cb
    raise OSError(err, f'Connect call failed {address}')
ConnectionRefusedError: [Errno 61] Connect call failed ('192.168.5.108', 4222)
nats: encountered error
Traceback (most recent call last):
  File "/Users/aaronnosbisch/REPOS/seed/mcp-servers/nats-bridge/venv/lib/python3.14/site-packages/nats/aio/client.py", line 1400, in _select_next_server
    await self._transport.connect(
    ...<3 lines>...
    )
  File "/Users/aaronnosbisch/REPOS/seed/mcp-servers/nats-bridge/venv/lib/python3.14/site-packages/nats/aio/transport.py", line 123, in connect
    r, w = await asyncio.wait_for(
           ^^^^^^^^^^^^^^^^^^^^^^^
    ...<6 lines>...
    )
    ^
  File "/opt/homebrew/Cellar/python@3.14/3.14.2_1/Frameworks/Python.framework/Versions/3.14/lib/python3.14/asyncio/tasks.py", line 488, in wait_for
    return await fut
           ^^^^^^^^^
  File "/opt/homebrew/Cellar/python@3.14/3.14.2_1/Frameworks/Python.framework/Versions/3.14/lib/python3.14/asyncio/streams.py", line 48, in open_connection
    transport, _ = await loop.create_connection(
                   ^^^^^^^^^^^^^^^^^^^^^^^^^^^^^
        lambda: protocol, host, port, **kwds)
        ^^^^^^^^^^^^^^^^^^^^^^^^^^^^^^^^^^^^^
  File "/opt/homebrew/Cellar/python@3.14/3.14.2_1/Frameworks/Python.framework/Versions/3.14/lib/python3.14/asyncio/base_events.py", line 1168, in create_connection
    raise exceptions[0]
  File "/opt/homebrew/Cellar/python@3.14/3.14.2_1/Frameworks/Python.framework/Versions/3.14/lib/python3.14/asyncio/base_events.py", line 1143, in create_connection
    sock = await self._connect_sock(
           ^^^^^^^^^^^^^^^^^^^^^^^^^
        exceptions, addrinfo, laddr_infos)
        ^^^^^^^^^^^^^^^^^^^^^^^^^^^^^^^^^^
  File "/opt/homebrew/Cellar/python@3.14/3.14.2_1/Frameworks/Python.framework/Versions/3.14/lib/python3.14/asyncio/base_events.py", line 1042, in _connect_sock
    await self.sock_connect(sock, address)
  File "/opt/homebrew/Cellar/python@3.14/3.14.2_1/Frameworks/Python.framework/Versions/3.14/lib/python3.14/asyncio/selector_events.py", line 645, in sock_connect
    return await fut
           ^^^^^^^^^
  File "/opt/homebrew/Cellar/python@3.14/3.14.2_1/Frameworks/Python.framework/Versions/3.14/lib/python3.14/asyncio/selector_events.py", line 685, in _sock_connect_cb
    raise OSError(err, f'Connect call failed {address}')
ConnectionRefusedError: [Errno 61] Connect call failed ('192.168.5.108', 4222)
nats: encountered error
Traceback (most recent call last):
  File "/Users/aaronnosbisch/REPOS/seed/mcp-servers/nats-bridge/venv/lib/python3.14/site-packages/nats/aio/client.py", line 1400, in _select_next_server
    await self._transport.connect(
    ...<3 lines>...
    )
  File "/Users/aaronnosbisch/REPOS/seed/mcp-servers/nats-bridge/venv/lib/python3.14/site-packages/nats/aio/transport.py", line 123, in connect
    r, w = await asyncio.wait_for(
           ^^^^^^^^^^^^^^^^^^^^^^^
    ...<6 lines>...
    )
    ^
  File "/opt/homebrew/Cellar/python@3.14/3.14.2_1/Frameworks/Python.framework/Versions/3.14/lib/python3.14/asyncio/tasks.py", line 488, in wait_for
    return await fut
           ^^^^^^^^^
  File "/opt/homebrew/Cellar/python@3.14/3.14.2_1/Frameworks/Python.framework/Versions/3.14/lib/python3.14/asyncio/streams.py", line 48, in open_connection
    transport, _ = await loop.create_connection(
                   ^^^^^^^^^^^^^^^^^^^^^^^^^^^^^
        lambda: protocol, host, port, **kwds)
        ^^^^^^^^^^^^^^^^^^^^^^^^^^^^^^^^^^^^^
  File "/opt/homebrew/Cellar/python@3.14/3.14.2_1/Frameworks/Python.framework/Versions/3.14/lib/python3.14/asyncio/base_events.py", line 1168, in create_connection
    raise exceptions[0]
  File "/opt/homebrew/Cellar/python@3.14/3.14.2_1/Frameworks/Python.framework/Versions/3.14/lib/python3.14/asyncio/base_events.py", line 1143, in create_connection
    sock = await self._connect_sock(
           ^^^^^^^^^^^^^^^^^^^^^^^^^
        exceptions, addrinfo, laddr_infos)
        ^^^^^^^^^^^^^^^^^^^^^^^^^^^^^^^^^^
  File "/opt/homebrew/Cellar/python@3.14/3.14.2_1/Frameworks/Python.framework/Versions/3.14/lib/python3.14/asyncio/base_events.py", line 1042, in _connect_sock
    await self.sock_connect(sock, address)
  File "/opt/homebrew/Cellar/python@3.14/3.14.2_1/Frameworks/Python.framework/Versions/3.14/lib/python3.14/asyncio/selector_events.py", line 645, in sock_connect
    return await fut
           ^^^^^^^^^
  File "/opt/homebrew/Cellar/python@3.14/3.14.2_1/Frameworks/Python.framework/Versions/3.14/lib/python3.14/asyncio/selector_events.py", line 685, in _sock_connect_cb
    raise OSError(err, f'Connect call failed {address}')
ConnectionRefusedError: [Errno 61] Connect call failed ('192.168.5.108', 4222)
nats: encountered error
Traceback (most recent call last):
  File "/Users/aaronnosbisch/REPOS/seed/mcp-servers/nats-bridge/venv/lib/python3.14/site-packages/nats/aio/client.py", line 1400, in _select_next_server
    await self._transport.connect(
    ...<3 lines>...
    )
  File "/Users/aaronnosbisch/REPOS/seed/mcp-servers/nats-bridge/venv/lib/python3.14/site-packages/nats/aio/transport.py", line 123, in connect
    r, w = await asyncio.wait_for(
           ^^^^^^^^^^^^^^^^^^^^^^^
    ...<6 lines>...
    )
    ^
  File "/opt/homebrew/Cellar/python@3.14/3.14.2_1/Frameworks/Python.framework/Versions/3.14/lib/python3.14/asyncio/tasks.py", line 488, in wait_for
    return await fut
           ^^^^^^^^^
  File "/opt/homebrew/Cellar/python@3.14/3.14.2_1/Frameworks/Python.framework/Versions/3.14/lib/python3.14/asyncio/streams.py", line 48, in open_connection
    transport, _ = await loop.create_connection(
                   ^^^^^^^^^^^^^^^^^^^^^^^^^^^^^
        lambda: protocol, host, port, **kwds)
        ^^^^^^^^^^^^^^^^^^^^^^^^^^^^^^^^^^^^^
  File "/opt/homebrew/Cellar/python@3.14/3.14.2_1/Frameworks/Python.framework/Versions/3.14/lib/python3.14/asyncio/base_events.py", line 1168, in create_connection
    raise exceptions[0]
  File "/opt/homebrew/Cellar/python@3.14/3.14.2_1/Frameworks/Python.framework/Versions/3.14/lib/python3.14/asyncio/base_events.py", line 1143, in create_connection
    sock = await self._connect_sock(
           ^^^^^^^^^^^^^^^^^^^^^^^^^
        exceptions, addrinfo, laddr_infos)
        ^^^^^^^^^^^^^^^^^^^^^^^^^^^^^^^^^^
  File "/opt/homebrew/Cellar/python@3.14/3.14.2_1/Frameworks/Python.framework/Versions/3.14/lib/python3.14/asyncio/base_events.py", line 1042, in _connect_sock
    await self.sock_connect(sock, address)
  File "/opt/homebrew/Cellar/python@3.14/3.14.2_1/Frameworks/Python.framework/Versions/3.14/lib/python3.14/asyncio/selector_events.py", line 645, in sock_connect
    return await fut
           ^^^^^^^^^
  File "/opt/homebrew/Cellar/python@3.14/3.14.2_1/Frameworks/Python.framework/Versions/3.14/lib/python3.14/asyncio/selector_events.py", line 685, in _sock_connect_cb
    raise OSError(err, f'Connect call failed {address}')
ConnectionRefusedError: [Errno 61] Connect call failed ('192.168.5.108', 4222)
nats: encountered error
Traceback (most recent call last):
  File "/Users/aaronnosbisch/REPOS/seed/mcp-servers/nats-bridge/venv/lib/python3.14/site-packages/nats/aio/client.py", line 1400, in _select_next_server
    await self._transport.connect(
    ...<3 lines>...
    )
  File "/Users/aaronnosbisch/REPOS/seed/mcp-servers/nats-bridge/venv/lib/python3.14/site-packages/nats/aio/transport.py", line 123, in connect
    r, w = await asyncio.wait_for(
           ^^^^^^^^^^^^^^^^^^^^^^^
    ...<6 lines>...
    )
    ^
  File "/opt/homebrew/Cellar/python@3.14/3.14.2_1/Frameworks/Python.framework/Versions/3.14/lib/python3.14/asyncio/tasks.py", line 488, in wait_for
    return await fut
           ^^^^^^^^^
  File "/opt/homebrew/Cellar/python@3.14/3.14.2_1/Frameworks/Python.framework/Versions/3.14/lib/python3.14/asyncio/streams.py", line 48, in open_connection
    transport, _ = await loop.create_connection(
                   ^^^^^^^^^^^^^^^^^^^^^^^^^^^^^
        lambda: protocol, host, port, **kwds)
        ^^^^^^^^^^^^^^^^^^^^^^^^^^^^^^^^^^^^^
  File "/opt/homebrew/Cellar/python@3.14/3.14.2_1/Frameworks/Python.framework/Versions/3.14/lib/python3.14/asyncio/base_events.py", line 1168, in create_connection
    raise exceptions[0]
  File "/opt/homebrew/Cellar/python@3.14/3.14.2_1/Frameworks/Python.framework/Versions/3.14/lib/python3.14/asyncio/base_events.py", line 1143, in create_connection
    sock = await self._connect_sock(
           ^^^^^^^^^^^^^^^^^^^^^^^^^
        exceptions, addrinfo, laddr_infos)
        ^^^^^^^^^^^^^^^^^^^^^^^^^^^^^^^^^^
  File "/opt/homebrew/Cellar/python@3.14/3.14.2_1/Frameworks/Python.framework/Versions/3.14/lib/python3.14/asyncio/base_events.py", line 1042, in _connect_sock
    await self.sock_connect(sock, address)
  File "/opt/homebrew/Cellar/python@3.14/3.14.2_1/Frameworks/Python.framework/Versions/3.14/lib/python3.14/asyncio/selector_events.py", line 645, in sock_connect
    return await fut
           ^^^^^^^^^
  File "/opt/homebrew/Cellar/python@3.14/3.14.2_1/Frameworks/Python.framework/Versions/3.14/lib/python3.14/asyncio/selector_events.py", line 685, in _sock_connect_cb
    raise OSError(err, f'Connect call failed {address}')
ConnectionRefusedError: [Errno 61] Connect call failed ('192.168.5.108', 4222)
nats: encountered error
Traceback (most recent call last):
  File "/Users/aaronnosbisch/REPOS/seed/mcp-servers/nats-bridge/venv/lib/python3.14/site-packages/nats/aio/client.py", line 1400, in _select_next_server
    await self._transport.connect(
    ...<3 lines>...
    )
  File "/Users/aaronnosbisch/REPOS/seed/mcp-servers/nats-bridge/venv/lib/python3.14/site-packages/nats/aio/transport.py", line 123, in connect
    r, w = await asyncio.wait_for(
           ^^^^^^^^^^^^^^^^^^^^^^^
    ...<6 lines>...
    )
    ^
  File "/opt/homebrew/Cellar/python@3.14/3.14.2_1/Frameworks/Python.framework/Versions/3.14/lib/python3.14/asyncio/tasks.py", line 488, in wait_for
    return await fut
           ^^^^^^^^^
  File "/opt/homebrew/Cellar/python@3.14/3.14.2_1/Frameworks/Python.framework/Versions/3.14/lib/python3.14/asyncio/streams.py", line 48, in open_connection
    transport, _ = await loop.create_connection(
                   ^^^^^^^^^^^^^^^^^^^^^^^^^^^^^
        lambda: protocol, host, port, **kwds)
        ^^^^^^^^^^^^^^^^^^^^^^^^^^^^^^^^^^^^^
  File "/opt/homebrew/Cellar/python@3.14/3.14.2_1/Frameworks/Python.framework/Versions/3.14/lib/python3.14/asyncio/base_events.py", line 1168, in create_connection
    raise exceptions[0]
  File "/opt/homebrew/Cellar/python@3.14/3.14.2_1/Frameworks/Python.framework/Versions/3.14/lib/python3.14/asyncio/base_events.py", line 1143, in create_connection
    sock = await self._connect_sock(
           ^^^^^^^^^^^^^^^^^^^^^^^^^
        exceptions, addrinfo, laddr_infos)
        ^^^^^^^^^^^^^^^^^^^^^^^^^^^^^^^^^^
  File "/opt/homebrew/Cellar/python@3.14/3.14.2_1/Frameworks/Python.framework/Versions/3.14/lib/python3.14/asyncio/base_events.py", line 1042, in _connect_sock
    await self.sock_connect(sock, address)
  File "/opt/homebrew/Cellar/python@3.14/3.14.2_1/Frameworks/Python.framework/Versions/3.14/lib/python3.14/asyncio/selector_events.py", line 645, in sock_connect
    return await fut
           ^^^^^^^^^
  File "/opt/homebrew/Cellar/python@3.14/3.14.2_1/Frameworks/Python.framework/Versions/3.14/lib/python3.14/asyncio/selector_events.py", line 685, in _sock_connect_cb
    raise OSError(err, f'Connect call failed {address}')
ConnectionRefusedError: [Errno 61] Connect call failed ('192.168.5.108', 4222)
nats: encountered error
Traceback (most recent call last):
  File "/Users/aaronnosbisch/REPOS/seed/mcp-servers/nats-bridge/venv/lib/python3.14/site-packages/nats/aio/client.py", line 1400, in _select_next_server
    await self._transport.connect(
    ...<3 lines>...
    )
  File "/Users/aaronnosbisch/REPOS/seed/mcp-servers/nats-bridge/venv/lib/python3.14/site-packages/nats/aio/transport.py", line 123, in connect
    r, w = await asyncio.wait_for(
           ^^^^^^^^^^^^^^^^^^^^^^^
    ...<6 lines>...
    )
    ^
  File "/opt/homebrew/Cellar/python@3.14/3.14.2_1/Frameworks/Python.framework/Versions/3.14/lib/python3.14/asyncio/tasks.py", line 488, in wait_for
    return await fut
           ^^^^^^^^^
  File "/opt/homebrew/Cellar/python@3.14/3.14.2_1/Frameworks/Python.framework/Versions/3.14/lib/python3.14/asyncio/streams.py", line 48, in open_connection
    transport, _ = await loop.create_connection(
                   ^^^^^^^^^^^^^^^^^^^^^^^^^^^^^
        lambda: protocol, host, port, **kwds)
        ^^^^^^^^^^^^^^^^^^^^^^^^^^^^^^^^^^^^^
  File "/opt/homebrew/Cellar/python@3.14/3.14.2_1/Frameworks/Python.framework/Versions/3.14/lib/python3.14/asyncio/base_events.py", line 1168, in create_connection
    raise exceptions[0]
  File "/opt/homebrew/Cellar/python@3.14/3.14.2_1/Frameworks/Python.framework/Versions/3.14/lib/python3.14/asyncio/base_events.py", line 1143, in create_connection
    sock = await self._connect_sock(
           ^^^^^^^^^^^^^^^^^^^^^^^^^
        exceptions, addrinfo, laddr_infos)
        ^^^^^^^^^^^^^^^^^^^^^^^^^^^^^^^^^^
  File "/opt/homebrew/Cellar/python@3.14/3.14.2_1/Frameworks/Python.framework/Versions/3.14/lib/python3.14/asyncio/base_events.py", line 1042, in _connect_sock
    await self.sock_connect(sock, address)
  File "/opt/homebrew/Cellar/python@3.14/3.14.2_1/Frameworks/Python.framework/Versions/3.14/lib/python3.14/asyncio/selector_events.py", line 645, in sock_connect
    return await fut
           ^^^^^^^^^
  File "/opt/homebrew/Cellar/python@3.14/3.14.2_1/Frameworks/Python.framework/Versions/3.14/lib/python3.14/asyncio/selector_events.py", line 685, in _sock_connect_cb
    raise OSError(err, f'Connect call failed {address}')
ConnectionRefusedError: [Errno 61] Connect call failed ('192.168.5.108', 4222)
nats: encountered error
Traceback (most recent call last):
  File "/Users/aaronnosbisch/REPOS/seed/mcp-servers/nats-bridge/venv/lib/python3.14/site-packages/nats/aio/client.py", line 1400, in _select_next_server
    await self._transport.connect(
    ...<3 lines>...
    )
  File "/Users/aaronnosbisch/REPOS/seed/mcp-servers/nats-bridge/venv/lib/python3.14/site-packages/nats/aio/transport.py", line 123, in connect
    r, w = await asyncio.wait_for(
           ^^^^^^^^^^^^^^^^^^^^^^^
    ...<6 lines>...
    )
    ^
  File "/opt/homebrew/Cellar/python@3.14/3.14.2_1/Frameworks/Python.framework/Versions/3.14/lib/python3.14/asyncio/tasks.py", line 488, in wait_for
    return await fut
           ^^^^^^^^^
  File "/opt/homebrew/Cellar/python@3.14/3.14.2_1/Frameworks/Python.framework/Versions/3.14/lib/python3.14/asyncio/streams.py", line 48, in open_connection
    transport, _ = await loop.create_connection(
                   ^^^^^^^^^^^^^^^^^^^^^^^^^^^^^
        lambda: protocol, host, port, **kwds)
        ^^^^^^^^^^^^^^^^^^^^^^^^^^^^^^^^^^^^^
  File "/opt/homebrew/Cellar/python@3.14/3.14.2_1/Frameworks/Python.framework/Versions/3.14/lib/python3.14/asyncio/base_events.py", line 1168, in create_connection
    raise exceptions[0]
  File "/opt/homebrew/Cellar/python@3.14/3.14.2_1/Frameworks/Python.framework/Versions/3.14/lib/python3.14/asyncio/base_events.py", line 1143, in create_connection
    sock = await self._connect_sock(
           ^^^^^^^^^^^^^^^^^^^^^^^^^
        exceptions, addrinfo, laddr_infos)
        ^^^^^^^^^^^^^^^^^^^^^^^^^^^^^^^^^^
  File "/opt/homebrew/Cellar/python@3.14/3.14.2_1/Frameworks/Python.framework/Versions/3.14/lib/python3.14/asyncio/base_events.py", line 1042, in _connect_sock
    await self.sock_connect(sock, address)
  File "/opt/homebrew/Cellar/python@3.14/3.14.2_1/Frameworks/Python.framework/Versions/3.14/lib/python3.14/asyncio/selector_events.py", line 645, in sock_connect
    return await fut
           ^^^^^^^^^
  File "/opt/homebrew/Cellar/python@3.14/3.14.2_1/Frameworks/Python.framework/Versions/3.14/lib/python3.14/asyncio/selector_events.py", line 685, in _sock_connect_cb
    raise OSError(err, f'Connect call failed {address}')
ConnectionRefusedError: [Errno 61] Connect call failed ('192.168.5.108', 4222)
nats: encountered error
Traceback (most recent call last):
  File "/Users/aaronnosbisch/REPOS/seed/mcp-servers/nats-bridge/venv/lib/python3.14/site-packages/nats/aio/client.py", line 1400, in _select_next_server
    await self._transport.connect(
    ...<3 lines>...
    )
  File "/Users/aaronnosbisch/REPOS/seed/mcp-servers/nats-bridge/venv/lib/python3.14/site-packages/nats/aio/transport.py", line 123, in connect
    r, w = await asyncio.wait_for(
           ^^^^^^^^^^^^^^^^^^^^^^^
    ...<6 lines>...
    )
    ^
  File "/opt/homebrew/Cellar/python@3.14/3.14.2_1/Frameworks/Python.framework/Versions/3.14/lib/python3.14/asyncio/tasks.py", line 488, in wait_for
    return await fut
           ^^^^^^^^^
  File "/opt/homebrew/Cellar/python@3.14/3.14.2_1/Frameworks/Python.framework/Versions/3.14/lib/python3.14/asyncio/streams.py", line 48, in open_connection
    transport, _ = await loop.create_connection(
                   ^^^^^^^^^^^^^^^^^^^^^^^^^^^^^
        lambda: protocol, host, port, **kwds)
        ^^^^^^^^^^^^^^^^^^^^^^^^^^^^^^^^^^^^^
  File "/opt/homebrew/Cellar/python@3.14/3.14.2_1/Frameworks/Python.framework/Versions/3.14/lib/python3.14/asyncio/base_events.py", line 1168, in create_connection
    raise exceptions[0]
  File "/opt/homebrew/Cellar/python@3.14/3.14.2_1/Frameworks/Python.framework/Versions/3.14/lib/python3.14/asyncio/base_events.py", line 1143, in create_connection
    sock = await self._connect_sock(
           ^^^^^^^^^^^^^^^^^^^^^^^^^
        exceptions, addrinfo, laddr_infos)
        ^^^^^^^^^^^^^^^^^^^^^^^^^^^^^^^^^^
  File "/opt/homebrew/Cellar/python@3.14/3.14.2_1/Frameworks/Python.framework/Versions/3.14/lib/python3.14/asyncio/base_events.py", line 1042, in _connect_sock
    await self.sock_connect(sock, address)
  File "/opt/homebrew/Cellar/python@3.14/3.14.2_1/Frameworks/Python.framework/Versions/3.14/lib/python3.14/asyncio/selector_events.py", line 645, in sock_connect
    return await fut
           ^^^^^^^^^
  File "/opt/homebrew/Cellar/python@3.14/3.14.2_1/Frameworks/Python.framework/Versions/3.14/lib/python3.14/asyncio/selector_events.py", line 685, in _sock_connect_cb
    raise OSError(err, f'Connect call failed {address}')
ConnectionRefusedError: [Errno 61] Connect call failed ('192.168.5.108', 4222)
nats: encountered error
Traceback (most recent call last):
  File "/Users/aaronnosbisch/REPOS/seed/mcp-servers/nats-bridge/venv/lib/python3.14/site-packages/nats/aio/client.py", line 1400, in _select_next_server
    await self._transport.connect(
    ...<3 lines>...
    )
  File "/Users/aaronnosbisch/REPOS/seed/mcp-servers/nats-bridge/venv/lib/python3.14/site-packages/nats/aio/transport.py", line 123, in connect
    r, w = await asyncio.wait_for(
           ^^^^^^^^^^^^^^^^^^^^^^^
    ...<6 lines>...
    )
    ^
  File "/opt/homebrew/Cellar/python@3.14/3.14.2_1/Frameworks/Python.framework/Versions/3.14/lib/python3.14/asyncio/tasks.py", line 488, in wait_for
    return await fut
           ^^^^^^^^^
  File "/opt/homebrew/Cellar/python@3.14/3.14.2_1/Frameworks/Python.framework/Versions/3.14/lib/python3.14/asyncio/streams.py", line 48, in open_connection
    transport, _ = await loop.create_connection(
                   ^^^^^^^^^^^^^^^^^^^^^^^^^^^^^
        lambda: protocol, host, port, **kwds)
        ^^^^^^^^^^^^^^^^^^^^^^^^^^^^^^^^^^^^^
  File "/opt/homebrew/Cellar/python@3.14/3.14.2_1/Frameworks/Python.framework/Versions/3.14/lib/python3.14/asyncio/base_events.py", line 1168, in create_connection
    raise exceptions[0]
  File "/opt/homebrew/Cellar/python@3.14/3.14.2_1/Frameworks/Python.framework/Versions/3.14/lib/python3.14/asyncio/base_events.py", line 1143, in create_connection
    sock = await self._connect_sock(
           ^^^^^^^^^^^^^^^^^^^^^^^^^
        exceptions, addrinfo, laddr_infos)
        ^^^^^^^^^^^^^^^^^^^^^^^^^^^^^^^^^^
  File "/opt/homebrew/Cellar/python@3.14/3.14.2_1/Frameworks/Python.framework/Versions/3.14/lib/python3.14/asyncio/base_events.py", line 1042, in _connect_sock
    await self.sock_connect(sock, address)
  File "/opt/homebrew/Cellar/python@3.14/3.14.2_1/Frameworks/Python.framework/Versions/3.14/lib/python3.14/asyncio/selector_events.py", line 645, in sock_connect
    return await fut
           ^^^^^^^^^
  File "/opt/homebrew/Cellar/python@3.14/3.14.2_1/Frameworks/Python.framework/Versions/3.14/lib/python3.14/asyncio/selector_events.py", line 685, in _sock_connect_cb
    raise OSError(err, f'Connect call failed {address}')
ConnectionRefusedError: [Errno 61] Connect call failed ('192.168.5.108', 4222)
nats: encountered error
Traceback (most recent call last):
  File "/Users/aaronnosbisch/REPOS/seed/mcp-servers/nats-bridge/venv/lib/python3.14/site-packages/nats/aio/client.py", line 1400, in _select_next_server
    await self._transport.connect(
    ...<3 lines>...
    )
  File "/Users/aaronnosbisch/REPOS/seed/mcp-servers/nats-bridge/venv/lib/python3.14/site-packages/nats/aio/transport.py", line 123, in connect
    r, w = await asyncio.wait_for(
           ^^^^^^^^^^^^^^^^^^^^^^^
    ...<6 lines>...
    )
    ^
  File "/opt/homebrew/Cellar/python@3.14/3.14.2_1/Frameworks/Python.framework/Versions/3.14/lib/python3.14/asyncio/tasks.py", line 488, in wait_for
    return await fut
           ^^^^^^^^^
  File "/opt/homebrew/Cellar/python@3.14/3.14.2_1/Frameworks/Python.framework/Versions/3.14/lib/python3.14/asyncio/streams.py", line 48, in open_connection
    transport, _ = await loop.create_connection(
                   ^^^^^^^^^^^^^^^^^^^^^^^^^^^^^
        lambda: protocol, host, port, **kwds)
        ^^^^^^^^^^^^^^^^^^^^^^^^^^^^^^^^^^^^^
  File "/opt/homebrew/Cellar/python@3.14/3.14.2_1/Frameworks/Python.framework/Versions/3.14/lib/python3.14/asyncio/base_events.py", line 1168, in create_connection
    raise exceptions[0]
  File "/opt/homebrew/Cellar/python@3.14/3.14.2_1/Frameworks/Python.framework/Versions/3.14/lib/python3.14/asyncio/base_events.py", line 1143, in create_connection
    sock = await self._connect_sock(
           ^^^^^^^^^^^^^^^^^^^^^^^^^
        exceptions, addrinfo, laddr_infos)
        ^^^^^^^^^^^^^^^^^^^^^^^^^^^^^^^^^^
  File "/opt/homebrew/Cellar/python@3.14/3.14.2_1/Frameworks/Python.framework/Versions/3.14/lib/python3.14/asyncio/base_events.py", line 1042, in _connect_sock
    await self.sock_connect(sock, address)
  File "/opt/homebrew/Cellar/python@3.14/3.14.2_1/Frameworks/Python.framework/Versions/3.14/lib/python3.14/asyncio/selector_events.py", line 645, in sock_connect
    return await fut
           ^^^^^^^^^
  File "/opt/homebrew/Cellar/python@3.14/3.14.2_1/Frameworks/Python.framework/Versions/3.14/lib/python3.14/asyncio/selector_events.py", line 685, in _sock_connect_cb
    raise OSError(err, f'Connect call failed {address}')
ConnectionRefusedError: [Errno 61] Connect call failed ('192.168.5.108', 4222)
nats: encountered error
Traceback (most recent call last):
  File "/Users/aaronnosbisch/REPOS/seed/mcp-servers/nats-bridge/venv/lib/python3.14/site-packages/nats/aio/client.py", line 1400, in _select_next_server
    await self._transport.connect(
    ...<3 lines>...
    )
  File "/Users/aaronnosbisch/REPOS/seed/mcp-servers/nats-bridge/venv/lib/python3.14/site-packages/nats/aio/transport.py", line 123, in connect
    r, w = await asyncio.wait_for(
           ^^^^^^^^^^^^^^^^^^^^^^^
    ...<6 lines>...
    )
    ^
  File "/opt/homebrew/Cellar/python@3.14/3.14.2_1/Frameworks/Python.framework/Versions/3.14/lib/python3.14/asyncio/tasks.py", line 488, in wait_for
    return await fut
           ^^^^^^^^^
  File "/opt/homebrew/Cellar/python@3.14/3.14.2_1/Frameworks/Python.framework/Versions/3.14/lib/python3.14/asyncio/streams.py", line 48, in open_connection
    transport, _ = await loop.create_connection(
                   ^^^^^^^^^^^^^^^^^^^^^^^^^^^^^
        lambda: protocol, host, port, **kwds)
        ^^^^^^^^^^^^^^^^^^^^^^^^^^^^^^^^^^^^^
  File "/opt/homebrew/Cellar/python@3.14/3.14.2_1/Frameworks/Python.framework/Versions/3.14/lib/python3.14/asyncio/base_events.py", line 1168, in create_connection
    raise exceptions[0]
  File "/opt/homebrew/Cellar/python@3.14/3.14.2_1/Frameworks/Python.framework/Versions/3.14/lib/python3.14/asyncio/base_events.py", line 1143, in create_connection
    sock = await self._connect_sock(
           ^^^^^^^^^^^^^^^^^^^^^^^^^
        exceptions, addrinfo, laddr_infos)
        ^^^^^^^^^^^^^^^^^^^^^^^^^^^^^^^^^^
  File "/opt/homebrew/Cellar/python@3.14/3.14.2_1/Frameworks/Python.framework/Versions/3.14/lib/python3.14/asyncio/base_events.py", line 1042, in _connect_sock
    await self.sock_connect(sock, address)
  File "/opt/homebrew/Cellar/python@3.14/3.14.2_1/Frameworks/Python.framework/Versions/3.14/lib/python3.14/asyncio/selector_events.py", line 645, in sock_connect
    return await fut
           ^^^^^^^^^
  File "/opt/homebrew/Cellar/python@3.14/3.14.2_1/Frameworks/Python.framework/Versions/3.14/lib/python3.14/asyncio/selector_events.py", line 685, in _sock_connect_cb
    raise OSError(err, f'Connect call failed {address}')
ConnectionRefusedError: [Errno 61] Connect call failed ('192.168.5.108', 4222)
nats: encountered error
Traceback (most recent call last):
  File "/Users/aaronnosbisch/REPOS/seed/mcp-servers/nats-bridge/venv/lib/python3.14/site-packages/nats/aio/client.py", line 1400, in _select_next_server
    await self._transport.connect(
    ...<3 lines>...
    )
  File "/Users/aaronnosbisch/REPOS/seed/mcp-servers/nats-bridge/venv/lib/python3.14/site-packages/nats/aio/transport.py", line 123, in connect
    r, w = await asyncio.wait_for(
           ^^^^^^^^^^^^^^^^^^^^^^^
    ...<6 lines>...
    )
    ^
  File "/opt/homebrew/Cellar/python@3.14/3.14.2_1/Frameworks/Python.framework/Versions/3.14/lib/python3.14/asyncio/tasks.py", line 488, in wait_for
    return await fut
           ^^^^^^^^^
  File "/opt/homebrew/Cellar/python@3.14/3.14.2_1/Frameworks/Python.framework/Versions/3.14/lib/python3.14/asyncio/streams.py", line 48, in open_connection
    transport, _ = await loop.create_connection(
                   ^^^^^^^^^^^^^^^^^^^^^^^^^^^^^
        lambda: protocol, host, port, **kwds)
        ^^^^^^^^^^^^^^^^^^^^^^^^^^^^^^^^^^^^^
  File "/opt/homebrew/Cellar/python@3.14/3.14.2_1/Frameworks/Python.framework/Versions/3.14/lib/python3.14/asyncio/base_events.py", line 1168, in create_connection
    raise exceptions[0]
  File "/opt/homebrew/Cellar/python@3.14/3.14.2_1/Frameworks/Python.framework/Versions/3.14/lib/python3.14/asyncio/base_events.py", line 1143, in create_connection
    sock = await self._connect_sock(
           ^^^^^^^^^^^^^^^^^^^^^^^^^
        exceptions, addrinfo, laddr_infos)
        ^^^^^^^^^^^^^^^^^^^^^^^^^^^^^^^^^^
  File "/opt/homebrew/Cellar/python@3.14/3.14.2_1/Frameworks/Python.framework/Versions/3.14/lib/python3.14/asyncio/base_events.py", line 1042, in _connect_sock
    await self.sock_connect(sock, address)
  File "/opt/homebrew/Cellar/python@3.14/3.14.2_1/Frameworks/Python.framework/Versions/3.14/lib/python3.14/asyncio/selector_events.py", line 645, in sock_connect
    return await fut
           ^^^^^^^^^
  File "/opt/homebrew/Cellar/python@3.14/3.14.2_1/Frameworks/Python.framework/Versions/3.14/lib/python3.14/asyncio/selector_events.py", line 685, in _sock_connect_cb
    raise OSError(err, f'Connect call failed {address}')
ConnectionRefusedError: [Errno 61] Connect call failed ('192.168.5.108', 4222)
nats: encountered error
Traceback (most recent call last):
  File "/Users/aaronnosbisch/REPOS/seed/mcp-servers/nats-bridge/venv/lib/python3.14/site-packages/nats/aio/client.py", line 1400, in _select_next_server
    await self._transport.connect(
    ...<3 lines>...
    )
  File "/Users/aaronnosbisch/REPOS/seed/mcp-servers/nats-bridge/venv/lib/python3.14/site-packages/nats/aio/transport.py", line 123, in connect
    r, w = await asyncio.wait_for(
           ^^^^^^^^^^^^^^^^^^^^^^^
    ...<6 lines>...
    )
    ^
  File "/opt/homebrew/Cellar/python@3.14/3.14.2_1/Frameworks/Python.framework/Versions/3.14/lib/python3.14/asyncio/tasks.py", line 488, in wait_for
    return await fut
           ^^^^^^^^^
  File "/opt/homebrew/Cellar/python@3.14/3.14.2_1/Frameworks/Python.framework/Versions/3.14/lib/python3.14/asyncio/streams.py", line 48, in open_connection
    transport, _ = await loop.create_connection(
                   ^^^^^^^^^^^^^^^^^^^^^^^^^^^^^
        lambda: protocol, host, port, **kwds)
        ^^^^^^^^^^^^^^^^^^^^^^^^^^^^^^^^^^^^^
  File "/opt/homebrew/Cellar/python@3.14/3.14.2_1/Frameworks/Python.framework/Versions/3.14/lib/python3.14/asyncio/base_events.py", line 1168, in create_connection
    raise exceptions[0]
  File "/opt/homebrew/Cellar/python@3.14/3.14.2_1/Frameworks/Python.framework/Versions/3.14/lib/python3.14/asyncio/base_events.py", line 1143, in create_connection
    sock = await self._connect_sock(
           ^^^^^^^^^^^^^^^^^^^^^^^^^
        exceptions, addrinfo, laddr_infos)
        ^^^^^^^^^^^^^^^^^^^^^^^^^^^^^^^^^^
  File "/opt/homebrew/Cellar/python@3.14/3.14.2_1/Frameworks/Python.framework/Versions/3.14/lib/python3.14/asyncio/base_events.py", line 1042, in _connect_sock
    await self.sock_connect(sock, address)
  File "/opt/homebrew/Cellar/python@3.14/3.14.2_1/Frameworks/Python.framework/Versions/3.14/lib/python3.14/asyncio/selector_events.py", line 645, in sock_connect
    return await fut
           ^^^^^^^^^
  File "/opt/homebrew/Cellar/python@3.14/3.14.2_1/Frameworks/Python.framework/Versions/3.14/lib/python3.14/asyncio/selector_events.py", line 685, in _sock_connect_cb
    raise OSError(err, f'Connect call failed {address}')
ConnectionRefusedError: [Errno 61] Connect call failed ('192.168.5.108', 4222)
nats: encountered error
Traceback (most recent call last):
  File "/Users/aaronnosbisch/REPOS/seed/mcp-servers/nats-bridge/venv/lib/python3.14/site-packages/nats/aio/client.py", line 1400, in _select_next_server
    await self._transport.connect(
    ...<3 lines>...
    )
  File "/Users/aaronnosbisch/REPOS/seed/mcp-servers/nats-bridge/venv/lib/python3.14/site-packages/nats/aio/transport.py", line 123, in connect
    r, w = await asyncio.wait_for(
           ^^^^^^^^^^^^^^^^^^^^^^^
    ...<6 lines>...
    )
    ^
  File "/opt/homebrew/Cellar/python@3.14/3.14.2_1/Frameworks/Python.framework/Versions/3.14/lib/python3.14/asyncio/tasks.py", line 488, in wait_for
    return await fut
           ^^^^^^^^^
  File "/opt/homebrew/Cellar/python@3.14/3.14.2_1/Frameworks/Python.framework/Versions/3.14/lib/python3.14/asyncio/streams.py", line 48, in open_connection
    transport, _ = await loop.create_connection(
                   ^^^^^^^^^^^^^^^^^^^^^^^^^^^^^
        lambda: protocol, host, port, **kwds)
        ^^^^^^^^^^^^^^^^^^^^^^^^^^^^^^^^^^^^^
  File "/opt/homebrew/Cellar/python@3.14/3.14.2_1/Frameworks/Python.framework/Versions/3.14/lib/python3.14/asyncio/base_events.py", line 1168, in create_connection
    raise exceptions[0]
  File "/opt/homebrew/Cellar/python@3.14/3.14.2_1/Frameworks/Python.framework/Versions/3.14/lib/python3.14/asyncio/base_events.py", line 1143, in create_connection
    sock = await self._connect_sock(
           ^^^^^^^^^^^^^^^^^^^^^^^^^
        exceptions, addrinfo, laddr_infos)
        ^^^^^^^^^^^^^^^^^^^^^^^^^^^^^^^^^^
  File "/opt/homebrew/Cellar/python@3.14/3.14.2_1/Frameworks/Python.framework/Versions/3.14/lib/python3.14/asyncio/base_events.py", line 1042, in _connect_sock
    await self.sock_connect(sock, address)
  File "/opt/homebrew/Cellar/python@3.14/3.14.2_1/Frameworks/Python.framework/Versions/3.14/lib/python3.14/asyncio/selector_events.py", line 645, in sock_connect
    return await fut
           ^^^^^^^^^
  File "/opt/homebrew/Cellar/python@3.14/3.14.2_1/Frameworks/Python.framework/Versions/3.14/lib/python3.14/asyncio/selector_events.py", line 685, in _sock_connect_cb
    raise OSError(err, f'Connect call failed {address}')
ConnectionRefusedError: [Errno 61] Connect call failed ('192.168.5.108', 4222)
nats: encountered error
Traceback (most recent call last):
  File "/Users/aaronnosbisch/REPOS/seed/mcp-servers/nats-bridge/venv/lib/python3.14/site-packages/nats/aio/client.py", line 1400, in _select_next_server
    await self._transport.connect(
    ...<3 lines>...
    )
  File "/Users/aaronnosbisch/REPOS/seed/mcp-servers/nats-bridge/venv/lib/python3.14/site-packages/nats/aio/transport.py", line 123, in connect
    r, w = await asyncio.wait_for(
           ^^^^^^^^^^^^^^^^^^^^^^^
    ...<6 lines>...
    )
    ^
  File "/opt/homebrew/Cellar/python@3.14/3.14.2_1/Frameworks/Python.framework/Versions/3.14/lib/python3.14/asyncio/tasks.py", line 488, in wait_for
    return await fut
           ^^^^^^^^^
  File "/opt/homebrew/Cellar/python@3.14/3.14.2_1/Frameworks/Python.framework/Versions/3.14/lib/python3.14/asyncio/streams.py", line 48, in open_connection
    transport, _ = await loop.create_connection(
                   ^^^^^^^^^^^^^^^^^^^^^^^^^^^^^
        lambda: protocol, host, port, **kwds)
        ^^^^^^^^^^^^^^^^^^^^^^^^^^^^^^^^^^^^^
  File "/opt/homebrew/Cellar/python@3.14/3.14.2_1/Frameworks/Python.framework/Versions/3.14/lib/python3.14/asyncio/base_events.py", line 1168, in create_connection
    raise exceptions[0]
  File "/opt/homebrew/Cellar/python@3.14/3.14.2_1/Frameworks/Python.framework/Versions/3.14/lib/python3.14/asyncio/base_events.py", line 1143, in create_connection
    sock = await self._connect_sock(
           ^^^^^^^^^^^^^^^^^^^^^^^^^
        exceptions, addrinfo, laddr_infos)
        ^^^^^^^^^^^^^^^^^^^^^^^^^^^^^^^^^^
  File "/opt/homebrew/Cellar/python@3.14/3.14.2_1/Frameworks/Python.framework/Versions/3.14/lib/python3.14/asyncio/base_events.py", line 1042, in _connect_sock
    await self.sock_connect(sock, address)
  File "/opt/homebrew/Cellar/python@3.14/3.14.2_1/Frameworks/Python.framework/Versions/3.14/lib/python3.14/asyncio/selector_events.py", line 645, in sock_connect
    return await fut
           ^^^^^^^^^
  File "/opt/homebrew/Cellar/python@3.14/3.14.2_1/Frameworks/Python.framework/Versions/3.14/lib/python3.14/asyncio/selector_events.py", line 685, in _sock_connect_cb
    raise OSError(err, f'Connect call failed {address}')
ConnectionRefusedError: [Errno 61] Connect call failed ('192.168.5.108', 4222)
nats: encountered error
Traceback (most recent call last):
  File "/Users/aaronnosbisch/REPOS/seed/mcp-servers/nats-bridge/venv/lib/python3.14/site-packages/nats/aio/client.py", line 1400, in _select_next_server
    await self._transport.connect(
    ...<3 lines>...
    )
  File "/Users/aaronnosbisch/REPOS/seed/mcp-servers/nats-bridge/venv/lib/python3.14/site-packages/nats/aio/transport.py", line 123, in connect
    r, w = await asyncio.wait_for(
           ^^^^^^^^^^^^^^^^^^^^^^^
    ...<6 lines>...
    )
    ^
  File "/opt/homebrew/Cellar/python@3.14/3.14.2_1/Frameworks/Python.framework/Versions/3.14/lib/python3.14/asyncio/tasks.py", line 488, in wait_for
    return await fut
           ^^^^^^^^^
  File "/opt/homebrew/Cellar/python@3.14/3.14.2_1/Frameworks/Python.framework/Versions/3.14/lib/python3.14/asyncio/streams.py", line 48, in open_connection
    transport, _ = await loop.create_connection(
                   ^^^^^^^^^^^^^^^^^^^^^^^^^^^^^
        lambda: protocol, host, port, **kwds)
        ^^^^^^^^^^^^^^^^^^^^^^^^^^^^^^^^^^^^^
  File "/opt/homebrew/Cellar/python@3.14/3.14.2_1/Frameworks/Python.framework/Versions/3.14/lib/python3.14/asyncio/base_events.py", line 1168, in create_connection
    raise exceptions[0]
  File "/opt/homebrew/Cellar/python@3.14/3.14.2_1/Frameworks/Python.framework/Versions/3.14/lib/python3.14/asyncio/base_events.py", line 1143, in create_connection
    sock = await self._connect_sock(
           ^^^^^^^^^^^^^^^^^^^^^^^^^
        exceptions, addrinfo, laddr_infos)
        ^^^^^^^^^^^^^^^^^^^^^^^^^^^^^^^^^^
  File "/opt/homebrew/Cellar/python@3.14/3.14.2_1/Frameworks/Python.framework/Versions/3.14/lib/python3.14/asyncio/base_events.py", line 1042, in _connect_sock
    await self.sock_connect(sock, address)
  File "/opt/homebrew/Cellar/python@3.14/3.14.2_1/Frameworks/Python.framework/Versions/3.14/lib/python3.14/asyncio/selector_events.py", line 645, in sock_connect
    return await fut
           ^^^^^^^^^
  File "/opt/homebrew/Cellar/python@3.14/3.14.2_1/Frameworks/Python.framework/Versions/3.14/lib/python3.14/asyncio/selector_events.py", line 685, in _sock_connect_cb
    raise OSError(err, f'Connect call failed {address}')
ConnectionRefusedError: [Errno 61] Connect call failed ('192.168.5.108', 4222)
nats: encountered error
Traceback (most recent call last):
  File "/Users/aaronnosbisch/REPOS/seed/mcp-servers/nats-bridge/venv/lib/python3.14/site-packages/nats/aio/client.py", line 1400, in _select_next_server
    await self._transport.connect(
    ...<3 lines>...
    )
  File "/Users/aaronnosbisch/REPOS/seed/mcp-servers/nats-bridge/venv/lib/python3.14/site-packages/nats/aio/transport.py", line 123, in connect
    r, w = await asyncio.wait_for(
           ^^^^^^^^^^^^^^^^^^^^^^^
    ...<6 lines>...
    )
    ^
  File "/opt/homebrew/Cellar/python@3.14/3.14.2_1/Frameworks/Python.framework/Versions/3.14/lib/python3.14/asyncio/tasks.py", line 488, in wait_for
    return await fut
           ^^^^^^^^^
  File "/opt/homebrew/Cellar/python@3.14/3.14.2_1/Frameworks/Python.framework/Versions/3.14/lib/python3.14/asyncio/streams.py", line 48, in open_connection
    transport, _ = await loop.create_connection(
                   ^^^^^^^^^^^^^^^^^^^^^^^^^^^^^
        lambda: protocol, host, port, **kwds)
        ^^^^^^^^^^^^^^^^^^^^^^^^^^^^^^^^^^^^^
  File "/opt/homebrew/Cellar/python@3.14/3.14.2_1/Frameworks/Python.framework/Versions/3.14/lib/python3.14/asyncio/base_events.py", line 1168, in create_connection
    raise exceptions[0]
  File "/opt/homebrew/Cellar/python@3.14/3.14.2_1/Frameworks/Python.framework/Versions/3.14/lib/python3.14/asyncio/base_events.py", line 1143, in create_connection
    sock = await self._connect_sock(
           ^^^^^^^^^^^^^^^^^^^^^^^^^
        exceptions, addrinfo, laddr_infos)
        ^^^^^^^^^^^^^^^^^^^^^^^^^^^^^^^^^^
  File "/opt/homebrew/Cellar/python@3.14/3.14.2_1/Frameworks/Python.framework/Versions/3.14/lib/python3.14/asyncio/base_events.py", line 1042, in _connect_sock
    await self.sock_connect(sock, address)
  File "/opt/homebrew/Cellar/python@3.14/3.14.2_1/Frameworks/Python.framework/Versions/3.14/lib/python3.14/asyncio/selector_events.py", line 645, in sock_connect
    return await fut
           ^^^^^^^^^
  File "/opt/homebrew/Cellar/python@3.14/3.14.2_1/Frameworks/Python.framework/Versions/3.14/lib/python3.14/asyncio/selector_events.py", line 685, in _sock_connect_cb
    raise OSError(err, f'Connect call failed {address}')
ConnectionRefusedError: [Errno 61] Connect call failed ('192.168.5.108', 4222)
nats: encountered error
Traceback (most recent call last):
  File "/Users/aaronnosbisch/REPOS/seed/mcp-servers/nats-bridge/venv/lib/python3.14/site-packages/nats/aio/client.py", line 1400, in _select_next_server
    await self._transport.connect(
    ...<3 lines>...
    )
  File "/Users/aaronnosbisch/REPOS/seed/mcp-servers/nats-bridge/venv/lib/python3.14/site-packages/nats/aio/transport.py", line 123, in connect
    r, w = await asyncio.wait_for(
           ^^^^^^^^^^^^^^^^^^^^^^^
    ...<6 lines>...
    )
    ^
  File "/opt/homebrew/Cellar/python@3.14/3.14.2_1/Frameworks/Python.framework/Versions/3.14/lib/python3.14/asyncio/tasks.py", line 488, in wait_for
    return await fut
           ^^^^^^^^^
  File "/opt/homebrew/Cellar/python@3.14/3.14.2_1/Frameworks/Python.framework/Versions/3.14/lib/python3.14/asyncio/streams.py", line 48, in open_connection
    transport, _ = await loop.create_connection(
                   ^^^^^^^^^^^^^^^^^^^^^^^^^^^^^
        lambda: protocol, host, port, **kwds)
        ^^^^^^^^^^^^^^^^^^^^^^^^^^^^^^^^^^^^^
  File "/opt/homebrew/Cellar/python@3.14/3.14.2_1/Frameworks/Python.framework/Versions/3.14/lib/python3.14/asyncio/base_events.py", line 1168, in create_connection
    raise exceptions[0]
  File "/opt/homebrew/Cellar/python@3.14/3.14.2_1/Frameworks/Python.framework/Versions/3.14/lib/python3.14/asyncio/base_events.py", line 1143, in create_connection
    sock = await self._connect_sock(
           ^^^^^^^^^^^^^^^^^^^^^^^^^
        exceptions, addrinfo, laddr_infos)
        ^^^^^^^^^^^^^^^^^^^^^^^^^^^^^^^^^^
  File "/opt/homebrew/Cellar/python@3.14/3.14.2_1/Frameworks/Python.framework/Versions/3.14/lib/python3.14/asyncio/base_events.py", line 1042, in _connect_sock
    await self.sock_connect(sock, address)
  File "/opt/homebrew/Cellar/python@3.14/3.14.2_1/Frameworks/Python.framework/Versions/3.14/lib/python3.14/asyncio/selector_events.py", line 645, in sock_connect
    return await fut
           ^^^^^^^^^
  File "/opt/homebrew/Cellar/python@3.14/3.14.2_1/Frameworks/Python.framework/Versions/3.14/lib/python3.14/asyncio/selector_events.py", line 685, in _sock_connect_cb
    raise OSError(err, f'Connect call failed {address}')
ConnectionRefusedError: [Errno 61] Connect call failed ('192.168.5.108', 4222)
nats: encountered error
Traceback (most recent call last):
  File "/Users/aaronnosbisch/REPOS/seed/mcp-servers/nats-bridge/venv/lib/python3.14/site-packages/nats/aio/client.py", line 1400, in _select_next_server
    await self._transport.connect(
    ...<3 lines>...
    )
  File "/Users/aaronnosbisch/REPOS/seed/mcp-servers/nats-bridge/venv/lib/python3.14/site-packages/nats/aio/transport.py", line 123, in connect
    r, w = await asyncio.wait_for(
           ^^^^^^^^^^^^^^^^^^^^^^^
    ...<6 lines>...
    )
    ^
  File "/opt/homebrew/Cellar/python@3.14/3.14.2_1/Frameworks/Python.framework/Versions/3.14/lib/python3.14/asyncio/tasks.py", line 488, in wait_for
    return await fut
           ^^^^^^^^^
  File "/opt/homebrew/Cellar/python@3.14/3.14.2_1/Frameworks/Python.framework/Versions/3.14/lib/python3.14/asyncio/streams.py", line 48, in open_connection
    transport, _ = await loop.create_connection(
                   ^^^^^^^^^^^^^^^^^^^^^^^^^^^^^
        lambda: protocol, host, port, **kwds)
        ^^^^^^^^^^^^^^^^^^^^^^^^^^^^^^^^^^^^^
  File "/opt/homebrew/Cellar/python@3.14/3.14.2_1/Frameworks/Python.framework/Versions/3.14/lib/python3.14/asyncio/base_events.py", line 1168, in create_connection
    raise exceptions[0]
  File "/opt/homebrew/Cellar/python@3.14/3.14.2_1/Frameworks/Python.framework/Versions/3.14/lib/python3.14/asyncio/base_events.py", line 1143, in create_connection
    sock = await self._connect_sock(
           ^^^^^^^^^^^^^^^^^^^^^^^^^
        exceptions, addrinfo, laddr_infos)
        ^^^^^^^^^^^^^^^^^^^^^^^^^^^^^^^^^^
  File "/opt/homebrew/Cellar/python@3.14/3.14.2_1/Frameworks/Python.framework/Versions/3.14/lib/python3.14/asyncio/base_events.py", line 1042, in _connect_sock
    await self.sock_connect(sock, address)
  File "/opt/homebrew/Cellar/python@3.14/3.14.2_1/Frameworks/Python.framework/Versions/3.14/lib/python3.14/asyncio/selector_events.py", line 645, in sock_connect
    return await fut
           ^^^^^^^^^
  File "/opt/homebrew/Cellar/python@3.14/3.14.2_1/Frameworks/Python.framework/Versions/3.14/lib/python3.14/asyncio/selector_events.py", line 685, in _sock_connect_cb
    raise OSError(err, f'Connect call failed {address}')
ConnectionRefusedError: [Errno 61] Connect call failed ('192.168.5.108', 4222)
nats: encountered error
Traceback (most recent call last):
  File "/Users/aaronnosbisch/REPOS/seed/mcp-servers/nats-bridge/venv/lib/python3.14/site-packages/nats/aio/client.py", line 1400, in _select_next_server
    await self._transport.connect(
    ...<3 lines>...
    )
  File "/Users/aaronnosbisch/REPOS/seed/mcp-servers/nats-bridge/venv/lib/python3.14/site-packages/nats/aio/transport.py", line 123, in connect
    r, w = await asyncio.wait_for(
           ^^^^^^^^^^^^^^^^^^^^^^^
    ...<6 lines>...
    )
    ^
  File "/opt/homebrew/Cellar/python@3.14/3.14.2_1/Frameworks/Python.framework/Versions/3.14/lib/python3.14/asyncio/tasks.py", line 488, in wait_for
    return await fut
           ^^^^^^^^^
  File "/opt/homebrew/Cellar/python@3.14/3.14.2_1/Frameworks/Python.framework/Versions/3.14/lib/python3.14/asyncio/streams.py", line 48, in open_connection
    transport, _ = await loop.create_connection(
                   ^^^^^^^^^^^^^^^^^^^^^^^^^^^^^
        lambda: protocol, host, port, **kwds)
        ^^^^^^^^^^^^^^^^^^^^^^^^^^^^^^^^^^^^^
  File "/opt/homebrew/Cellar/python@3.14/3.14.2_1/Frameworks/Python.framework/Versions/3.14/lib/python3.14/asyncio/base_events.py", line 1168, in create_connection
    raise exceptions[0]
  File "/opt/homebrew/Cellar/python@3.14/3.14.2_1/Frameworks/Python.framework/Versions/3.14/lib/python3.14/asyncio/base_events.py", line 1143, in create_connection
    sock = await self._connect_sock(
           ^^^^^^^^^^^^^^^^^^^^^^^^^
        exceptions, addrinfo, laddr_infos)
        ^^^^^^^^^^^^^^^^^^^^^^^^^^^^^^^^^^
  File "/opt/homebrew/Cellar/python@3.14/3.14.2_1/Frameworks/Python.framework/Versions/3.14/lib/python3.14/asyncio/base_events.py", line 1042, in _connect_sock
    await self.sock_connect(sock, address)
  File "/opt/homebrew/Cellar/python@3.14/3.14.2_1/Frameworks/Python.framework/Versions/3.14/lib/python3.14/asyncio/selector_events.py", line 645, in sock_connect
    return await fut
           ^^^^^^^^^
  File "/opt/homebrew/Cellar/python@3.14/3.14.2_1/Frameworks/Python.framework/Versions/3.14/lib/python3.14/asyncio/selector_events.py", line 685, in _sock_connect_cb
    raise OSError(err, f'Connect call failed {address}')
ConnectionRefusedError: [Errno 61] Connect call failed ('192.168.5.108', 4222)
nats: encountered error
Traceback (most recent call last):
  File "/Users/aaronnosbisch/REPOS/seed/mcp-servers/nats-bridge/venv/lib/python3.14/site-packages/nats/aio/client.py", line 1400, in _select_next_server
    await self._transport.connect(
    ...<3 lines>...
    )
  File "/Users/aaronnosbisch/REPOS/seed/mcp-servers/nats-bridge/venv/lib/python3.14/site-packages/nats/aio/transport.py", line 123, in connect
    r, w = await asyncio.wait_for(
           ^^^^^^^^^^^^^^^^^^^^^^^
    ...<6 lines>...
    )
    ^
  File "/opt/homebrew/Cellar/python@3.14/3.14.2_1/Frameworks/Python.framework/Versions/3.14/lib/python3.14/asyncio/tasks.py", line 488, in wait_for
    return await fut
           ^^^^^^^^^
  File "/opt/homebrew/Cellar/python@3.14/3.14.2_1/Frameworks/Python.framework/Versions/3.14/lib/python3.14/asyncio/streams.py", line 48, in open_connection
    transport, _ = await loop.create_connection(
                   ^^^^^^^^^^^^^^^^^^^^^^^^^^^^^
        lambda: protocol, host, port, **kwds)
        ^^^^^^^^^^^^^^^^^^^^^^^^^^^^^^^^^^^^^
  File "/opt/homebrew/Cellar/python@3.14/3.14.2_1/Frameworks/Python.framework/Versions/3.14/lib/python3.14/asyncio/base_events.py", line 1168, in create_connection
    raise exceptions[0]
  File "/opt/homebrew/Cellar/python@3.14/3.14.2_1/Frameworks/Python.framework/Versions/3.14/lib/python3.14/asyncio/base_events.py", line 1143, in create_connection
    sock = await self._connect_sock(
           ^^^^^^^^^^^^^^^^^^^^^^^^^
        exceptions, addrinfo, laddr_infos)
        ^^^^^^^^^^^^^^^^^^^^^^^^^^^^^^^^^^
  File "/opt/homebrew/Cellar/python@3.14/3.14.2_1/Frameworks/Python.framework/Versions/3.14/lib/python3.14/asyncio/base_events.py", line 1042, in _connect_sock
    await self.sock_connect(sock, address)
  File "/opt/homebrew/Cellar/python@3.14/3.14.2_1/Frameworks/Python.framework/Versions/3.14/lib/python3.14/asyncio/selector_events.py", line 645, in sock_connect
    return await fut
           ^^^^^^^^^
  File "/opt/homebrew/Cellar/python@3.14/3.14.2_1/Frameworks/Python.framework/Versions/3.14/lib/python3.14/asyncio/selector_events.py", line 685, in _sock_connect_cb
    raise OSError(err, f'Connect call failed {address}')
ConnectionRefusedError: [Errno 61] Connect call failed ('192.168.5.108', 4222)
nats: encountered error
Traceback (most recent call last):
  File "/Users/aaronnosbisch/REPOS/seed/mcp-servers/nats-bridge/venv/lib/python3.14/site-packages/nats/aio/client.py", line 1400, in _select_next_server
    await self._transport.connect(
    ...<3 lines>...
    )
  File "/Users/aaronnosbisch/REPOS/seed/mcp-servers/nats-bridge/venv/lib/python3.14/site-packages/nats/aio/transport.py", line 123, in connect
    r, w = await asyncio.wait_for(
           ^^^^^^^^^^^^^^^^^^^^^^^
    ...<6 lines>...
    )
    ^
  File "/opt/homebrew/Cellar/python@3.14/3.14.2_1/Frameworks/Python.framework/Versions/3.14/lib/python3.14/asyncio/tasks.py", line 488, in wait_for
    return await fut
           ^^^^^^^^^
  File "/opt/homebrew/Cellar/python@3.14/3.14.2_1/Frameworks/Python.framework/Versions/3.14/lib/python3.14/asyncio/streams.py", line 48, in open_connection
    transport, _ = await loop.create_connection(
                   ^^^^^^^^^^^^^^^^^^^^^^^^^^^^^
        lambda: protocol, host, port, **kwds)
        ^^^^^^^^^^^^^^^^^^^^^^^^^^^^^^^^^^^^^
  File "/opt/homebrew/Cellar/python@3.14/3.14.2_1/Frameworks/Python.framework/Versions/3.14/lib/python3.14/asyncio/base_events.py", line 1168, in create_connection
    raise exceptions[0]
  File "/opt/homebrew/Cellar/python@3.14/3.14.2_1/Frameworks/Python.framework/Versions/3.14/lib/python3.14/asyncio/base_events.py", line 1143, in create_connection
    sock = await self._connect_sock(
           ^^^^^^^^^^^^^^^^^^^^^^^^^
        exceptions, addrinfo, laddr_infos)
        ^^^^^^^^^^^^^^^^^^^^^^^^^^^^^^^^^^
  File "/opt/homebrew/Cellar/python@3.14/3.14.2_1/Frameworks/Python.framework/Versions/3.14/lib/python3.14/asyncio/base_events.py", line 1042, in _connect_sock
    await self.sock_connect(sock, address)
  File "/opt/homebrew/Cellar/python@3.14/3.14.2_1/Frameworks/Python.framework/Versions/3.14/lib/python3.14/asyncio/selector_events.py", line 645, in sock_connect
    return await fut
           ^^^^^^^^^
  File "/opt/homebrew/Cellar/python@3.14/3.14.2_1/Frameworks/Python.framework/Versions/3.14/lib/python3.14/asyncio/selector_events.py", line 685, in _sock_connect_cb
    raise OSError(err, f'Connect call failed {address}')
ConnectionRefusedError: [Errno 61] Connect call failed ('192.168.5.108', 4222)
nats: encountered error
Traceback (most recent call last):
  File "/Users/aaronnosbisch/REPOS/seed/mcp-servers/nats-bridge/venv/lib/python3.14/site-packages/nats/aio/client.py", line 1400, in _select_next_server
    await self._transport.connect(
    ...<3 lines>...
    )
  File "/Users/aaronnosbisch/REPOS/seed/mcp-servers/nats-bridge/venv/lib/python3.14/site-packages/nats/aio/transport.py", line 123, in connect
    r, w = await asyncio.wait_for(
           ^^^^^^^^^^^^^^^^^^^^^^^
    ...<6 lines>...
    )
    ^
  File "/opt/homebrew/Cellar/python@3.14/3.14.2_1/Frameworks/Python.framework/Versions/3.14/lib/python3.14/asyncio/tasks.py", line 488, in wait_for
    return await fut
           ^^^^^^^^^
  File "/opt/homebrew/Cellar/python@3.14/3.14.2_1/Frameworks/Python.framework/Versions/3.14/lib/python3.14/asyncio/streams.py", line 48, in open_connection
    transport, _ = await loop.create_connection(
                   ^^^^^^^^^^^^^^^^^^^^^^^^^^^^^
        lambda: protocol, host, port, **kwds)
        ^^^^^^^^^^^^^^^^^^^^^^^^^^^^^^^^^^^^^
  File "/opt/homebrew/Cellar/python@3.14/3.14.2_1/Frameworks/Python.framework/Versions/3.14/lib/python3.14/asyncio/base_events.py", line 1168, in create_connection
    raise exceptions[0]
  File "/opt/homebrew/Cellar/python@3.14/3.14.2_1/Frameworks/Python.framework/Versions/3.14/lib/python3.14/asyncio/base_events.py", line 1143, in create_connection
    sock = await self._connect_sock(
           ^^^^^^^^^^^^^^^^^^^^^^^^^
        exceptions, addrinfo, laddr_infos)
        ^^^^^^^^^^^^^^^^^^^^^^^^^^^^^^^^^^
  File "/opt/homebrew/Cellar/python@3.14/3.14.2_1/Frameworks/Python.framework/Versions/3.14/lib/python3.14/asyncio/base_events.py", line 1042, in _connect_sock
    await self.sock_connect(sock, address)
  File "/opt/homebrew/Cellar/python@3.14/3.14.2_1/Frameworks/Python.framework/Versions/3.14/lib/python3.14/asyncio/selector_events.py", line 645, in sock_connect
    return await fut
           ^^^^^^^^^
  File "/opt/homebrew/Cellar/python@3.14/3.14.2_1/Frameworks/Python.framework/Versions/3.14/lib/python3.14/asyncio/selector_events.py", line 685, in _sock_connect_cb
    raise OSError(err, f'Connect call failed {address}')
ConnectionRefusedError: [Errno 61] Connect call failed ('192.168.5.108', 4222)
nats: encountered error
Traceback (most recent call last):
  File "/Users/aaronnosbisch/REPOS/seed/mcp-servers/nats-bridge/venv/lib/python3.14/site-packages/nats/aio/client.py", line 1400, in _select_next_server
    await self._transport.connect(
    ...<3 lines>...
    )
  File "/Users/aaronnosbisch/REPOS/seed/mcp-servers/nats-bridge/venv/lib/python3.14/site-packages/nats/aio/transport.py", line 123, in connect
    r, w = await asyncio.wait_for(
           ^^^^^^^^^^^^^^^^^^^^^^^
    ...<6 lines>...
    )
    ^
  File "/opt/homebrew/Cellar/python@3.14/3.14.2_1/Frameworks/Python.framework/Versions/3.14/lib/python3.14/asyncio/tasks.py", line 488, in wait_for
    return await fut
           ^^^^^^^^^
  File "/opt/homebrew/Cellar/python@3.14/3.14.2_1/Frameworks/Python.framework/Versions/3.14/lib/python3.14/asyncio/streams.py", line 48, in open_connection
    transport, _ = await loop.create_connection(
                   ^^^^^^^^^^^^^^^^^^^^^^^^^^^^^
        lambda: protocol, host, port, **kwds)
        ^^^^^^^^^^^^^^^^^^^^^^^^^^^^^^^^^^^^^
  File "/opt/homebrew/Cellar/python@3.14/3.14.2_1/Frameworks/Python.framework/Versions/3.14/lib/python3.14/asyncio/base_events.py", line 1168, in create_connection
    raise exceptions[0]
  File "/opt/homebrew/Cellar/python@3.14/3.14.2_1/Frameworks/Python.framework/Versions/3.14/lib/python3.14/asyncio/base_events.py", line 1143, in create_connection
    sock = await self._connect_sock(
           ^^^^^^^^^^^^^^^^^^^^^^^^^
        exceptions, addrinfo, laddr_infos)
        ^^^^^^^^^^^^^^^^^^^^^^^^^^^^^^^^^^
  File "/opt/homebrew/Cellar/python@3.14/3.14.2_1/Frameworks/Python.framework/Versions/3.14/lib/python3.14/asyncio/base_events.py", line 1042, in _connect_sock
    await self.sock_connect(sock, address)
  File "/opt/homebrew/Cellar/python@3.14/3.14.2_1/Frameworks/Python.framework/Versions/3.14/lib/python3.14/asyncio/selector_events.py", line 645, in sock_connect
    return await fut
           ^^^^^^^^^
  File "/opt/homebrew/Cellar/python@3.14/3.14.2_1/Frameworks/Python.framework/Versions/3.14/lib/python3.14/asyncio/selector_events.py", line 685, in _sock_connect_cb
    raise OSError(err, f'Connect call failed {address}')
ConnectionRefusedError: [Errno 61] Connect call failed ('192.168.5.108', 4222)
nats: encountered error
Traceback (most recent call last):
  File "/Users/aaronnosbisch/REPOS/seed/mcp-servers/nats-bridge/venv/lib/python3.14/site-packages/nats/aio/client.py", line 1400, in _select_next_server
    await self._transport.connect(
    ...<3 lines>...
    )
  File "/Users/aaronnosbisch/REPOS/seed/mcp-servers/nats-bridge/venv/lib/python3.14/site-packages/nats/aio/transport.py", line 123, in connect
    r, w = await asyncio.wait_for(
           ^^^^^^^^^^^^^^^^^^^^^^^
    ...<6 lines>...
    )
    ^
  File "/opt/homebrew/Cellar/python@3.14/3.14.2_1/Frameworks/Python.framework/Versions/3.14/lib/python3.14/asyncio/tasks.py", line 488, in wait_for
    return await fut
           ^^^^^^^^^
  File "/opt/homebrew/Cellar/python@3.14/3.14.2_1/Frameworks/Python.framework/Versions/3.14/lib/python3.14/asyncio/streams.py", line 48, in open_connection
    transport, _ = await loop.create_connection(
                   ^^^^^^^^^^^^^^^^^^^^^^^^^^^^^
        lambda: protocol, host, port, **kwds)
        ^^^^^^^^^^^^^^^^^^^^^^^^^^^^^^^^^^^^^
  File "/opt/homebrew/Cellar/python@3.14/3.14.2_1/Frameworks/Python.framework/Versions/3.14/lib/python3.14/asyncio/base_events.py", line 1168, in create_connection
    raise exceptions[0]
  File "/opt/homebrew/Cellar/python@3.14/3.14.2_1/Frameworks/Python.framework/Versions/3.14/lib/python3.14/asyncio/base_events.py", line 1143, in create_connection
    sock = await self._connect_sock(
           ^^^^^^^^^^^^^^^^^^^^^^^^^
        exceptions, addrinfo, laddr_infos)
        ^^^^^^^^^^^^^^^^^^^^^^^^^^^^^^^^^^
  File "/opt/homebrew/Cellar/python@3.14/3.14.2_1/Frameworks/Python.framework/Versions/3.14/lib/python3.14/asyncio/base_events.py", line 1042, in _connect_sock
    await self.sock_connect(sock, address)
  File "/opt/homebrew/Cellar/python@3.14/3.14.2_1/Frameworks/Python.framework/Versions/3.14/lib/python3.14/asyncio/selector_events.py", line 645, in sock_connect
    return await fut
           ^^^^^^^^^
  File "/opt/homebrew/Cellar/python@3.14/3.14.2_1/Frameworks/Python.framework/Versions/3.14/lib/python3.14/asyncio/selector_events.py", line 685, in _sock_connect_cb
    raise OSError(err, f'Connect call failed {address}')
ConnectionRefusedError: [Errno 61] Connect call failed ('192.168.5.108', 4222)
nats: encountered error
Traceback (most recent call last):
  File "/Users/aaronnosbisch/REPOS/seed/mcp-servers/nats-bridge/venv/lib/python3.14/site-packages/nats/aio/client.py", line 1400, in _select_next_server
    await self._transport.connect(
    ...<3 lines>...
    )
  File "/Users/aaronnosbisch/REPOS/seed/mcp-servers/nats-bridge/venv/lib/python3.14/site-packages/nats/aio/transport.py", line 123, in connect
    r, w = await asyncio.wait_for(
           ^^^^^^^^^^^^^^^^^^^^^^^
    ...<6 lines>...
    )
    ^
  File "/opt/homebrew/Cellar/python@3.14/3.14.2_1/Frameworks/Python.framework/Versions/3.14/lib/python3.14/asyncio/tasks.py", line 488, in wait_for
    return await fut
           ^^^^^^^^^
  File "/opt/homebrew/Cellar/python@3.14/3.14.2_1/Frameworks/Python.framework/Versions/3.14/lib/python3.14/asyncio/streams.py", line 48, in open_connection
    transport, _ = await loop.create_connection(
                   ^^^^^^^^^^^^^^^^^^^^^^^^^^^^^
        lambda: protocol, host, port, **kwds)
        ^^^^^^^^^^^^^^^^^^^^^^^^^^^^^^^^^^^^^
  File "/opt/homebrew/Cellar/python@3.14/3.14.2_1/Frameworks/Python.framework/Versions/3.14/lib/python3.14/asyncio/base_events.py", line 1168, in create_connection
    raise exceptions[0]
  File "/opt/homebrew/Cellar/python@3.14/3.14.2_1/Frameworks/Python.framework/Versions/3.14/lib/python3.14/asyncio/base_events.py", line 1143, in create_connection
    sock = await self._connect_sock(
           ^^^^^^^^^^^^^^^^^^^^^^^^^
        exceptions, addrinfo, laddr_infos)
        ^^^^^^^^^^^^^^^^^^^^^^^^^^^^^^^^^^
  File "/opt/homebrew/Cellar/python@3.14/3.14.2_1/Frameworks/Python.framework/Versions/3.14/lib/python3.14/asyncio/base_events.py", line 1042, in _connect_sock
    await self.sock_connect(sock, address)
  File "/opt/homebrew/Cellar/python@3.14/3.14.2_1/Frameworks/Python.framework/Versions/3.14/lib/python3.14/asyncio/selector_events.py", line 645, in sock_connect
    return await fut
           ^^^^^^^^^
  File "/opt/homebrew/Cellar/python@3.14/3.14.2_1/Frameworks/Python.framework/Versions/3.14/lib/python3.14/asyncio/selector_events.py", line 685, in _sock_connect_cb
    raise OSError(err, f'Connect call failed {address}')
ConnectionRefusedError: [Errno 61] Connect call failed ('192.168.5.108', 4222)
nats: encountered error
Traceback (most recent call last):
  File "/Users/aaronnosbisch/REPOS/seed/mcp-servers/nats-bridge/venv/lib/python3.14/site-packages/nats/aio/client.py", line 1400, in _select_next_server
    await self._transport.connect(
    ...<3 lines>...
    )
  File "/Users/aaronnosbisch/REPOS/seed/mcp-servers/nats-bridge/venv/lib/python3.14/site-packages/nats/aio/transport.py", line 123, in connect
    r, w = await asyncio.wait_for(
           ^^^^^^^^^^^^^^^^^^^^^^^
    ...<6 lines>...
    )
    ^
  File "/opt/homebrew/Cellar/python@3.14/3.14.2_1/Frameworks/Python.framework/Versions/3.14/lib/python3.14/asyncio/tasks.py", line 488, in wait_for
    return await fut
           ^^^^^^^^^
  File "/opt/homebrew/Cellar/python@3.14/3.14.2_1/Frameworks/Python.framework/Versions/3.14/lib/python3.14/asyncio/streams.py", line 48, in open_connection
    transport, _ = await loop.create_connection(
                   ^^^^^^^^^^^^^^^^^^^^^^^^^^^^^
        lambda: protocol, host, port, **kwds)
        ^^^^^^^^^^^^^^^^^^^^^^^^^^^^^^^^^^^^^
  File "/opt/homebrew/Cellar/python@3.14/3.14.2_1/Frameworks/Python.framework/Versions/3.14/lib/python3.14/asyncio/base_events.py", line 1168, in create_connection
    raise exceptions[0]
  File "/opt/homebrew/Cellar/python@3.14/3.14.2_1/Frameworks/Python.framework/Versions/3.14/lib/python3.14/asyncio/base_events.py", line 1143, in create_connection
    sock = await self._connect_sock(
           ^^^^^^^^^^^^^^^^^^^^^^^^^
        exceptions, addrinfo, laddr_infos)
        ^^^^^^^^^^^^^^^^^^^^^^^^^^^^^^^^^^
  File "/opt/homebrew/Cellar/python@3.14/3.14.2_1/Frameworks/Python.framework/Versions/3.14/lib/python3.14/asyncio/base_events.py", line 1042, in _connect_sock
    await self.sock_connect(sock, address)
  File "/opt/homebrew/Cellar/python@3.14/3.14.2_1/Frameworks/Python.framework/Versions/3.14/lib/python3.14/asyncio/selector_events.py", line 645, in sock_connect
    return await fut
           ^^^^^^^^^
  File "/opt/homebrew/Cellar/python@3.14/3.14.2_1/Frameworks/Python.framework/Versions/3.14/lib/python3.14/asyncio/selector_events.py", line 685, in _sock_connect_cb
    raise OSError(err, f'Connect call failed {address}')
ConnectionRefusedError: [Errno 61] Connect call failed ('192.168.5.108', 4222)
nats: encountered error
Traceback (most recent call last):
  File "/Users/aaronnosbisch/REPOS/seed/mcp-servers/nats-bridge/venv/lib/python3.14/site-packages/nats/aio/client.py", line 1400, in _select_next_server
    await self._transport.connect(
    ...<3 lines>...
    )
  File "/Users/aaronnosbisch/REPOS/seed/mcp-servers/nats-bridge/venv/lib/python3.14/site-packages/nats/aio/transport.py", line 123, in connect
    r, w = await asyncio.wait_for(
           ^^^^^^^^^^^^^^^^^^^^^^^
    ...<6 lines>...
    )
    ^
  File "/opt/homebrew/Cellar/python@3.14/3.14.2_1/Frameworks/Python.framework/Versions/3.14/lib/python3.14/asyncio/tasks.py", line 488, in wait_for
    return await fut
           ^^^^^^^^^
  File "/opt/homebrew/Cellar/python@3.14/3.14.2_1/Frameworks/Python.framework/Versions/3.14/lib/python3.14/asyncio/streams.py", line 48, in open_connection
    transport, _ = await loop.create_connection(
                   ^^^^^^^^^^^^^^^^^^^^^^^^^^^^^
        lambda: protocol, host, port, **kwds)
        ^^^^^^^^^^^^^^^^^^^^^^^^^^^^^^^^^^^^^
  File "/opt/homebrew/Cellar/python@3.14/3.14.2_1/Frameworks/Python.framework/Versions/3.14/lib/python3.14/asyncio/base_events.py", line 1168, in create_connection
    raise exceptions[0]
  File "/opt/homebrew/Cellar/python@3.14/3.14.2_1/Frameworks/Python.framework/Versions/3.14/lib/python3.14/asyncio/base_events.py", line 1143, in create_connection
    sock = await self._connect_sock(
           ^^^^^^^^^^^^^^^^^^^^^^^^^
        exceptions, addrinfo, laddr_infos)
        ^^^^^^^^^^^^^^^^^^^^^^^^^^^^^^^^^^
  File "/opt/homebrew/Cellar/python@3.14/3.14.2_1/Frameworks/Python.framework/Versions/3.14/lib/python3.14/asyncio/base_events.py", line 1042, in _connect_sock
    await self.sock_connect(sock, address)
  File "/opt/homebrew/Cellar/python@3.14/3.14.2_1/Frameworks/Python.framework/Versions/3.14/lib/python3.14/asyncio/selector_events.py", line 645, in sock_connect
    return await fut
           ^^^^^^^^^
  File "/opt/homebrew/Cellar/python@3.14/3.14.2_1/Frameworks/Python.framework/Versions/3.14/lib/python3.14/asyncio/selector_events.py", line 685, in _sock_connect_cb
    raise OSError(err, f'Connect call failed {address}')
ConnectionRefusedError: [Errno 61] Connect call failed ('192.168.5.108', 4222)
nats: encountered error
Traceback (most recent call last):
  File "/Users/aaronnosbisch/REPOS/seed/mcp-servers/nats-bridge/venv/lib/python3.14/site-packages/nats/aio/client.py", line 1400, in _select_next_server
    await self._transport.connect(
    ...<3 lines>...
    )
  File "/Users/aaronnosbisch/REPOS/seed/mcp-servers/nats-bridge/venv/lib/python3.14/site-packages/nats/aio/transport.py", line 123, in connect
    r, w = await asyncio.wait_for(
           ^^^^^^^^^^^^^^^^^^^^^^^
    ...<6 lines>...
    )
    ^
  File "/opt/homebrew/Cellar/python@3.14/3.14.2_1/Frameworks/Python.framework/Versions/3.14/lib/python3.14/asyncio/tasks.py", line 488, in wait_for
    return await fut
           ^^^^^^^^^
  File "/opt/homebrew/Cellar/python@3.14/3.14.2_1/Frameworks/Python.framework/Versions/3.14/lib/python3.14/asyncio/streams.py", line 48, in open_connection
    transport, _ = await loop.create_connection(
                   ^^^^^^^^^^^^^^^^^^^^^^^^^^^^^
        lambda: protocol, host, port, **kwds)
        ^^^^^^^^^^^^^^^^^^^^^^^^^^^^^^^^^^^^^
  File "/opt/homebrew/Cellar/python@3.14/3.14.2_1/Frameworks/Python.framework/Versions/3.14/lib/python3.14/asyncio/base_events.py", line 1168, in create_connection
    raise exceptions[0]
  File "/opt/homebrew/Cellar/python@3.14/3.14.2_1/Frameworks/Python.framework/Versions/3.14/lib/python3.14/asyncio/base_events.py", line 1143, in create_connection
    sock = await self._connect_sock(
           ^^^^^^^^^^^^^^^^^^^^^^^^^
        exceptions, addrinfo, laddr_infos)
        ^^^^^^^^^^^^^^^^^^^^^^^^^^^^^^^^^^
  File "/opt/homebrew/Cellar/python@3.14/3.14.2_1/Frameworks/Python.framework/Versions/3.14/lib/python3.14/asyncio/base_events.py", line 1042, in _connect_sock
    await self.sock_connect(sock, address)
  File "/opt/homebrew/Cellar/python@3.14/3.14.2_1/Frameworks/Python.framework/Versions/3.14/lib/python3.14/asyncio/selector_events.py", line 645, in sock_connect
    return await fut
           ^^^^^^^^^
  File "/opt/homebrew/Cellar/python@3.14/3.14.2_1/Frameworks/Python.framework/Versions/3.14/lib/python3.14/asyncio/selector_events.py", line 685, in _sock_connect_cb
    raise OSError(err, f'Connect call failed {address}')
ConnectionRefusedError: [Errno 61] Connect call failed ('192.168.5.108', 4222)
nats: encountered error
Traceback (most recent call last):
  File "/Users/aaronnosbisch/REPOS/seed/mcp-servers/nats-bridge/venv/lib/python3.14/site-packages/nats/aio/client.py", line 1400, in _select_next_server
    await self._transport.connect(
    ...<3 lines>...
    )
  File "/Users/aaronnosbisch/REPOS/seed/mcp-servers/nats-bridge/venv/lib/python3.14/site-packages/nats/aio/transport.py", line 123, in connect
    r, w = await asyncio.wait_for(
           ^^^^^^^^^^^^^^^^^^^^^^^
    ...<6 lines>...
    )
    ^
  File "/opt/homebrew/Cellar/python@3.14/3.14.2_1/Frameworks/Python.framework/Versions/3.14/lib/python3.14/asyncio/tasks.py", line 488, in wait_for
    return await fut
           ^^^^^^^^^
  File "/opt/homebrew/Cellar/python@3.14/3.14.2_1/Frameworks/Python.framework/Versions/3.14/lib/python3.14/asyncio/streams.py", line 48, in open_connection
    transport, _ = await loop.create_connection(
                   ^^^^^^^^^^^^^^^^^^^^^^^^^^^^^
        lambda: protocol, host, port, **kwds)
        ^^^^^^^^^^^^^^^^^^^^^^^^^^^^^^^^^^^^^
  File "/opt/homebrew/Cellar/python@3.14/3.14.2_1/Frameworks/Python.framework/Versions/3.14/lib/python3.14/asyncio/base_events.py", line 1168, in create_connection
    raise exceptions[0]
  File "/opt/homebrew/Cellar/python@3.14/3.14.2_1/Frameworks/Python.framework/Versions/3.14/lib/python3.14/asyncio/base_events.py", line 1143, in create_connection
    sock = await self._connect_sock(
           ^^^^^^^^^^^^^^^^^^^^^^^^^
        exceptions, addrinfo, laddr_infos)
        ^^^^^^^^^^^^^^^^^^^^^^^^^^^^^^^^^^
  File "/opt/homebrew/Cellar/python@3.14/3.14.2_1/Frameworks/Python.framework/Versions/3.14/lib/python3.14/asyncio/base_events.py", line 1042, in _connect_sock
    await self.sock_connect(sock, address)
  File "/opt/homebrew/Cellar/python@3.14/3.14.2_1/Frameworks/Python.framework/Versions/3.14/lib/python3.14/asyncio/selector_events.py", line 645, in sock_connect
    return await fut
           ^^^^^^^^^
  File "/opt/homebrew/Cellar/python@3.14/3.14.2_1/Frameworks/Python.framework/Versions/3.14/lib/python3.14/asyncio/selector_events.py", line 685, in _sock_connect_cb
    raise OSError(err, f'Connect call failed {address}')
ConnectionRefusedError: [Errno 61] Connect call failed ('192.168.5.108', 4222)
nats: encountered error
Traceback (most recent call last):
  File "/Users/aaronnosbisch/REPOS/seed/mcp-servers/nats-bridge/venv/lib/python3.14/site-packages/nats/aio/client.py", line 1400, in _select_next_server
    await self._transport.connect(
    ...<3 lines>...
    )
  File "/Users/aaronnosbisch/REPOS/seed/mcp-servers/nats-bridge/venv/lib/python3.14/site-packages/nats/aio/transport.py", line 123, in connect
    r, w = await asyncio.wait_for(
           ^^^^^^^^^^^^^^^^^^^^^^^
    ...<6 lines>...
    )
    ^
  File "/opt/homebrew/Cellar/python@3.14/3.14.2_1/Frameworks/Python.framework/Versions/3.14/lib/python3.14/asyncio/tasks.py", line 488, in wait_for
    return await fut
           ^^^^^^^^^
  File "/opt/homebrew/Cellar/python@3.14/3.14.2_1/Frameworks/Python.framework/Versions/3.14/lib/python3.14/asyncio/streams.py", line 48, in open_connection
    transport, _ = await loop.create_connection(
                   ^^^^^^^^^^^^^^^^^^^^^^^^^^^^^
        lambda: protocol, host, port, **kwds)
        ^^^^^^^^^^^^^^^^^^^^^^^^^^^^^^^^^^^^^
  File "/opt/homebrew/Cellar/python@3.14/3.14.2_1/Frameworks/Python.framework/Versions/3.14/lib/python3.14/asyncio/base_events.py", line 1168, in create_connection
    raise exceptions[0]
  File "/opt/homebrew/Cellar/python@3.14/3.14.2_1/Frameworks/Python.framework/Versions/3.14/lib/python3.14/asyncio/base_events.py", line 1143, in create_connection
    sock = await self._connect_sock(
           ^^^^^^^^^^^^^^^^^^^^^^^^^
        exceptions, addrinfo, laddr_infos)
        ^^^^^^^^^^^^^^^^^^^^^^^^^^^^^^^^^^
  File "/opt/homebrew/Cellar/python@3.14/3.14.2_1/Frameworks/Python.framework/Versions/3.14/lib/python3.14/asyncio/base_events.py", line 1042, in _connect_sock
    await self.sock_connect(sock, address)
  File "/opt/homebrew/Cellar/python@3.14/3.14.2_1/Frameworks/Python.framework/Versions/3.14/lib/python3.14/asyncio/selector_events.py", line 645, in sock_connect
    return await fut
           ^^^^^^^^^
  File "/opt/homebrew/Cellar/python@3.14/3.14.2_1/Frameworks/Python.framework/Versions/3.14/lib/python3.14/asyncio/selector_events.py", line 685, in _sock_connect_cb
    raise OSError(err, f'Connect call failed {address}')
ConnectionRefusedError: [Errno 61] Connect call failed ('192.168.5.108', 4222)
nats: encountered error
Traceback (most recent call last):
  File "/Users/aaronnosbisch/REPOS/seed/mcp-servers/nats-bridge/venv/lib/python3.14/site-packages/nats/aio/client.py", line 1400, in _select_next_server
    await self._transport.connect(
    ...<3 lines>...
    )
  File "/Users/aaronnosbisch/REPOS/seed/mcp-servers/nats-bridge/venv/lib/python3.14/site-packages/nats/aio/transport.py", line 123, in connect
    r, w = await asyncio.wait_for(
           ^^^^^^^^^^^^^^^^^^^^^^^
    ...<6 lines>...
    )
    ^
  File "/opt/homebrew/Cellar/python@3.14/3.14.2_1/Frameworks/Python.framework/Versions/3.14/lib/python3.14/asyncio/tasks.py", line 488, in wait_for
    return await fut
           ^^^^^^^^^
  File "/opt/homebrew/Cellar/python@3.14/3.14.2_1/Frameworks/Python.framework/Versions/3.14/lib/python3.14/asyncio/streams.py", line 48, in open_connection
    transport, _ = await loop.create_connection(
                   ^^^^^^^^^^^^^^^^^^^^^^^^^^^^^
        lambda: protocol, host, port, **kwds)
        ^^^^^^^^^^^^^^^^^^^^^^^^^^^^^^^^^^^^^
  File "/opt/homebrew/Cellar/python@3.14/3.14.2_1/Frameworks/Python.framework/Versions/3.14/lib/python3.14/asyncio/base_events.py", line 1168, in create_connection
    raise exceptions[0]
  File "/opt/homebrew/Cellar/python@3.14/3.14.2_1/Frameworks/Python.framework/Versions/3.14/lib/python3.14/asyncio/base_events.py", line 1143, in create_connection
    sock = await self._connect_sock(
           ^^^^^^^^^^^^^^^^^^^^^^^^^
        exceptions, addrinfo, laddr_infos)
        ^^^^^^^^^^^^^^^^^^^^^^^^^^^^^^^^^^
  File "/opt/homebrew/Cellar/python@3.14/3.14.2_1/Frameworks/Python.framework/Versions/3.14/lib/python3.14/asyncio/base_events.py", line 1042, in _connect_sock
    await self.sock_connect(sock, address)
  File "/opt/homebrew/Cellar/python@3.14/3.14.2_1/Frameworks/Python.framework/Versions/3.14/lib/python3.14/asyncio/selector_events.py", line 645, in sock_connect
    return await fut
           ^^^^^^^^^
  File "/opt/homebrew/Cellar/python@3.14/3.14.2_1/Frameworks/Python.framework/Versions/3.14/lib/python3.14/asyncio/selector_events.py", line 685, in _sock_connect_cb
    raise OSError(err, f'Connect call failed {address}')
ConnectionRefusedError: [Errno 61] Connect call failed ('192.168.5.108', 4222)
nats: encountered error
Traceback (most recent call last):
  File "/Users/aaronnosbisch/REPOS/seed/mcp-servers/nats-bridge/venv/lib/python3.14/site-packages/nats/aio/client.py", line 1400, in _select_next_server
    await self._transport.connect(
    ...<3 lines>...
    )
  File "/Users/aaronnosbisch/REPOS/seed/mcp-servers/nats-bridge/venv/lib/python3.14/site-packages/nats/aio/transport.py", line 123, in connect
    r, w = await asyncio.wait_for(
           ^^^^^^^^^^^^^^^^^^^^^^^
    ...<6 lines>...
    )
    ^
  File "/opt/homebrew/Cellar/python@3.14/3.14.2_1/Frameworks/Python.framework/Versions/3.14/lib/python3.14/asyncio/tasks.py", line 488, in wait_for
    return await fut
           ^^^^^^^^^
  File "/opt/homebrew/Cellar/python@3.14/3.14.2_1/Frameworks/Python.framework/Versions/3.14/lib/python3.14/asyncio/streams.py", line 48, in open_connection
    transport, _ = await loop.create_connection(
                   ^^^^^^^^^^^^^^^^^^^^^^^^^^^^^
        lambda: protocol, host, port, **kwds)
        ^^^^^^^^^^^^^^^^^^^^^^^^^^^^^^^^^^^^^
  File "/opt/homebrew/Cellar/python@3.14/3.14.2_1/Frameworks/Python.framework/Versions/3.14/lib/python3.14/asyncio/base_events.py", line 1168, in create_connection
    raise exceptions[0]
  File "/opt/homebrew/Cellar/python@3.14/3.14.2_1/Frameworks/Python.framework/Versions/3.14/lib/python3.14/asyncio/base_events.py", line 1143, in create_connection
    sock = await self._connect_sock(
           ^^^^^^^^^^^^^^^^^^^^^^^^^
        exceptions, addrinfo, laddr_infos)
        ^^^^^^^^^^^^^^^^^^^^^^^^^^^^^^^^^^
  File "/opt/homebrew/Cellar/python@3.14/3.14.2_1/Frameworks/Python.framework/Versions/3.14/lib/python3.14/asyncio/base_events.py", line 1042, in _connect_sock
    await self.sock_connect(sock, address)
  File "/opt/homebrew/Cellar/python@3.14/3.14.2_1/Frameworks/Python.framework/Versions/3.14/lib/python3.14/asyncio/selector_events.py", line 645, in sock_connect
    return await fut
           ^^^^^^^^^
  File "/opt/homebrew/Cellar/python@3.14/3.14.2_1/Frameworks/Python.framework/Versions/3.14/lib/python3.14/asyncio/selector_events.py", line 685, in _sock_connect_cb
    raise OSError(err, f'Connect call failed {address}')
ConnectionRefusedError: [Errno 61] Connect call failed ('192.168.5.108', 4222)
[2026-02-05 11:32:07] SENT TO ARŌ: (◉) *HOURLY UPDATE*

*Instance Activity (last hour...
[2026-02-05 11:32:07] Sent hourly update
[2026-02-05 12:32:08] SENT TO ARŌ: (◉) *HOURLY UPDATE*

*Instance Activity (last hour...
[2026-02-05 12:32:08] Sent hourly update
